:020000040800F2
:1000000000000520791200085D1100086111000848
:1000100065110008691100086D110008000000005A
:100020000000000000000000000000007111000846
:100030007511000800000000791100087D1100080A
:10004000C9120008C9120008C9120008C912000824
:10005000C9120008C9120008C9120008C912000814
:10006000C9120008C9120008C9120008811100084D
:10007000C9120008C9120008C9120008C9120008F4
:10008000C9120008C91200088D110008C912000821
:10009000C9120008C9120008C9120008C9120008D4
:1000A000C9120008C9120008C9120008C9120008C4
:1000B000C9120008C9120008C9120008C9120008B4
:1000C000C9120008C9120008C9120008C9120008A4
:1000D000C9120008C9120008C9120008C912000894
:1000E00099110008C9120008C9120008C9120008B5
:1000F000C9120008C9120008C9120008C912000874
:10010000C9120008C9120008C9120008C912000863
:10011000C9120008C9120008C9120008C912000853
:10012000C9120008C9120008C9120008C912000843
:10013000C9120008C9120008C9120008C912000833
:10014000C9120008A1110008C9120008C91200084C
:10015000C9120008C9120008C9120008C912000813
:10016000C9120008C9120008C9120008C912000803
:10017000C9120008C9120008C912000800000000D6
:10018000C9120008C9120008C9120008C9120008E3
:10019000C9120008C9120008C9120008C9120008D3
:0C01A000C9120008C9120008000000008D
:1001B00010B5054C237833B9044B13B10448AFF3A1
:1001C00000800123237010BDD80100200000000032
:1001D000D486000808B5034B1BB103490348AFF3AD
:1001E000008008BD00000000DC010020D48600086B
:1001F00001F0FF01102A2BDB10F0070F08D010F8D8
:10020000013B013A8B422DD010F0070F42B3F6D1DB
:10021000F0B441EA012141EA014122F007047FF0F4
:1002200000070023F0E80256083C85EA010586EA4B
:10023000010685FA47F5A3FA87F586FA47F6A5FA87
:1002400087F68EB9EED1F0BC01F0FF0102F0070293
:1002500032B110F8013B013A83EA010313B1F8D13E
:100260000020704701387047002D06BF354603381F
:10027000073815F0010F07D1013015F4807F02BF58
:10028000013015F4C03F0130F0BC0138704700BFA9
:10029000034613F8012B002AFBD1181A01387047C6
:1002A00081F0004102E000BF83F0004330B54FEA27
:1002B00041044FEA430594EA050F08BF90EA020F94
:1002C0001FBF54EA000C55EA020C7FEA645C7FEA27
:1002D000655C00F0E2804FEA5454D4EB5555B8BF4A
:1002E0006D420CDD2C4480EA020281EA030382EABB
:1002F000000083EA010180EA020281EA0303362D4D
:1003000088BF30BD11F0004F4FEA01314FF4801C1F
:100310004CEA113102D0404261EB410113F0004F31
:100320004FEA03334CEA133302D0524263EB4303E8
:1003300094EA050F00F0A780A4F10104D5F1200E86
:100340000DDB02FA0EFC22FA05F2801841F10001E1
:1003500003FA0EF2801843FA05F359410EE0A5F1B5
:1003600020050EF1200E012A03FA0EFC28BF4CF0E6
:10037000020C43FA05F3C01851EBE37101F000459C
:1003800007D54FF0000EDCF1000C7EEB00006EEBA9
:100390000101B1F5801F1BD3B1F5001F0CD3490833
:1003A0005FEA30004FEA3C0C04F101044FEA44528A
:1003B00012F5800F80F09A80BCF1004F08BF5FEA11
:1003C000500C50F1000041EB045141EA050130BDF1
:1003D0005FEA4C0C404141EB0101013C28BFB1F503
:1003E000801FE9D291F0000F04BF01460020B1FA4E
:1003F00081F308BF2033A3F10B03B3F120020CDA21
:100400000C3208DD02F1140CC2F10C0201FA0CF0FE
:1004100021FA02F10CE002F11402D8BFC2F1200C63
:1004200001FA02F120FA0CFCDCBF41EA0C01904019
:10043000E41AA2BF01EB0451294330BD6FEA040462
:100440001F3C1CDA0C340EDC04F11404C4F120024D
:1004500020FA04F001FA02F340EA030021FA04F35F
:1004600045EA030130BDC4F10C04C4F1200220FAB6
:1004700002F001FA04F340EA0300294630BD21FAF4
:1004800004F0294630BD94F0000F83F4801306BFBA
:1004900081F480110134013D4EE77FEA645C18BFAE
:1004A0007FEA655C29D094EA050F08BF90EA020F45
:1004B00005D054EA000C04BF1946104630BD91EA3D
:1004C000030F1EBF0021002030BD5FEA545C05D140
:1004D0004000494128BF41F0004130BD14F580047F
:1004E0003CBF01F5801130BD01F0004545F0FE41F3
:1004F00041F470014FF0000030BD7FEA645C1ABF28
:10050000194610467FEA655C1CBF0B46024650EA5E
:10051000013406BF52EA033591EA030F41F400218A
:1005200030BD00BF90F0000F04BF0021704730B510
:100530004FF4806404F132044FF000054FF00001E5
:1005400050E700BF90F0000F04BF0021704730B5A6
:100550004FF4806404F1320410F0004548BF40427B
:100560004FF000013EE700BF42004FEAE2014FEAD0
:1005700031014FEA02701FBF12F07F4393F07F4FAB
:1005800081F06051704732F07F4208BF704793F0AE
:100590007F4F04BF41F40021704730B54FF46074C1
:1005A00001F0004521F000411CE700BF50EA0102C4
:1005B00008BF704730B54FF000050AE050EA01026D
:1005C00008BF704730B511F0004502D5404261EBDD
:1005D00041014FF4806404F132045FEA915C3FF41E
:1005E000D8AE4FF003025FEADC0C18BF03325FEABB
:1005F000DC0C18BF033202EBDC02C2F1200300FA6C
:1006000003FC20FA02F001FA03FE40EA0E0021FA90
:1006100002F11444BDE600BF70B54FF0FF0C4CF47E
:10062000E06C1CEA11541DBF1CEA135594EA0C0F30
:1006300095EA0C0F00F0DEF82C4481EA030621EA6B
:100640004C5123EA4C5350EA013518BF52EA0335A6
:1006500041F4801143F4801338D0A0FB02CE4FF058
:100660000005E1FB02E506F00042E0FB03E54FF088
:100670000006E1FB03569CF0000F18BF4EF0010E80
:10068000A4F1FF04B6F5007F64F5407404D25FEA7C
:100690004E0E6D4146EB060642EAC62141EA55512F
:1006A0004FEAC52040EA5E504FEACE2EB4F1FD0C71
:1006B00088BFBCF5E06F1ED8BEF1004F08BF5FEAEF
:1006C000500E50F1000041EB045170BD06F00046A1
:1006D00046EA010140EA020081EA0301B4EB5C044E
:1006E000C2BFD4EB0C0541EA045170BD41F4801146
:1006F0004FF0000E013C00F3AB8014F1360FDEBF6B
:10070000002001F0004170BDC4F10004203C35DA46
:100710000C341BDC04F11404C4F1200500FA05F3C9
:1007200020FA04F001FA05F240EA020001F000426A
:1007300021F0004110EBD37021FA04F642EB0601E0
:100740005EEA430E08BF20EAD37070BDC4F10C040A
:10075000C4F1200500FA04F320FA05F001FA04F2CE
:1007600040EA020001F0004110EBD37041F10001BA
:100770005EEA430E08BF20EAD37070BDC4F12005C5
:1007800000FA05F24EEA020E20FA04F301FA05F22D
:1007900043EA020321FA04F001F0004121FA04F2D5
:1007A00020EA020000EBD3705EEA430E08BF20EAA5
:1007B000D37070BD94F0000F0FD101F000464000DF
:1007C00041EB010111F4801F08BF013CF7D041EA61
:1007D000060195F0000F18BF704703F00046520065
:1007E00043EB030313F4801F08BF013DF7D043EA36
:1007F0000603704794EA0C0F0CEA135518BF95EAEC
:100800000C0F0CD050EA410618BF52EA4306D1D172
:1008100081EA030101F000414FF0000070BD50EA91
:10082000410606BF1046194652EA430619D094EA1B
:100830000C0F02D150EA013613D195EA0C0F05D105
:1008400052EA03361CBF104619460AD181EA030159
:1008500001F0004141F0FE4141F470014FF0000011
:1008600070BD41F0FE4141F4780170BD70B54FF0AC
:10087000FF0C4CF4E06C1CEA11541DBF1CEA13552C
:1008800094EA0C0F95EA0C0F00F0A7F8A4EB05040E
:1008900081EA030E52EA03354FEA013100F0888005
:1008A0004FEA03334FF0805545EA131343EA1263CE
:1008B0004FEA022245EA111545EA10654FEA002683
:1008C0000EF000419D4208BF964244F1FD0404F53C
:1008D000407402D25B084FEA3202B61A65EB030598
:1008E0005B084FEA32024FF480104FF4002CB6EB55
:1008F000020E75EB030E22BFB61A754640EA0C00D5
:100900005B084FEA3202B6EB020E75EB030E22BF14
:10091000B61A754640EA5C005B084FEA3202B6EB55
:10092000020E75EB030E22BFB61A754640EA9C0014
:100930005B084FEA3202B6EB020E75EB030E22BFE4
:10094000B61A754640EADC0055EA060E18D04FEAA2
:10095000051545EA16754FEA06164FEAC30343EA42
:1009600052734FEAC2025FEA1C1CC0D111F4801F0F
:100970000BD141EA00014FF000004FF0004CB6E708
:1009800011F4801F04BF01430020B4F1FD0C88BFA7
:10099000BCF5E06F3FF6AFAEB5EB030C04BFB6EBB2
:1009A000020C5FEA500C50F1000041EB045170BDA5
:1009B0000EF0004E4EEA113114EB5C04C2BFD4EBD2
:1009C0000C0541EA045170BD41F480114FF0000E56
:1009D000013C90E645EA060E8DE60CEA135594EAD2
:1009E0000C0F08BF95EA0C0F3FF43BAF94EA0C0FD5
:1009F0000AD150EA01347FF434AF95EA0C0F7FF44A
:100A000025AF104619462CE795EA0C0F06D152EA9D
:100A100003353FF4FDAE1046194622E750EA410681
:100A200018BF52EA43067FF4C5AE50EA41047FF492
:100A30000DAF52EA43057FF4EBAE12E74FF0FF3CF7
:100A400006E000BF4FF0010C02E000BF4FF0010CC8
:100A50004DF804CD4FEA410C7FEA6C5C4FEA430C41
:100A600018BF7FEA6C5C1BD001B050EA410C0CBF90
:100A700052EA430C91EA030F02BF90EA020F0020F2
:100A8000704710F1000F91EA030F58BF994208BF59
:100A900090422CBFD8176FEAE37040F00100704716
:100AA0004FEA410C7FEA6C5C02D150EA013C07D16D
:100AB0004FEA430C7FEA6C5CD6D152EA033CD3D0B8
:100AC0005DF8040B704700BF8446104662468C46B2
:100AD0001946634600E000BF01B5FFF7B7FF0028E5
:100AE00048BF10F1000F01BD4DF808EDFFF7F4FF0E
:100AF0000CBF012000205DF808FB00BF4DF808ED99
:100B0000FFF7EAFF34BF012000205DF808FB00BFBB
:100B10004DF808EDFFF7E0FF94BF012000205DF8DD
:100B200008FB00BF4DF808EDFFF7CEFF94BF012092
:100B300000205DF808FB00BF4DF808EDFFF7C4FF8B
:100B400034BF012000205DF808FB00BF4FEA410CD4
:100B50007FEA6C5C02D150EA013C0AD14FEA430CB7
:100B60007FEA6C5C02D152EA033C02D14FF00000F4
:100B700070474FF0010070474FEA410212F5001232
:100B800015D211D56FF47873B3EB625212D94FEAD4
:100B9000C12343F0004343EA505311F0004F23FABE
:100BA00002F018BF404270474FF00000704750EA13
:100BB000013005D111F0004008BF6FF000407047D0
:100BC0004FF00000704700BF4FEA4102B2F1E0432E
:100BD00024BFB3F5001CDCF1FE5C0DD901F0004C24
:100BE0004FEAC0024CEA5070B2F1004F40EB830074
:100BF00008BF20F00100704711F0804F21D113F1A0
:100C00003872BCBF01F00040704741F480114FEAD8
:100C10005252C2F11802C2F1200C10FA0CF320FA61
:100C200002F018BF40F001004FEAC1234FEAD3237E
:100C300003FA0CFC40EA0C0023FA02F34FEA4303E8
:100C4000CCE77FEA625307D150EA01331EBF4FF071
:100C5000FE4040F44000704701F0004040F0FE408C
:100C600040F40000704700BF53B94AB9002908BFDB
:100C700000281CBF4FF0FF314FF0FF3000F070B97B
:100C8000ADF1080C6DE904CE00F006F8DDF804E0E3
:100C9000DDE9022304B070472DE9F047089E0D46B8
:100CA00004460F46002B4AD18A42944665D9B2FACF
:100CB00082F343B102FA03FCC3F120029F4020FA01
:100CC00002F217439C404FEA1C4E1FFA8CF5B7FB0B
:100CD000FEF1220C0EFB117742EA074201FB05F000
:100CE00090420AD91CEB020201F1FF3780F01C810F
:100CF000904240F2198102396244121AA4B2B2FB46
:100D0000FEF00EFB102244EA024400FB05F5A5426A
:100D10000AD91CEB040400F1FF3280F00781A542E0
:100D200040F204816444023840EA0140641B00211F
:100D30001EB1DC400023C6E90043BDE8F0878B42CA
:100D400008D9002E00F0ED800021C6E90005084614
:100D5000BDE8F087B3FA83F1002949D1AB4202D351
:100D6000824200F2F880841A65EB030201201746E4
:100D7000002EE2D0C6E90047DFE702B9FFDEB2FA93
:100D800082F3002B40F090808A1A4FEA1C471FFA2A
:100D90008CFE0121B2FBF7F507FB1520220C42EA7D
:100DA00000420EFB05F0904208D91CEB020205F14F
:100DB000FF3802D2904200F2CB804546121AA4B20C
:100DC000B2FBF7F007FB102244EA02440EFB00FEE0
:100DD000A64508D91CEB040400F1FF3202D2A64557
:100DE00000F2BB801046A4EB0E0440EA05409FE7EA
:100DF000C1F120078B4022FA07FC4CEA030C05FAEC
:100E000001F420FA07F3FD404FEA1C492343B5FBE8
:100E1000F9F81FFA8CFE09FB18551C0C44EA05442E
:100E200008FB0EF5A54202FA01F200FA01F00BD917
:100E30001CEB040408F1FF3A80F08880A54240F2E0
:100E40008580A8F102086444641B9DB2B4FBF9F3E9
:100E500009FB134445EA044403FB0EFEA64508D9EA
:100E60001CEB040403F1FF356CD2A6456AD9023BA2
:100E7000644443EA0843A3FB0295A4EB0E04AC428E
:100E8000C846AE4656D353D056B1B0EB080264EB19
:100E90000E0404FA07F7CA40CC401743C6E90074B1
:100EA00018460021BDE8F087C3F1200102FA03FCD7
:100EB00020FA01F225FA01F19D402A434FEA1C472E
:100EC0001FFA8CFEB1FBF7F007FB1015110C41EA7D
:100ED000054100FB0EF58D4204FA03F408D91CEB22
:100EE000010100F1FF382FD28D422DD90238614423
:100EF000491B92B2B1FBF7F507FB151142EA01421B
:100F000005FB0EF1914208D91CEB020205F1FF38F6
:100F100016D2914214D9023D6244521A45EA004168
:100F200038E73146304608E73946E6E61046FBE644
:100F30004845A9D2B9EB020865EB0C0E013BA3E7CB
:100F40004546EAE72B4694E74046D1E7D0467BE7A3
:100F5000023D624432E708460AE76444023842E749
:100F6000704700BF0A4B1A6E42F001021A661A6EF1
:100F700082B002F001020092009A9A6D42F0805213
:100F80009A659B6D03F080530193019B02B07047FB
:100F90000010024010B50446A4B08C22002101A824
:100FA00005F006FC134B22689A4201D024B010BD14
:100FB0004FF400724FF4802301A80192199302F0BC
:100FC000CBFE98B90C4B996D41F0004199659B6D32
:100FD00003F000430022012100934120009B01F017
:100FE00083FD412001F0BEFD24B010BD04F0FCFDE6
:100FF000E8E700BF007C0040001002400000000055
:1010000010B50446AAB000218C2207A8CDE9021130
:10101000CDE90411069105F0CBFB1D4B22689A42E5
:1010200001D02AB010BD202307A8079302F094FE38
:1010300020BB184BDA6D42F00102DA65DA6D02F07E
:1010400001020092009ADA6C42F04002DA64DB6C32
:1010500003F040030193019B02F0D8F89FED0A7B57
:1010600000220323CDE904230B48082302A98DEDB8
:10107000027B069301F0ECFD2AB010BD04F0B4FD34
:10108000D7E700BFAFF3008080010000020000003E
:10109000008000400010024000180048074B026822
:1010A0009A4200D07047064A0648D36D23F00103E8
:1010B0004FF4C071D36501F0D3BE00BF0080004083
:1010C0000010024000180048094B02689A4200D004
:1010D000704703F5033382B09A6D42F002029A65BD
:1010E0009B6D03F002030193019B02B0704700BFA8
:1010F000000400400000000000B5174A016889B0F4
:1011000000239142CDE90233CDE90433069302D0A6
:1011100009B05DF804FB03F1804303F504339FED50
:101120000C7BDA6C42F00102DA64DB6C03F0010341
:10113000019302A902234FF090408DED027B019AAA
:10114000069301F085FD09B05DF804FBAFF3008064
:10115000800000000200000000040040FEE700BF25
:10116000FEE700BFFEE700BFFEE700BFFEE700BFEF
:10117000704700BF704700BF704700BF01F05EBB03
:10118000014801F017BD00BF64060220014801F0CC
:101190006DBB00BFFC0102204FF4006001F016BFE0
:1011A000014801F08BBF00BFAC0602200120704750
:1011B00008B505F009FB162303604FF0FF3008BDAA
:1011C00008B505F001FB16230360FEE770B5161E97
:1011D00007DD0C468D19AFF3008004F8010BA54222
:1011E000F9D1304670BD00BF70B5161E07DD0C4644
:1011F0008D1914F8010B04F035FDAC42F9D13046DD
:1012000070BD00BF4FF0FF30704700BF4FF4005378
:101210004B600020704700BF0120704700207047DE
:101220000C490D4A0B6810B50C4C121B2BB118441D
:10123000904207D80860184610BD094B0B6018444F
:101240009042F7D905F0C0FA0C2303604FF0FF334A
:10125000184610BDF4010020000005200004000025
:1012600008090220034AD2F8883043F47003C2F818
:101270008830704700ED00E0DFF834D0FFF7F2FF70
:101280000C480D490D4A002302E0D458C4500433E1
:10129000C4188C42F9D30A4A0A4C002301E01360B7
:1012A0000432A242FBD305F095FA04F051FAFEE7AE
:1012B0000000052000000020D40100200CB302082B
:1012C000D801002008090220FEE700002DE9F047C0
:1012D0005FEA93091FD014464F468E468446DCF8D9
:1012E0000060DEF800A0DCF80450DEF804800CF1A9
:1012F000080C0EF1080E96FA1AF6266095FA18F503
:10130000013F656004F10804E9D100EBC90001EB7D
:10131000C90102EBC90213F0030318D0B0F9004071
:10132000B1F9005094FA15F4013B14800FD0B0F9D4
:101330000240B1F9025094FA15F4012B548006D002
:10134000B0F90430B1F9041093FA11F39380BDE8B9
:10135000F08700BF10B5940827D000F1100C01F100
:101360001003A6465CED047A77EE807A0CF1100C3F
:1013700043ED047A5CED077A77EE807ABEF1010ED8
:1013800043ED037A5CED067A77EE807A03F1100381
:1013900043ED067A5CED057A77EE807A43ED057AC7
:1013A000E0D100EB041001EB041112F0030215D0A0
:1013B000D0ED007A77EE807A013AC1ED007A0DD057
:1013C000D0ED017A77EE807A012AC1ED017A05D05D
:1013D000D0ED027A77EE807AC1ED027A10BD00BFBF
:1013E00010B5940827D000F1100C01F11003A646A7
:1013F0001CED036A1CED027A5CED017A5CED046A77
:1014000020EE066A20EE077A60EE277A66EE806AA2
:10141000BEF1010E03ED036A43ED046A03ED027AA7
:1014200043ED017A0CF1100C03F11003E0D100EB55
:10143000041001EB041112F0030215D0D0ED007A74
:1014400067EE807A013AC1ED007A0DD0D0ED017AD5
:1014500067EE807A012AC1ED017A05D0D0ED027ADB
:1014600067EE807AC1ED027A10BD00BF00292DE938
:10147000F0414FEA93064DDB7EB300F1080E1446AF
:1014800035463EF908CC3EF9067C0CFA01FC0CF31B
:101490000F0C1FFA8CFC8F4007F30F074CEA074C28
:1014A000C4F800C03EF904CC3EF9027C0CFA01FC01
:1014B0000CF30F0C1FFA8CFC8F40013D07F30F0754
:1014C0004CEA074CC4F804C00EF1080E04F10804FD
:1014D000D7D100EBC60002EBC60213F0030317D00E
:1014E000B0F90040013B04FA01F404F30F04148046
:1014F0000ED0B0F90240012B04FA01F404F30F04FA
:10150000548005D0B0F904308B4003F30F0393806F
:10151000BDE8F08146B3C1F1000C00F108051746A3
:10152000B64635F9084C35F9068C44FA0CF448FAFD
:101530000CF8A4B244EA08443C6035F9044C35F98F
:10154000028C44FA0CF4A4B248FA0CF844EA0844B9
:10155000BEF1010E7C6005F1080507F10807E0D136
:1015600000EBC60002EBC60213F00303D0D0B0F9C3
:10157000004049420C41013B1480C9D0B0F90240FF
:10158000012B44FA01F45480C2D0B0F904300B416D
:101590009380BDE8F08100BF2DE9F0475FEA930931
:1015A0001FD014464F468E468446DCF80060DEF8B5
:1015B00000A0DCF80450DEF804800CF1080C0EF1F9
:1015C000080ED6FA1AF62660D5FA18F5013F6560BE
:1015D00004F10804E9D100EBC90001EBC90102EBF9
:1015E000C90213F0030318D0B0F90040B1F900505C
:1015F000D4FA15F4013B14800FD0B0F90240B1F9D0
:101600000250D4FA15F4012B548006D0B0F90430FE
:10161000B1F90410D3FA11F39380BDE8F08700BF4D
:101620002DE9F04F5FEA920983B0174606468846D7
:101630003BD001F10805CB4604460DF1040A2068B1
:1016400020FB00F05146400800F03EF9BDF906309D
:1016500025F8083C606820FB00F05146400800F087
:1016600033F9BDF9063025F8063CA06820FB00F0F0
:101670005146400800F028F9BDF9062025F8042C51
:10168000E368103423FB03F35808514600F01CF9BB
:10169000BDF9063025F8023CBBF1010B05F1080548
:1016A000CDD106EB091608EBC90817F0030711D0D6
:1016B00006EB87070DF1040A56F8040B20FB00F037
:1016C0005146400800F000F9BDF9063028F8023B09
:1016D000BE42F1D103B0BDE8F08F00BF2DE9F04765
:1016E0009F0864D014463E460D468646D5F800A0B5
:1016F000DEF80080DEF8049018FB0AFC4FEAEC3CB0
:1017000018FB2AF80CF30F0C1FFA8CFC4FEAE83890
:1017100008F30F084CEA084CC4F800C01AFB29FC77
:101720004FEAEC3C19FB3AF90CF30F0C1FFA8CFC56
:101730004FEAE93909F30F094CEA094CC4F804C02F
:10174000D5F80490DEF808A0DEF80C801AFB09FC3E
:101750004FEAEC3C1AFB29FA0CF30F0C1FFA8CFC35
:101760004FEAEA3A0AF30F0A4CEA0A4CC4F808C0F6
:1017700019FB28FC10344FEAEC3C18FB39F80CF349
:101780000F0C1FFA8CFC4FEAE838013E08F30F08F3
:101790004CEA084C0EF1100E05F1080544F804CC93
:1017A000A4D100EB071001EBC70102EB071213F005
:1017B000030335D0B1F90050048814FB05F4E41399
:1017C00004F30F0414804488013B14FB05F44FEA32
:1017D000E43404F30F04548022D0B1F90250848819
:1017E00014FB05F4E41304F30F049480C488012B64
:1017F00014FB05F44FEAE43404F30F04D4800FD053
:10180000B1F90410038913FB01F3DB1303F30F0396
:101810001381438913FB01F3DB1303F30F0353819C
:10182000BDE8F0879FED237ADFED236AF5EE007ABD
:10183000E0EE077AB4EEE60AF1EE10FABDEEE77AD2
:1018400004D517EE103A013B07EE103AB8EEC77A0E
:10185000DFED1A6A77EEC77A67EEA67ABCEEE77A12
:1018600017EE103A9BB2B3F5007F1AD207EE103A8A
:10187000B8EE477A591C37EEC70A114AF7EE006AEC
:1018800002EB810137EE267AD1ED006A02EB83028A
:1018900037EE677A20EE260AD2ED007AA7EE270A05
:1018A000704777EEE67A9FED077AB0EE670A01217E
:1018B0000023E2E783F9223EDB0FC9BF00000044AA
:1018C000304501080000000000285CDDB0FA80FC13
:1018D00030B50CF1FF3E1EF0010416BFACF102035F
:1018E00000FA0EF098408316294A083B52F823303C
:1018F00083FB0325120F42EA051280FB0225D20F5B
:1019000042EA4502C2F1405282FB0325530F43EAEB
:10191000C50383FB0325120F42EA051280FB022553
:10192000D20F42EA4502C2F1405282FB0325530F17
:1019300043EAC50383FB0325120F42EA051280FB2D
:101940000225D20F42EA4502C2F1405282FB032334
:10195000520F42EAC30280FB0202000F40EA02106B
:1019600054B1ACF1020C0CEBDC7C4FEA6C0C40FA8D
:101970000CF30B60002030BD4FEA6E0E40FA0EF300
:101980000B60002030BD00234FF0FF300B6070472C
:10199000344D01082DE9F043074601F1FF385FEAB5
:1019A000980937F902CB4BD009F101060A30B6008D
:1019B0004FF0040E002530F9084CA445B8BFA446EA
:1019C00030F9064CB8BFAEF10305A445B8BFA44634
:1019D00030F9044CB8BFAEF10205A445A8BF644677
:1019E00030F902CCB8BF0EF1FF356445B8BF75467B
:1019F0000EF1040EA8BFA446764500F10800DAD126
:101A000007EBC90718F0030015D0B7F9004064458B
:101A1000C4BFA4460D1A01380DD0B7F90240A44541
:101A2000BCBF0D1AA446012805D0B7F904108C4597
:101A3000BCBF45468C46A2F800C01D60BDE8F083DF
:101A40004D46DFE770B5960836D000F1100C01F175
:101A5000080335461CED046A5CED036A1CED027A4E
:101A60005CED017ABEEEE86AFEEEE86ABEEEE87A68
:101A7000FEEEE87A013D16EE104A04F30F0E0CF16B
:101A8000100C23F808EC16EE904A04F30F0417EE3E
:101A900090EA0EF30F0E23F8064C23F802EC17EE33
:101AA000104A04F30F0403F1080323F80C4CD1D1BE
:101AB00001EBC60100EB061012F003021ED0D0EDC0
:101AC000007AFEEEE87A013A17EE903A03F30F033C
:101AD0000B8013D0D0ED017AFEEEE87A012A17EEE2
:101AE000903A03F30F034B8008D0D0ED027AFEEE5C
:101AF000E87A17EE903A03F30F038B8070BD00BFB6
:101B000029B32DE9F0414FF0000E961C32F81EC0AB
:101B100036F81E304FEA9C0C9B0830F81C7030F8E9
:101B2000138020F81C804FEA4C055C0020F81370ED
:101B300005F1020CA31C0EF1020E30F80C40C55A40
:101B400020F80C508E45C452E0D3BDE8F0817047B8
:101B5000B1F5807F31D018D9B1F5006F25D00CD9FF
:101B6000B1F5805F1ED1164B018099898181D3E93F
:101B70000132C0E9013200207047B1F5007F16D074
:101B8000B1F5806F0ED10F4BEEE7402911D003D98C
:101B9000802907D10C4BE7E710290CD0202901D16F
:101BA0000A4BE1E74FF0FF307047094BDCE7094B88
:101BB000DAE7094BD8E7094BD6E7094BD4E700BF72
:101BC000E4AD010884AD010894AD0108D4AD01086D
:101BD000B4AD0108F4AD010804AE0108A4AD0108DC
:101BE000C4AD01082DE9F04F4D0881B0164600EB59
:101BF000410749D00446DFF8AC8096463846214676
:101C00002A464FF0000C5EF8043BD1F8009099FA98
:101C10002CF9D0F800B09BFA2CFBD9FA1BFA99FAF0
:101C20002BF941F8049B23FB0AF943FB1AF303EA5F
:101C3000080343EA1943013A40F8043BE3D129463B
:101C400002233246204600F0FDF83846294602239A
:101C5000324600F0F7F804EBC5052046B0F9004025
:101C6000B0F90210B0F90420B0F906306400490060
:101C700052005B00048041808280C380083085422E
:101C8000ECD101B0BDE8F08F2946022300F0DAF86C
:101C9000022332462946384601B0BDE8F04F00F035
:101CA000D1B800BF0000FFFF2DE9F04F4D0881B013
:101CB000164600EB410749D00446DFF8AC80964653
:101CC000384621462A464FF0000C5EF8043BD1F816
:101CD000009099FA2CF9D0F800B09BFA2CFBD9FAB5
:101CE0001BFA99FA2BF941F8049B43FB0AF923FBF1
:101CF0001AF303EA080343EA1943013A40F8043BA4
:101D0000E3D1294602233246204600F041FA384604
:101D100029460223324600F03BFA04EBC505204673
:101D2000B0F90040B0F90210B0F90420B0F9063063
:101D30006400490052005B00048041808280C380BF
:101D400008308542ECD101B0BDE8F08F294602236E
:101D500000F01EFA022332462946384601B0BDE89B
:101D6000F04F00F015BA00BF0000FFFF012A70B568
:101D7000B0F800C004460E461D4635D0BCF5807F45
:101D80002BD008D9BCF5006F1BD020D9BCF5805FE3
:101D900023D04DB970BDBCF1400F1ED00BD9BCF1A2
:101DA000800F0ED0002DF5D0A268A1893046BDE885
:101DB0007040FFF7A5BEBCF1100F0ED0BCF1200F94
:101DC000E7D1626861463046FFF70CFFE1E7BCF5FA
:101DD000007FF6D0BCF5806FDBD1626801236146DD
:101DE000304600F02FF8D4E7BCF5807F22D007D929
:101DF000BCF5006F12D017D9BCF5805FC9D119E0CE
:101E0000BCF1400F16D003D9BCF1800F06D0C0E75B
:101E1000BCF1100F0ED0BCF1200FBAD16268614640
:101E20003046FFF741FFB4E7BCF5007FF6D0BCF5C4
:101E3000806FAED1626801236146304600F0A8F998
:101E4000A7E700BF2DE9F04F93B0012B019110924D
:101E50000A464FEA9101119122F0030100EB41047F
:101E60000F90024600930844214440F02181109FC6
:101E7000C64E0F9DDDF844A0BB46BC460023D5F8F6
:101E8000009099FA23F999FA23F9226892FA23F239
:101E900092FA23F299FA12FED9FA12F9026892FA2A
:101EA00023F292FA23F2D1F8008098FA23F898FAF4
:101EB00023F892FA18F29EFA22F845F8048BDEFA1B
:101EC00012F25BF808EB2EFB02F84EFB12FE0268E2
:101ED00092FA23F292FA23F20EEA060E4EEA184E16
:101EE00040F804EBD1F800E09EFA23FE9EFA23FEB0
:101EF000D2FA1EF2A9FA12F8E9FA12F957F8042BED
:101F000022FB09FE42FB19F2324042EA1E4244F82B
:101F1000042B5CF80C2B22FB08FE42FB18F232402B
:101F200042EA1E42BAF1010A41F8042BA7D1119AE4
:101F3000009B042A4FEA830340F22481DFF84CB26D
:101F40000E920E9902910A469700019A89088A42D8
:101F500028BF0A460C9203EB430292000D929A00AE
:101F6000DB0009920B930F9A109B0893CDE906337F
:101F700088000592002302EBC1020E910A900492A0
:101F80000393089B059AD3F800A0079BDDF80CE0AB
:101F9000D3F80090069BCDF800E0D3F800800A9BB0
:101FA00016469818049A1546991832682C6892FAC1
:101FB00014F3D2FA14F20468D1F800C094FA1CF4B5
:101FC00093FA24FC4FF0000E9CFA2EFCC6F800C0D9
:101FD0003E44D3FA24F329FB03F449FB13F303EA49
:101FE0000B0343EA1443046803600B683844D4FAD3
:101FF00013F3A2FA23F4E2FA23F32AFB03F24AFBD7
:1020000013F303EA0B0343EA12432B603D4428FB1E
:1020100004F348FB14F404EA0B04009A44EA134462
:10202000029B0C601A44019B009293423944BCD835
:10203000DDE908210A4408920B99079A039B0A4498
:1020400007920D99069A0A440692059A043205925F
:10205000049A043204920C9A01339342039390D36E
:102060000E9A099B042A3FF66CAF119E0F9B1A68CB
:1020700059689F68DC6892FA17F091FA14F590FAA3
:1020800025F51D6091FA14F5D0FA25F05860D2FAC2
:1020900017F2D1FA14F1E2FA21F09860A2FA21F2D3
:1020A000013EDA6003F11003E1D113B0BDE8F08F17
:1020B0000025364EDDF84490109F9C4690462B46F6
:1020C000D8F800B09BFA23FB9BFA23FB226892FA14
:1020D00023F292FA23F29BFA12FEDBFA12FB026859
:1020E00092FA23F292FA23F2D1F800A09AFA23FA94
:1020F0009AFA23FA92FA1AF29EFA22FA48F804ABF4
:10210000DEFA12F257F835E02EFB02FA4EFB12FE11
:10211000026892FA23F292FA23F20EEA060E4EEACF
:102120001A4E40F804EBD1F800E09EFA23FE9EFA26
:1021300023FED2FA1EF2ABFA12FAEBFA12FB57F8B0
:10214000252022FB0BFE42FB1BF2324042EA1E42DC
:1021500044F8042B05EB450257F8222022FB0AFE27
:1021600042FB1AF2324042EA1E42B9F1010941F83B
:10217000042B6544A4D1119A009B042A4FEA8303DF
:102180003FF6DCAE0F9B164671E700BF0000FFFF75
:102190002DE9F04F93B0012B019110920A464FEABE
:1021A0009101119122F0030100EB41040F900246CE
:1021B00000930844214440F02181109FC64E0F9D9A
:1021C000DDF844A0BB46BC460023D5F8009099FA40
:1021D00023F999FA23F9226892FA23F292FA23F268
:1021E00099FA12FED9FA12F9026892FA23F292FAD7
:1021F00023F2D1F8008098FA23F898FA23F892FA9B
:1022000018F29EFA22F845F8048BDEFA12F25BF817
:1022100008EB4EFB02F82EFB12FE026892FA23F244
:1022200092FA23F20EEA060E4EEA184E40F804EB3C
:10223000D1F800E09EFA23FE9EFA23FED2FA1EF2A7
:10224000E9FA12F8A9FA12F957F8042B42FB09FE31
:1022500022FB19F2324042EA1E4244F8042B5CF899
:102260000C2B42FB08FE22FB18F2324042EA1E42CF
:10227000BAF1010A41F8042BA7D1119A009B042A54
:102280004FEA830340F22481DFF84CB20E920E999C
:1022900002910A469700019A89088A4228BF0A4695
:1022A0000C9203EB430292000D929A00DB0009921C
:1022B0000B930F9A109B0893CDE906338800059283
:1022C000002302EBC1020E910A9004920393089B33
:1022D000059AD3F800A0079BDDF80CE0D3F8009036
:1022E000069BCDF800E0D3F800800A9B16469818AC
:1022F000049A1546991832682C6892FA14F3D2FAA7
:1023000014F20468D1F800C094FA1CF493FA24FC87
:102310004FF0000E9CFA2EFCC6F800C03E44D3FAE3
:1023200024F349FB03F429FB13F303EA0B0343EA09
:102330001443046803600B683844D4FA13F3E2FAD8
:1023400023F4A2FA23F34AFB03F22AFB13F303EA72
:102350000B0343EA12432B603D4448FB04F328FB84
:1023600014F404EA0B04009A44EA1344029B0C6040
:102370001A44019B009293423944BCD8DDE90821FC
:102380000A4408920B99079A039B0A4407920D99F5
:10239000069A0A440692059A04320592049A043277
:1023A00004920C9A01339342039390D30E9A099BA3
:1023B000042A3FF66CAF119E0F9B1A6859689F68FC
:1023C000DC6892FA17F091FA14F590FA25F51D6081
:1023D00091FA14F5D0FA25F05860D2FA17F2D1FA32
:1023E00014F1A2FA21F09860E2FA21F2013EDA60DB
:1023F00003F11003E1D113B0BDE8F08F0025364E94
:10240000DDF84490109F9C4690462B46D8F800B0CB
:102410009BFA23FB9BFA23FB226892FA23F292FA9F
:1024200023F29BFA12FEDBFA12FB026892FA23F205
:1024300092FA23F2D1F800A09AFA23FA9AFA23FA30
:1024400092FA1AF29EFA22FA48F804ABDEFA12F275
:1024500057F835E04EFB02FA2EFB12FE026892FAA4
:1024600023F292FA23F20EEA060E4EEA1A4E40F8D2
:1024700004EBD1F800E09EFA23FE9EFA23FED2FA86
:102480001EF2EBFA12FAABFA12FB57F8252042FBC8
:102490000BFE22FB1BF2324042EA1E4244F8042BA0
:1024A00005EB450257F8222042FB0AFE22FB1AF2F6
:1024B000324042EA1E42B9F1010941F8042B654459
:1024C000A4D1119A009B042A4FEA83033FF6DCAEA5
:1024D0000F9B164671E700BF0000FFFFB1F5007FBC
:1024E00030B45BD021D9B1F5805F3AD010D9B1F5C5
:1024F000005F32D12D4C0160C4602D492D4C012567
:102500000271437185600461416130BC00207047F5
:10251000B1F5806F2CD0B1F5006F1ED1234C016056
:10252000C4602549234C0425EAE7802927D009D92E
:10253000B1F5807F11D11D4C0160C4601F491D4C55
:102540002025DDE7202921D0402906D1174C016044
:10255000C4601B49174C8025D2E74FF0FF3030BCD8
:102560007047124C0160C4601649124C0225C7E73F
:102570000E4C0160C46014490E4C0825C0E70B4C9A
:102580000160C46011490B4C4025B9E7074C01605C
:10259000C4600F49074C4FF48075B1E7034C0160EC
:1025A000C4600C49034C1025AAE700BF30C50008E1
:1025B000E4AD01083005010884AD010894AD0108BF
:1025C000D4AD0108B4AD0108F4AD010804AE0108B2
:1025D000A4AD0108C4AD01082DE9F04F83B001F1AD
:1025E000804E0C9C0D9D0EF1FF3E4FEA8E0604EBD3
:1025F000C10C013902EB850203EB8503019600EB68
:102600008E0E2BD0012DACF1040C00F104043CD152
:102610000C9DACF1040C05F1080854F8045B52F869
:10262000049B45FB09F65EF8047953F804AB27FBDD
:102630000A6647FB1AF725FB19752D1428F8025C6A
:1026400036146D42013928F8046CACF1040CACF876
:102650000A50ACF8086008F10408DED1B0F90210A5
:10266000B0F900300C9C019A5B1A224400215B10E7
:102670009380D180B0F90030B0F90220618013441A
:102680005B10238003B0BDE8F08F4FEA850B0C9DF3
:10269000ACF1040C05F1080854F8045BD2F8009082
:1026A00045FB09F65EF80479D3F800A027FB0A661B
:1026B00047FB1AF725FB19752D1428F8025C361410
:1026C0006D42013928F8046C5B44ACF80460ACF846
:1026D00006505A4408F10408ACF1040CDCD1BDE703
:1026E0002DE9F04F054617462A792C684069012AE2
:1026F00083B00E464FEA54040ED06B79FFF736FBD9
:10270000AB680193D5E90323214600973046FFF7D4
:1027100063FF03B0BDE8F08FD5E90331D5F808C0F9
:1027200006EB840E04B3BCF1010F4FEA8C0BB846E4
:1027300027D15EF804C951F804BB4CFB0BF956F8DD
:1027400004AB53F8042B2AFB02992CFB1BFCCCF1A5
:10275000000C42FB1AC2120C120442EA1942013C5C
:1027600048F8042BE5D12A796B793946FFF7FEFA50
:102770002B683A460121384603B0BDE8F04FFEF71A
:1027800075BE07EE900A5EF804C908684CFB00F9B4
:1027900056F804AB1A682AFB02992CFB10FCCCF10A
:1027A000000C42FB1AC2120C120442EA1942013C0C
:1027B00048F8042B59445B44E5D117EE900AD2E760
:1027C00038B50F4B1B780BB9012038BD0D494FF4BC
:1027D0007A720546B2FBF3F30868B0FBF3F000F041
:1027E000CFF904460028EFD10F2DEDD80246294637
:1027F0004FF0FF3000F078F9034B20461D6038BDE4
:102800000400002000000020080000200A4A13688D
:1028100043F4807310B50320136000F053F90F20C8
:10282000FFF7CEFF10B10124204610BD0446FEF78D
:1028300099FB204610BD00BF00200240034A044B14
:1028400011681B780B441360704700BFF80100202B
:1028500004000020014B1868704700BFF8010020F9
:10286000704700BF704700BF704700BFF8B50368EE
:102870008C4A1D685E689768A907044607F01F0721
:1028800002D5B20700F19F80690779D5720777D525
:10289000A26DD20603D4A26D42F40072A265DA687A
:1028A00012F4406F1CD1804A934200F0DC80DA6859
:1028B000900415D41A68110712D59A68520700F1CE
:1028C000DF805A6822F00C025A60A36D23F48073F3
:1028D000A365A36DDB0403D4A36D43F00103A365DB
:1028E0002046FFF7BDFF23680C221A60A8064DD5CD
:1028F000B1064BD5A26DD10603D4A26D42F40052AD
:10290000A2656949DA6CD8688B4202F0C00268D0CF
:10291000D968D2B98A0100F19E801A68500614D590
:10292000890212D49A68120700F1B3805A6822F023
:1029300060025A60A36D23F48053A365A36DD8058C
:1029400003D4A36D43F00103A365204600F0B0F863
:10295000236860221A60290601D5320654D4E8059E
:1029600001D5F1055BD4AA0501D5B00540D4E9062F
:1029700001D5F2060FD46D0501D570055BD4F8BD05
:102980002807B3D5310783D4A806B1D46A06E2D5A7
:102990007006E0D5AEE7626B32B1002F6CD0414AD1
:1029A000926812F4604F0BD0A36D43F48063A3656B
:1029B000E36D43F00203E3652046FFF755FF23680C
:1029C00010221A60D7E7836DD80603D4A36D43F4B1
:1029D0000063A365204600F073F8236802221A60A2
:1029E00052E7C121F940C90792D43049C96890E73C
:1029F000A36D43F48023A365204600F05FF82368AD
:102A00004FF400721A60B2E7A36D43F48033A365FC
:102A10002046FFF727FF236880221A609FE7A36DF7
:102A200043F40033A365204600F046F823684FF4D2
:102A300080721A6097E7A26D42F48042A265E26D4F
:102A40004FF4806142F00802E26520461960BDE85B
:102A5000F84000F02FB800F4406001F40052024347
:102A60007FF473AF59E740F22122FA40D2073FF5D5
:102A70001EAF0E4AD2681BE7DA68D707A0D593E7E6
:102A8000A36D43F01003A365E36D43F00103E36519
:102A900026E7A36D43F01003A365E36D43F0010344
:102AA000E36552E7000304500001045000000450A5
:102AB000704700BF704700BF704700BF704700BF3E
:102AC000704700BF0749CA6803024FF6FF0003F4CE
:102AD000E0630240134343F0BF6343F40033CB6031
:102AE000704700BF00ED00E01C4BDB68C3F302231E
:102AF00000B5C3F1070EBEF1040F03F1040C28BFAB
:102B00004FF0040EBCF1060F1BD9033B4FF0FF3C06
:102B10000CFA03FC22EA0C024FF0FF3C0CFA0EFC0C
:102B200021EA0C019940002841EA02010CDB00F186
:102B30006040090100F56140C9B280F800135DF8FA
:102B400004FB00221346E7E7054B00F00F000901E4
:102B50000344C9B219765DF804FB00BF00ED00E044
:102B6000FCEC00E0002807DB044A4109012300F0E7
:102B70001F00834042F82130704700BF00E100E0B1
:102B80000138B0F1807F10D210B44FF0E023084C30
:102B900058614FF0F00C84F823C000220721104642
:102BA0009A615DF8044B196170470120704700BFBE
:102BB00000ED00E070B4436C066C056831682C6869
:102BC00003F01C0304229A400A420ED014F0040FB2
:102BD0000BD02B689B0603D42B6823F004032B60D7
:102BE000036B7260CBB170BC184702229A400A4254
:102BF00015D014F0020F12D02B68990606D42B685A
:102C000023F00A032B60012380F82530C36A726029
:102C1000002180F82410002BE5D170BC70470822F9
:102C20009A400A42F9D02207F7D52A68416B22F070
:102C30000E022A60012202FA03F300247360C263C9
:102C400080F8244080F825200029E6D070BC084791
:102C50002DE9F04F0C6885B0002C00F08C804FF00F
:102C6000000CDFF8F4B1DFF8F4A1634688460126D2
:102C70009E4016EA040977D0D8F8045005F0030204
:102C8000511E01297AD9032A40F0B58002FA0CF2CC
:102C9000D143066831400A4315F4403F026063D0D7
:102CA000DBF8602042F00102CBF86020DBF8602006
:102CB00002F001020392039A23F0030202F1804220
:102CC00002F5803203F003069168B6000F27B74083
:102CD000B0F1904F21EA07011FD0584FB84200F0E1
:102CE0009480574FB84200F09580564FB84200F09C
:102CF0008780554FB84200F09780544FB84200F09B
:102D00009880534FB84200F08A80524FB8420CBFAF
:102D10000727082707FA06F631439160DAF80820FA
:102D20006FEA0901EE0254BF0A4049EA0202CAF8FA
:102D30000820DAF80C20AF0254BF0A4049EA020228
:102D4000CAF80C20DAF80420AE0354BF0A4049EA5E
:102D50000202CAF80420DAF80020ED0354BF0A404A
:102D600049EA0202CAF80020013334FA03F20CF1F6
:102D7000020C7FF47CAF05B0BDE8F08FD0F808E01E
:102D8000D8F80C10032707FA0CF72EEA070E01FA01
:102D90000CF141EA0E018160F943476827EA060712
:102DA000C5F300169E403E434660C768D8F80860E9
:102DB0000F4006FA0CF63E43022AC66002FA0CF2F5
:102DC0007FF467AFDF0800EB870703F0070E3E6A6A
:102DD0000096D8F810604FEA8E0E06FA0EF60196AD
:102DE0000F2606FA0EFE009E26EA0E0E019E46EA09
:102DF0000E063E624DE7032101FA0CF1C943D4E708
:102E0000032707FA06F6314387E7012707FA06F694
:102E1000314382E7022707FA06F631437DE70627AA
:102E200007FA06F6314378E7042707FA06F6314336
:102E300073E7052707FA06F631436EE700040048FA
:102E400000080048000C004800100048001400482A
:102E500000180048001C0048001002400004014017
:102E6000002900F099802DE9F04F4C4FDFF8449194
:102E7000DFF844A183B000234FF0010808FA03F201
:102E800012EA010E65D023F0030505F1804505F532
:102E9000803503F00304D5F808C0A4000F26A6402F
:102EA000B0F1904F019606EA0C0C19D0484557D066
:102EB000504558D03A4EB0425FD03A4EB04261D001
:102EC000394EB04254D0394EB04260D0384EB04244
:102ED00014BF4FF0080B4FF0070B0BFA04F400E09F
:102EE0000024A44514D13C68019E24EA0E043C60F1
:102EF0007C6824EA0E047C60FC6824EA0E04FC6012
:102F0000BC6824EA0E04BC60AC6824EA0604AC6029
:102F100005685E000324B44025430560DD0800EB2E
:102F2000850503F0070E2E6A4FEA8E0E4FF00F0C48
:102F30000CFA0EFC26EA0C062E62856825EA0405CA
:102F40008560456825EA02024260C26822EA0402FE
:102F5000C260013331FA03F290D103B0BDE8F08FC3
:102F600008FA04F4BDE74FF0020B0BFA04F4B8E7DB
:102F70004FF0050B0BFA04F4B3E74FF0030B0BFA19
:102F800004F4AEE74FF0040B0BFA04F4A9E74FF09A
:102F9000060B0BFA04F4A4E7704700BF00040140DD
:102FA000000C0048001000480014004800180048B9
:102FB000001C004800040048000800480AB1816174
:102FC00070478162704700BF704700BF044A516973
:102FD000014200D1704708B55061FFF7F5FF08BD09
:102FE00000040140002857D0F8B590F83630044668
:102FF00003F0FF02002B4AD065682068A76A02230D
:1030000084F83630012DC1683ED0B7F5000F3BD0B3
:103010006269266A4FF6FF739A42A36843EA050382
:1030200043EA0603666A18BF21F4604143EA0603D7
:103030001A4E18BF21F0C0013B430E403343DDB1AF
:10304000012D1DD1D4E9031529430B434FF6FF7120
:103050008A4204D0A1690A43E1690A431343104A32
:10306000C3609042E36A04BF226B134303620123EF
:1030700084F836300020F8BDE169256929430B4307
:10308000B7F5000FE2D1DDE721F01E01C0E780F8BF
:103090003520FDF77FFFAFE701207047FEF119FFF4
:1030A000007C0040704700BF704700BF704700BF02
:1030B000704700BF704700BF704700BF03681A68C1
:1030C000D10710B5044602D59A68D2072AD41A68E7
:1030D000900702D59A6891072AD41A68520702D538
:1030E0009A6850072BD41A68110702D59A681207FC
:1030F0002CD41A68D00602D59A68D1062DD41A6845
:10310000920602D59A6890062ED41A68510602D506
:103110009A68520600D410BD40225A602046FFF73C
:10312000CBFF10BD01225A60FFF7BCFF2368CEE73A
:1031300002225A60204602F0C3FA2368CDE7042237
:103140005A602046FFF7B0FF2368CCE708225A6098
:103150002046FFF7ABFF2368CBE710225A602046DA
:10316000FFF7A6FF2368CAE720225A602046FFF730
:10317000A1FF2368C9E700BF024B186800F4C060D4
:10318000704700BF00700040B0F5007F0ED01C4AB1
:10319000136803F4C063B3F5806F2DD0136823F474
:1031A000C06343F4806300201360704714490B68C8
:1031B00003F4C063B3F5007F1ED00B68114A23F4FB
:1031C000C06343F400730B6013680F4A322000FBA6
:1031D00003F34869A2FB03239B0C400503F10103A1
:1031E00006D500E023B14A69520503F1FF33F9D453
:1031F000034B5B695B0501D40020704703207047D7
:10320000007000400000002083DE1B43024A536828
:1032100043F40073536070470070004030B5204D98
:10322000AB6DDB0083B004461CD5FFF7A5FFB0F5FE
:10323000007F29D0802C13D82FD0A4F17004B4FAC9
:1032400084F4640917490B6823F0070323430B60D8
:10325000086800F00700001B18BF012003B030BD54
:103260000324EFE7AB6D43F08053AB65AB6D03F028
:1032700080530193019BFFF77FFFAB6DB0F5007F9B
:1032800023F08053AB65D5D1802C04D9A02C8CBF02
:1032900002240124D6E70024D4E70224D2E700BFA9
:1032A0000010024000200240284A9368D26813F0C0
:1032B0000C0308D00C2B38D0042B34D0082B244816
:1032C00018BF00207047214A1168090754BFD2F87F
:1032D000942012681F4954BFC2F30322C2F30312A1
:1032E00051F8220003B30C2B2DD1184BDB6803F0EF
:1032F0000303022B25D0164A032B08BF1046134B9D
:10330000D968DA68DB68C3F34163C2F30622C1F30C
:103310000211013300FB02F201315B00B2FBF1F25A
:10332000B2FBF3F070470C48704702F00302012A29
:10333000C9D0064BDB6803F00303022B4FF00000FB
:10334000D9D10548DBE70020704700BF00100240DC
:1033500000127A00088700080024F400002800F01A
:103360008F822DE9F043944A03689568D668044635
:10337000D80683B005F00C0506F003062ED5002D07
:1033800000F023810C2D00F01D81A3698A4F002BD2
:1033900000F093813B6843F001033B60FFF75AFA6A
:1033A000804606E0FFF756FAA0EB0800022800F27C
:1033B00094813B689B07F5D53B6843F008033B606D
:1033C0003B68226A23F0F00313433B607B68E269A9
:1033D00023F47F4343EA02237B602368D90700F18B
:1033E000C280990723D5042D00F057810C2D00F0E1
:1033F0005181E368704E002B00F0DC81336843F4A8
:1034000080733360FFF726FA074605E0FFF722FADC
:10341000C01B022800F2618133685B05F6D5736832
:10342000226923F0FE4343EA0263736023681907AD
:1034300019D56369604E002B00F01881D6F89430DE
:1034400043F00103C6F89430FFF704FA074605E09D
:10345000FFF700FAC01B022800F23F81D6F8943033
:103460009A07F5D523685E073FD5534B9A6DD00078
:1034700000F19E819A6D42F080529A659B6D03F037
:1034800080530193019B01264C4F3B68D90540F1C5
:10349000F981A368012B00F09F81052B00F01D82AC
:1034A000454FD7F8902022F00102C7F89020D7F8B6
:1034B000902022F00402C7F89020002B40F0938166
:1034C000FFF7C8F941F28839804606E0FFF7C2F9F4
:1034D000A0EB0800484500F20081D7F8903098072B
:1034E000F4D4002E40F0E0812368990618D5636A71
:1034F000314E002B00F0A581D6F8983043F001033F
:10350000C6F89830FFF7A6F9074605E0FFF7A2F9DD
:10351000C01B022800F2E180D6F898309A07F5D552
:10352000A36A002B00F04281022B00F0EF800C2DEB
:1035300000F08C80204C236823F080732360FFF719
:1035400089F9054605E0FFF785F9401B022800F2DE
:10355000C480236813F00073F5D1E168184A0A406B
:103560001846E26073E0082D76D00C2D72D06368A7
:10357000B3F5803F00F0B580B3F5A02F00F0A08137
:103580000D4F3A6822F480323A603A6822F4802281
:103590003A60002B40F0AA80FFF75CF9804606E015
:1035A000FFF758F9A0EB0800642800F296803B680A
:1035B0009803F5D4236814E700100240007000401F
:1035C000FCFFEEFE012E7FF4E0AEA84B1B689907CE
:1035D00039D4A64B206A1A68120756BFD3F8943024
:1035E0001B681B0903F0F003984200F212819F4B05
:1035F0001A6842F008021A601A6822F0F0020243C8
:103600001A605A68E16922F47F4242EA01225A6054
:10361000002D00F04F81FFF747FE944B944A9B68C2
:10362000C3F30313D35C934A03F01F0320FA03F39D
:103630001068914A1360FFF7C3F840B92368D907AF
:103640007FF5CFAE8FE7A369002BC2D1012003B075
:10365000BDE8F083032E8AD1844A126892037FF575
:10366000C0AE6268002A7FF4BCAEEFE7D6F89430B3
:1036700023F00103C6F89430FFF7ECF8074604E0A6
:10368000FFF7E8F8C01B022827D8D6F894309B072C
:10369000F6D4E7E6022E7FF4ACAE744A1268520507
:1036A00002D5E268002AD1D0704920694A6822F028
:1036B000FE4242EA00624A60B9E63B6823F0010339
:1036C0003B60FFF7C7F880463B689807B6D5FFF721
:1036D000C1F8A0EB08000228F6D9032003B0BDE82A
:1036E000F083624A136843F480331360FFF7B2F843
:1036F000DFF87881074604E0FFF7ACF8C01B6428C8
:10370000EBD8D8F800309B03F6D553E7574EE26A62
:10371000F36803F00301914200F0ED800C2D95D089
:10372000524D2B685F0191D42B68DE008ED42B683C
:1037300023F080732B60FFF78DF8064604E0FFF757
:1037400089F8801B0228C8D82B689801F7D4E9684B
:103750004A4BE26A206B454E0B401343D4E90D12ED
:1037600043EA012343EAC263D4E90F12013849084E
:1037700043EA00130139520843EA4153013A43EA4C
:103780004263EB602B6843F080732B60EB6843F07F
:103790008073EB60FFF75EF8044604E0FFF75AF829
:1037A000001B022899D833689901F7D500204EE70D
:1037B000002669E6336823F480733360FFF74AF824
:1037C000074604E0FFF746F8C01B022885D8336897
:1037D0005805F7D423682AE6244AD2F8903043F0FB
:1037E0000103C2F89030FFF735F8DFF88080074614
:1037F00041F2883905E0FFF72DF8C01B48453FF638
:103800006CAFD8F890309B07F5D5002E3FF46CAE26
:103810004AE0FFF703FD00287FF418AF134B1A6846
:1038200042F008021A601A68216A22F0F0020A4384
:103830001A605A68E16922F47F4242EA01225A6022
:10384000E9E6D6F8983023F00103C6F89830FFF780
:1038500001F8074605E0FEF7FDFFC01B02283FF612
:103860003CAFD6F898309B07F5D459E600100240DB
:10387000F086000808000020000000208C809D01D8
:10388000012070473B6843F480733B60FEF7E2FF22
:1038900080463B68DA053FF5FCADFEF7DBFFA0EBA9
:1038A00008000228F5D918E7344A936D23F08053B5
:1038B000936519E6FFF7B2FC00283FF4ACAEC5E60D
:1038C00003F18043A3F53C331A6842F480221A6066
:1038D0001A6842F480321A6008E7284BD3F8902027
:1038E00042F00402C3F89020D3F8902042F0010285
:1038F000C3F8902077E7216B03F070020139B2EB37
:10390000011F7FF40BAF616B03F4FE42B2EB012F9A
:103910007FF404AFA16B03F07842B2EBC16F7FF488
:10392000FDAEE26B520803F4C001013AB1EB425F15
:103930007FF4F4AE226C520803F0C063013AB3EB9B
:10394000426F7FF4EBAE33689A013FF52FAF3368D7
:1039500043F080733360F36843F08073F360FEF7E5
:1039600079FF044605E0FEF775FF001B02283FF6CD
:10397000B4AE33689B01F6D518E700BF00100240D3
:10398000002800F09F80534A136803F007038B421E
:103990002DE9F0410D4604460CD2136823F00703CD
:1039A0000B431360136803F007038B4202D001201E
:1039B000BDE8F08123689E0771D54748A1688268F9
:1039C00002F0F002914204D9826822F0F0020A4328
:1039D0008260DA0726D562683F4B032A1B6865D0F0
:1039E000022A6CD0002A71D19B07E0D53A4EB36809
:1039F00023F003031343B360FEF72CFF41F2883832
:103A0000074604E0FEF726FFC01B40455CD8B368BC
:103A1000626803F00C03B3EB820FF3D123689E07B7
:103A200006D5A1682C48826802F0F0028A4240D88C
:103A300028490A6802F00702AA4209D90A6822F056
:103A400007022A430A600A6802F00702AA42AED1BE
:103A50005D0706D52049E0688A6822F4E0620243E7
:103A60008A60180707D51C4A2169936823F46053BC
:103A700043EAC1039360FFF717FC174A174C92689B
:103A80001749C2F303120346A25C164802F01F0254
:103A9000D340BDE8F04100680B60FEF791BED90746
:103AA000C6D562680C4B032A1B6899D198019DD436
:103AB0007DE7826822F0F0020A438260B8E799034A
:103AC00094D474E701207047032071E75F057FF508
:103AD0006EAF8BE70020024000100240F086000825
:103AE0000000002008000020054B064A9B6806499C
:103AF000C3F302230868D35C03F01F03D840704768
:103B0000001002400087000800000020054B064A14
:103B10009B680649C3F3C2230868D35C03F01F0304
:103B2000D8407047001002400087000800000020C5
:103B3000F8B5474BDA68920704460F4607D0DA68B3
:103B4000016802F003028A424BD00120F8BD0068F0
:103B5000022857D003284ED00128F6D11B689B07B6
:103B6000F4D53B496268CB6823F073030343013A01
:103B700043EA0213CB60364D2B6823F080632B6041
:103B8000FEF768FE064604E0FEF764FE831B022B88
:103B90003CD82B681A01F7D4002F39D1D4E902138D
:103BA0002A69DB0622F0784243EA012322F4FE422E
:103BB00013432B61264D2B6843F080632B60FEF787
:103BC00049FE064604E0FEF745FE831B022B1DD886
:103BD0002B681B01F7D52B69A269134300202B61C9
:103BE000F8BD002AB1D0DB684268C3F30213013389
:103BF0009342AAD1BFE71A689503B2D41B68590350
:103C0000A3D5AEE71B685E059FD5AAE70320F8BDE4
:103C1000012F2B690DD06269A16823F0C06352089F
:103C200023F4FE43013A43EA012343EA42632B6152
:103C3000C0E72269A16823F4C003520823F4FE43BD
:103C4000013A43EA012343EA42532B61B2E700BF42
:103C500000100240F8B53F4BDA68920704460F4661
:103C600007D0DA68016802F003028A424BD00120D3
:103C7000F8BD0068022857D003284ED00128F6D19D
:103C80001B689B07F4D533496268CB6823F0730344
:103C90000343013A43EA0213CB602E4D2B6823F015
:103CA00080532B60FEF7D6FD064604E0FEF7D2FDFA
:103CB000831B022B3CD82B689A00F7D4002F39D1F4
:103CC000D4E902136A69DB0622F0784243EA012351
:103CD00022F4FE4213436B611E4D2B6843F0805368
:103CE0002B60FEF7B7FD064604E0FEF7B3FD831B2D
:103CF000022B1DD82B689B00F7D56B6962691343B3
:103D000000206B61F8BD002AB1D0DB684268C3F3C4
:103D1000021301339342AAD1BFE71A689503B2D4C4
:103D20001B685903A3D5AEE71B685E059FD5AAE7BC
:103D30000320F8BD6B692269A16823F0C0635208B3
:103D400023F4FE43013A43EA012343EA42636B61F1
:103D5000C2E700BF001002402DE9F043036813F4EE
:103D6000006583B0044620D0816EB1F5000F00F0ED
:103D7000E08100F22E81002900F0B781B1F5800FBB
:103D800040F02B8100212030FFF764FF0546002D15
:103D900040F0DC81A16E2368B448D0F8882022F47A
:103DA00040020A43C0F888200025D80440F11A8157
:103DB000E16EB1F1007F00F0C28100F2788100294C
:103DC00000F08D81B1F1807F40F0A681002104F1E7
:103DD0002000FFF73FFF23688046B8F1000F40F056
:103DE0006E81A249E06ED1F8882022F04072024331
:103DF000C1F88820990300F1F980D90708D59B49BB
:103E0000A06BD1F8882022F003020243C1F8882079
:103E10009A0708D59549E06BD1F8882022F00C026A
:103E20000243C1F888205F0708D59049206CD1F87B
:103E3000882022F030020243C1F888201E0708D5EE
:103E40008A49606CD1F8882022F0C0020243C1F890
:103E50008820D80608D58549A06CD1F8882022F49E
:103E600040720243C1F88820990608D57F49E06C6A
:103E7000D1F8882022F440620243C1F888209A05D4
:103E800008D57A49206ED1F8882022F440220243D6
:103E9000C1F888205F0508D57449606ED1F8882084
:103EA00022F440120243C1F888205E0608D56F490B
:103EB000206DD1F8882022F440520243C1F88820B6
:103EC000180608D56949606DD1F8882022F440426F
:103ED0000243C1F88820D90508D56449A06DD1F8FE
:103EE000882022F440320243C1F88820DA0208D543
:103EF0005E49E06DD1F89C2022F003020243C1F834
:103F00009C209F0410D55949206FD1F8882022F0B9
:103F100040620243B0F1006FC1F8882000F0F280E7
:103F2000B0F1806F00F029811E0310D54F49606FFA
:103F3000D1F8882022F040620243B0F1006FC1F84E
:103F4000882000F0E480B0F1806F00F020815803F9
:103F500010D54649A06FD1F8882022F04062024374
:103F6000B0F1006FC1F8882000F0C780B0F1806F19
:103F700000F0F980590410D53C48E16FD0F8882052
:103F800022F040520A43B1F1805FC0F8882000F06F
:103F9000C680B1F1005F00F0DB801A0409D5334917
:103FA000D4F88000D1F8882022F080420243C1F882
:103FB0008820DB0309D52D4AD4F88410D2F8883044
:103FC00023F000430B43C2F88830284603B0BDE815
:103FD000F083B1F5400F3FF4DFAED8044FF0010598
:103FE0003FF5E6AEA84699037FF507AF1F4B9A6DE4
:103FF000D20066D54FF000091D4E336843F480733C
:104000003360FEF727FC074604E0FEF723FCC31BE2
:10401000022B62D83368DB05F7D5B8F1000F40F00A
:10402000C080124ED6F8903013F440732BD0D4F8E1
:1040300088209A4229D0D6F89010D6F8903043F4D0
:104040008033C6F89030D6F8903023F48033C6F829
:104050009030CF0721F44073C6F8903040F1A38030
:10406000FEF7F8FB41F28838074608E000100240EE
:1040700000700040FEF7EEFBC01B40452DD8D6F87F
:1040800090309807F6D5D4F888304849D1F8902078
:1040900022F440721343C1F89030B9F1000F04D0FC
:1040A000424A936D23F0805393652368A5E6B1F1EE
:1040B000407F31D1A846B8F1000F3FF492AE45469B
:1040C00091E79A6D42F080529A659B6D03F08053A0
:1040D0000193019B4FF001098EE70325DDE7201DC9
:1040E000FFF726FD2368804677E60430FFF720FDC2
:1040F0000546002D3FF44EAE28E0CA6842F4801217
:10410000CA6037E7CA6842F48012CA600CE7CA681E
:1041100042F48012CA601AE70125A84663E702212B
:10412000201DFFF705FD236800283FF436AF054644
:1041300033E71E48C26842F48032C2602CE61B4955
:10414000CA6842F48032CA60A84646E623682CE674
:10415000022104F12000FFF77DFD236800283FF4D1
:104160001CAF054619E70121201DFFF7E1FC23687C
:1041700000283FF4FFAE0546FCE60121201DFFF7B5
:10418000D7FC236800283FF4CFAE0546CCE60121DA
:10419000201DFFF7CDFC236800283FF4D8AE05466C
:1041A000D5E6454679E713466FE700BF00100240A9
:1041B000036A026A22F00102026270B444688269F2
:1041C0000D6822F4803222F073022A438D6823F0B6
:1041D00002032B43134DA8420FD005F50065A842FA
:1041E0000BD005F54065A84207D005F58065A842CB
:1041F00003D005F58065A8420DD1CD6823F00803F2
:104200002B43D1E9056524F4407446EA050C23F0FC
:1042100004034CEA040449684460826170BC416351
:1042200003627047002C0140036A026A22F4807224
:10423000026270B44468C2690D6822F4803222F0D0
:1042400073022A438D6823F4007343EA0523154D56
:10425000A84210D005F50065A8420CD005F54065D0
:10426000A8420FD005F58065A8420BD005F5806502
:10427000A8420FD106E0CD6823F4006343EA05238A
:1042800023F48063D1E9056524F4405446EA050C23
:1042900044EA0C1449684460C26170BCC1630362A3
:1042A000704700BF002C0140002800F0858010B549
:1042B00090F83D30044603F0FF02002B71D02268D5
:1042C0003E49022384F83D308A42136855D0B2F14A
:1042D000804F25D0A1F594318A4221D001F580612B
:1042E0008A421DD001F580618A4219D001F59431CE
:1042F0008A4242D001F540618A4257D001F580617F
:104300008A4253D001F580618A424FD0A069E168AA
:1043100023F08003034313606368D162936210E06B
:10432000A168206923F070030B4323F44073A16953
:10433000034323F08003E0680B4361681360D0629D
:1043400091620123536184F8483084F83E3084F848
:104350003F3084F8403084F8413084F8423084F8AB
:10436000433084F8443084F8453084F8463084F88B
:10437000473084F83D30002010BDA068216923F04B
:104380007003034323F440730B43A16923F08003BC
:104390000B431360E368D3626368936263691363DA
:1043A000CFE780F83C20FCF78FFE88E72069A16901
:1043B00023F440730343E9E701207047002C0140D8
:1043C000704700BF002800F0858010B590F83D30A0
:1043D000044603F0FF02002B71D022683E490223FD
:1043E00084F83D308A42136855D0B2F1804F25D011
:1043F000A1F594318A4221D001F580618A421DD015
:1044000001F580618A4219D001F594318A4242D087
:1044100001F540618A4257D001F580618A4253D04C
:1044200001F580618A424FD0A069E16823F08003E2
:10443000034313606368D162936210E0A16820694E
:1044400023F070030B4323F44073A169034323F06B
:104450008003E0680B4361681360D06291620123BE
:10446000536184F8483084F83E3084F83F3084F853
:10447000403084F8413084F8423084F8433084F886
:10448000443084F8453084F8463084F8473084F866
:104490003D30002010BDA068216923F07003034364
:1044A00023F440730B43A16923F080030B43136093
:1044B000E368D3626368936263691363CFE780F84C
:1044C0003C20FFF77DFF88E72069A16923F4407352
:1044D0000343E9E701207047002C014010290AD866
:1044E000DFE801F0590909095F09090967090909A4
:1044F0006C090909750090F84330012B4FD1102940
:104500000AD8DFE801F08B09090952090909740981
:104510000909700909096C00022380F84330036817
:104520000122186A01F01F0102FA01F120EA0100DC
:104530001862186A3B4A0143934219625BD002F544
:104540000062934265D002F54062934261D002F569
:10455000806293425DD002F58062934259D0B3F1FC
:10456000804F4CD0304A934249D002F5806293424A
:1045700045D002F58062934241D002F594329342D5
:104580003DD002F54062934239D01A6842F00102F0
:1045900000201A60704790F83E30012B3ED0012079
:1045A000704790F83F30012BF9D1022380F83F305B
:1045B000B5E790F84030012BA1D0F0E790F84130FA
:1045C000013B18BF0123002B99D00120704790F8C0
:1045D0004230013B18BF0123002B90D0F5E70223A6
:1045E00080F842309BE7022380F8413097E70223AE
:1045F00080F8403093E75A6C42F400425A6499685C
:104600000A4A0A40062A02D0B2F5803FBDD10020F6
:1046100070475A6C42F400425A64A0E7022380F8C3
:104620003E307CE7002C0140000400400700010000
:1046300090F83C30012B73D0024630B4022304685A
:1046400082F83D30012082F83C00A5684F4B2B409A
:10465000A3600B68602B65D024D8402B7CD04BD94D
:10466000502B17D14B68CD68216A21F00A011943FC
:10467000236A23F001032362A36923F0F00343EAD2
:104680000513A3612162A36823F0700343F057036D
:104690000020A3600121002382F83D1082F83C3005
:1046A00030BC7047B3F5805F38D0B3F5005F10D1F0
:1046B000D1E90153A0682B43CD6820F47F4143EA40
:1046C00005230B43A360A36843F480430020A36049
:1046D000E0E7702BDED1D1E90153A0682B43CD6810
:1046E00020F47F4143EA05230B43A360A36843F012
:1046F00077030020A360CDE7202B02D00AD9302B0E
:10470000C8D1A16821F070010B4343F007030020DA
:10471000A360BFE733F01001BCD1F2E70020B9E796
:1047200002207047236A4868CD68216A21F0100191
:104730002162A16923F0A00321F4704143EA001330
:1047400041EA0531A1612362A36823F0700343F0BD
:1047500067030020A3609DE74B68CD68216A21F0C4
:104760000A011943236A23F001032362A36923F09A
:10477000F00343EA0513A3612162A36823F07003E9
:1047800043F047030020A36084E700BF8800FEFFDA
:10479000036A026A22F01002026270B444688269FD
:1047A0000D6822F0807222F4E64242EA05228D680A
:1047B00023F0200343EA0513144DA84210D005F559
:1047C0000065A8420CD005F54065A8420FD005F55C
:1047D0008065A8420BD005F58065A8420FD106E0A0
:1047E000CD6823F0800343EA051323F04003D1E9A9
:1047F000056524F4406446EA050C44EA8C044968E3
:104800004460826170BC816303627047002C014088
:1048100090F83C30012B00F02F81012370B5044645
:104820000D4680F83C30142A16D8DFE812F05F00FD
:1048300015001500150074001500150015008A00FC
:104840001500150015009F00150015001500E30068
:104850001500150015001B000022012384F83C20E0
:10486000184670BD02682E68136A116A21F480111F
:1048700011625068516D21F0807121F4E04141EAEC
:104880000621AE6823F4001343EA06537C4EB2427D
:104890000FD006F50066B2420BD006F54066B24274
:1048A00007D006F58066B24203D006F58066B242B4
:1048B00004D16E6920F4802040EA86205060516562
:1048C0006968D1651362536D286943F400635365C9
:1048D000516D21F480615165516D41EA00215165AE
:1048E0000022002384F83C20184670BD0068FFF7C2
:1048F0005FFC8369296943F008038361826922F0C0
:104900000402826182690A4382610022002384F8E2
:104910003C20184670BD0068FFF73AFF836929699B
:1049200043F400638361826922F480628261826958
:1049300042EA012282610022002384F83C201846CA
:1049400070BD0068FFF770FCC369296943F0080374
:10495000C361C26922F00402C261C2690A43C26132
:104960000022002384F83C20184670BD02682E689F
:10497000136A116A21F4805111625068D16921F0E3
:10498000807121F4E64141EA0621AE6823F4005328
:1049900043EA06333A4EB2420FD006F50066B24201
:1049A0000BD006F54066B24207D006F58066B242EB
:1049B00003D006F58066B24204D16E6920F48040CF
:1049C00040EA86105060D161696811641362D3694E
:1049D000286943F40063D361D16921F48061D16116
:1049E000D16941EA0021D1610022002384F83C20F2
:1049F000184670BD02682E68136A116A21F480316E
:104A000011625068516D21F4803121F07001314301
:104A1000AE6823F4003343EA0643194EB2420FD086
:104A200006F50066B2420BD006F54066B24207D0EA
:104A300006F58066B24203D006F58066B24204D124
:104A40006E6920F4803040EA062050605165696844
:104A500091651362536D286943F008035365516DE6
:104A600021F004015165516D01435165002200237D
:104A700084F83C20184670BD02231846704700BFDA
:104A8000002C014090F83C30012B3ED070B40268FD
:104A90001F4D022380F83D30AA42536894682AD003
:104AA00005F50065AA4226D00E6823F07003334353
:104AB000B2F1804F536010D0164B9A420DD003F5DF
:104AC00080639A4209D003F580639A4205D0AA42D6
:104AD00003D003F59A339A4204D18B6824F0800402
:104AE0001C4394600023012280F83D2080F83C3074
:104AF00070BC184670474D6823F470032B430D6853
:104B000023F070032B435360E7E70220704700BF98
:104B1000002C014000040040C8B138B524220368CD
:104B2000C2671A680025044622F001021A601D605F
:104B30005D609D60FCF7B2FA84F87850C4F8845048
:104B40002846E567C4F880502566656638BD0120B3
:104B5000704700BF2DE9F8430446C06F202840F09D
:104B60008880884609B1174612B90120BDE8F8834C
:104B70001D464FF000092123C4F88490E367FDF738
:104B800069FEA368A4F85070B3F5805FA4F8527072
:104B9000064671D0B4F8523020689BB2ABB16A1CA3
:104BA0001CD1C2691306FCD5B8F1000F5CD018F80F
:104BB000013B0385B4F85230013B9BB2A4F852305C
:104BC000B4F852309BB2002BE9D1691C5AD1C369A9
:104BD0005A06FCD52023E3670020C7E7C3691F06F8
:104BE000E2D4FDF737FE801B854238D3002D36D046
:104BF00023681A6852071846D1D5DA69170700F1F9
:104C00008980DA691105CAD54FF400621A6253E847
:104C1000002F22F4907243E8002139B153E8002FAD
:104C200022F4907243E800210029F7D103F1080231
:104C300052E8002F22F0010203F1080040E80021B1
:104C40000029F3D1226E012A5BD000232022C4F870
:104C50008020A366236684F87830C4F8842020235B
:104C6000E3670320BDE8F88339F8023BC3F3080388
:104C70009FE70220BDE8F8832369002B8AD1C14653
:104C8000984687E7C3695B06A4D4FDF7E3FD801B64
:104C90008542E4D3002DE2D023681A6851071846F4
:104CA00093D5DA69120763D4DA6917058DD54FF405
:104CB00000621A6253E8002F22F4907243E8002148
:104CC00039B153E8002F22F4907243E80021002903
:104CD000F7D103F1080252E8002F22F0010203F19C
:104CE000080040E800210029F3D1226E012AACD14E
:104CF00053E8002F22F0100243E800210029F7D1E9
:104D0000A3E753E8002F22F0100243E80021002916
:104D1000F7D19AE708221A6253E8002F22F4907222
:104D200043E800210029F7D103F1080252E8002FDF
:104D300022F0010203F1080040E800210029F3D12C
:104D4000226E012A0BD0002320210822C4F88010F3
:104D5000A366236684F87830C4F884207FE753E89C
:104D6000002F22F0100243E800210029F7D1EAE7E2
:104D700008221A6253E8002F22F4907243E80021BF
:104D80000029F7D103F1080252E8002F22F00102B6
:104D900003F1080040E800210029F3D1226E012A26
:104DA000D1D153E8002F22F0100243E8002100295E
:104DB000F7D1C8E738B504460368826800696169BD
:104DC0001D6802430A43E0699F49024329400A43A0
:104DD0001A605A68E16822F440520A439B495A60BB
:104DE0008B42A269996871D0256A21F430612A4307
:104DF0000A4397499A608B4224D0964A934243D003
:104E0000954A934200F0D780944A934200F0A180E3
:104E1000934A934211D1934BD3F8883003F44073F3
:104E2000B3F5007F00F0FF8000F2BE80002B00F0A1
:104E3000DC80B3F5807F00F0998001200022C4E976
:104E40001A2238BD874BD3F8883003F00303013BA7
:104E5000022B78D9B0F5004F00F0F080FEF756FE37
:104E6000002848D062684FF6EF7100EB5200B0FBAB
:104E7000F2F2A2F110038B42DFD82368DA6000223D
:104E8000C4E91A22002038BD764B774AD3F888301F
:104E900003F00C03D35CB0F5004F6DD0082BCCD8D9
:104EA00001A252F823F000BFB14F00085D4E000888
:104EB0002D5000083B4E0008734F00083B4E000881
:104EC0003B4E00083B4E0008DB4F000821F43061E8
:104ED00064480A439A60D0F8883003F44063B3F51D
:104EE000006F00F080800BD883B3B3F5806FA4D13E
:104EF000FEF7DAF948B90022C4E91A22002038BDC9
:104F0000B3F5406F99D14FF40040626802EB420361
:104F1000834292D8B0EB023F8FD8002553084FF45C
:104F2000807C2946E0FB0C3118462B46FBF79CFEA3
:104F30004E4AA0F54071914203463FF67EAF22688B
:104F40002846D3607AE74A4AD35CA4E7FEF7CCFD53
:104F5000D0E7444BD3F8883003F0C003802B62D0F5
:104F60003ED8002B41D0402B7FF467AFB0F5004F07
:104F70005ED0FEF799F973E7082B3FF65EAF01A20A
:104F800052F823F0F14F00083D500008435000084C
:104F90003B4E0008315000083B4E00083B4E0008D5
:104FA0003B4E000837500008B3F5407F12D044E76D
:104FB000FEF79AFD54E72B4BD3F8883003F030030B
:104FC000202B30D003D883B1102BCFD035E7302B36
:104FD0007FF433AFB0F5004F2DD04FF4004041E7E0
:104FE000C02BF7D029E723488FE7B0F5004FDFD17A
:104FF000FEF77AFD00283FF47EAF430062684FF66B
:10500000EF7103EB5203B3FBF2F3A3F110028A42F8
:105010003FF613AF23F00F02216892B2C3F34203AD
:105020001343CB6067E7B0F5004F0AD0114819E78A
:10503000FEF73AF9DEE74FF48033DFE7FEF766FD6F
:10504000D8E70D4BDAE700BFF369FFEF00800040BF
:10505000003801400044004000480040004C00403F
:10506000005000400010024018AE0108FFFC0F0085
:1050700014AE01080024F4000048E801436A1A074E
:1050800010B406D50168446B4A6822F400422243FA
:105090004A60DC0706D50168846A4A6822F4003257
:1050A00022434A60990706D50168C46A4A6822F417
:1050B000803222434A605A0706D50168046B4A6869
:1050C00022F4802222434A60DC0606D50168846B04
:1050D0008A6822F4805222438A60990606D50168C4
:1050E000C46B8A6822F4005222438A605A0609D5AA
:1050F0000168046C4A6822F480122243B4F5801FD0
:105100004A600BD01B0606D50268816C536823F4F5
:1051100000230B4353605DF8044B70474A68446CAE
:1051200022F4C00222434A60ECE700BF38B50023F6
:105130000446C0F88430FDF78DFB226813681B0716
:1051400005460ED4136859072FD400232022E267A6
:105150001846C4F8802023666366002384F87830FC
:1051600038BDD3699802EDD40CE0196849071A4696
:1051700005D5D96908074AD4D969090575D4DB6909
:105180009802DFD4FDF766FB431BB3F1007F236871
:10519000EBD353E8002F22F0800243E800210029DE
:1051A000F7D12023E3670320D7E7D3695B02CCD490
:1051B0000DE01A68500707D5DA69110700F18380FE
:1051C000DA69120500F1AD80DB695B02BDD4FDF741
:1051D00041FB431BB3F1007F2368EAD353E8002F60
:1051E00022F4907243E800210029F7D103F108026C
:1051F00052E8002F22F0010203F1080040E80021EC
:105200000029F3D12023C4F880300320A5E7082229
:105210001A6253E8002F22F4907243E8002100291B
:10522000F7D103F1080252E8002F22F0010203F146
:10523000080040E800210029F3D1226E012A0BD09A
:10524000002220200821C4F88000A266226684F88B
:105250007820C4F884109CE753E8002F22F0100255
:1052600043E800210029F7D1EAE74FF400621A620F
:1052700053E8002F22F4907243E800210029F7D16F
:1052800003F1080252E8002F22F0010203F10800A6
:1052900040E800210029F3D1226E012A0AD0002221
:1052A0002021C4F88010A266226684F87820C4F811
:1052B00084106EE753E8002F22F0100243E800212B
:1052C0000029F7D1EBE708221A6253E8002F22F4F5
:1052D000907243E800210029F7D103F1080252E857
:1052E000002F22F0010203F1080040E8002100290C
:1052F000F3D1226E012A0BD0002220200821C4F80D
:105300008000A266226684F87820C4F8841065E7DD
:1053100053E8002F22F0100243E800210029F7D1C2
:10532000EAE74FF400621A6253E8002F22F4907209
:1053300043E800210029F7D103F1080252E8002FC9
:1053400022F0010203F1080040E800210029F3D116
:10535000226E012A0AD000222021C4F88010A26601
:10536000226684F87820C4F8841037E753E8002FC9
:1053700022F0100243E800210029F7D1EBE700BF3B
:1053800070B3C36F10B504462BB32268616A24233F
:10539000E367136823F001031360C1B92046FFF7E8
:1053A00009FD012811D023685A6822F490425A60FE
:1053B0009A6822F02A029A601A6842F00102204696
:1053C0001A60BDE81040FFF7B1BE012010BD2046B5
:1053D000FFF754FEE2E780F87830FBF711FED4E7E0
:1053E000012070472DE9F04F2DED028BADF6DC1D4D
:1053F0008146BDF9088A0C46924600214FF40062AE
:1054000076A81E4601F0D4F94FF4C872002112A804
:1054100001F0CEF9464580F2B68062000AEBC6156F
:10542000C4F1410B631E023A08EE10AA2C46CDF8D7
:1054300014904FEA4B0BA94637469A46154621462B
:10544000A01C534676AAFCF7A7F82246534607212C
:1054500076A8FCF70BF8013728195A46002101F00D
:10546000A7F9474504F18004E9D101230022402136
:105470000CA84D4618EE10AADDF81490FDF72EF892
:10548000002840F08880294676AA0CA8FDF728F964
:1054900076AA104640230621FBF7E8FF013628468E
:1054A000802276A901F0BDF9464505F18005EAD1D3
:1054B0004FF4007108A8FCF74BFB00286BD13A4B66
:1054C000DFF8F0801E7898F80030384D384C9E4256
:1054D00048DADDF80CBA02274FF40062002176A802
:1054E00001F066F940233246009376A94FF4007329
:1054F0005046CDE9017700F095FB76AA10464B4661
:105500005946FCF7EBF80123002276A908A8FCF71E
:105510002DFC20782A7876AB121A194603EB80000E
:10552000FCF77EF82A782378D31A12AA104676A9B7
:10553000FBF7CCFE20782A7876AB121A17FB009086
:1055400003EB40001946FCF76BF82A782378D31A4E
:1055500012AA76A91046FBF7B9FE98F8003001367A
:10556000B342B9DC2378297812A8C91A76AA07AB06
:10557000FCF710FA2078079B18440DF6DC1DBDECF3
:10558000028BBDE8F08F0123002240210CA8FCF71C
:10559000A5FF00288CD04FF0FF300DF6DC1DBDECD0
:1055A000028BBDE8F08F00BF8AAF010889AF010808
:1055B0008BAF010888AF0108B1F5007F54D8F0B572
:1055C000ADF6040D0C4607464FF400620021684614
:1055D00001F0EEF8002C3FD06E466A46002307EE3D
:1055E000903A0133F8EEE77AA342E2EC017AF6D181
:1055F000601EFAF7A7FF02460B461EA1D1E9000183
:10560000FBF734F9FBF7E0FA224600EE100A694690
:1056100068460025FBF7E4FE96ED000AFCF702F968
:105620000135A542A6EC010AF6D168462246694634
:10563000BEEE000AFBF7D4FE22466946B6EE000A2B
:105640006846FBF787FE684622463946FCF7FAF9BA
:1056500000200DF6040DF0BD9FED050A22466946B7
:105660006846FBF7BDFEE0E74FF0FF30704700BF34
:10567000DB0FC9C0182D4454FB2119400000000065
:105680009FED0B7B0C4810B50C4C00234FF46121AF
:105690000C2280ED087BC0E90041C0E90233C0E97B
:1056A00004328361FFF76CFE08B172B6FEE710BDED
:1056B0000000000000000000E8060220008000401A
:1056C000704700BF0000000000B599B044220021DF
:1056D00006A801F06DF800234FF40070CDE9013306
:1056E000CDE903330593FDF74FFD08B172B6FEE730
:1056F0000A214FF480729FED147B0691099240219C
:1057000001220223CDE90A121922CDE91033CDE995
:10571000123206A8042316938DED147BFDF71EFEAE
:10572000034608B172B6FEE703210F2201A8CDE9B6
:105730000121CDE903330593FEF722F908B172B6D2
:10574000FEE719B05DF804FB020000000200000053
:105750002DE9F04F2DED028B002499B0FDF756F89E
:10576000FFF7B2FFCDE91044CDE91244614B149428
:10577000DA6CDFF8988142F00102DA64DA6C02F048
:1057800001020592059ADA6C42F02002DA64DA6CC2
:1057900002F020020692069ADA6C42F01002DA64F5
:1057A000DA6C02F010020792079ADA6C42F04002BB
:1057B000DA64DB6C03F040030893089BFDF726FDD9
:1057C00022464D484FF40051FDF7F8FB22464B4866
:1057D0004FF42061FDF7F2FB4FF400624FF48813A1
:1057E0004548129410A9CDE910230126FDF730FA9F
:1057F0004FF40055404810A9CDE91244CDE91056A8
:10580000FDF726FA4FF420633C48109310A9CDE928
:1058100011641394FDF71CFA224621462820FDF757
:1058200063F92820FDF79EF9FFF72AFF344B09940E
:10583000CDE90C44CDE90E44CDE91044CDE9124444
:10584000CDE91444CDE90A441694C8F80840C8F8D4
:105850001040C8F818404FF0090904244046C8E930
:105860000034C8F80C90FEF71FFD08B172B6FEE7D1
:105870004FF480530CA940460C93FEF7D9FE08B1B3
:1058800072B6FEE74046FEF79DFD08B172B6FEE730
:1058900009900B9009A94046FFF7F4F808B172B6D9
:1058A000FEE71290149010A9224640464FF0600A7D
:1058B0004FF0050BCDE910ABFEF7AAFF074608B184
:1058C00072B6FEE74046FBF717FC0E480E4B03602E
:1058D0004FF4606383604FF6FF73C0E90877C0E957
:1058E0000A77476007634361FDF77CFB074678B1A1
:1058F00072B6FEE700100240001400480010004895
:1059000000040040AC060220007C0040700702202A
:1059100021464046FEF7E2FD9D48DFF8C4A2DFF8CD
:10592000C4B29FED9C8A00F03BFF9B4800F038FF1B
:105930004FF0400802234FF40072984998480193B1
:10594000CDF80080434600F051F94FF40071504605
:10595000FFF732FE934800F023FF934800F020FF4A
:105960005846FFF7D9F83246294690488DED108AFF
:10597000FDF724FB4FF0E0228D4ED2F8FC3D43F0C2
:105980008073C2F8FC3D77603368854A43F00103B9
:105990004C464FF40079336041463B46CDF80090C9
:1059A0004846CDE901ABFFF71DFD07EE900AF8EE82
:1059B000677A2946CDED107A756833687B4823F005
:1059C00001033A463360FDF7F9FA9FED7A7ADDED8F
:1059D000107A73497848CDF8008067EE877A022301
:1059E0004A4601934346CDED107A00F0FFF8FFF7E9
:1059F00047FE1098FAF7B8FD0B4602466F4800F0D4
:105A000069FE29466E4800F065FE6E4800F0C8FE4B
:105A100039464FF4803262488DED108A00F0C8FE9E
:105A200069495F484FF4C06200F0FBFE0C223B4620
:105A3000414648460092CDE901AB594ADFF85C91F6
:105A4000DFF86881FFF7CEFC55494FF4C06201F5DD
:105A5000C8500F4600F0E5FE4FF4C85202FB049117
:105A6000384600F0DEFE01224FF400514046FDF7BB
:105A7000A5FA4FF0E0210023D1F8FC2D42F080720E
:105A8000C1F8FC2D7360326842F0010232603222AC
:105A90000092CDE901AB3A4640214FF40070FFF788
:105AA000A1FC07EE900AF8EE677ACDED107A002C93
:105AB00035D1756833683D4823F0010322463360D1
:105AC0004FF40051FDF77AFA9FED3A7ADDED107A46
:105AD00067EE877ACDED107A1098FAF745FD024609
:105AE0000B46364800F0F6FD2946354800F0F2FD39
:105AF000364800F055FE2A4A2F4B12F8010B13F8D6
:105B0000011B88423ED10134B4F5803FF5D101211B
:105B10002F4800F0DFFD2F4800F042FEFEE72E493F
:105B20002D4D4FF4C06201F5C85000F07AFE2846B2
:105B3000A5F5C8554FF4C852294600F072FEBD4283
:105B4000F5D17568336823F00103336000224046C5
:105B50004FF40051FDF732FADDED107A9FED157A22
:105B600067EE877A013CCDED107A1098FAF7FCFCCD
:105B700002460B46114800F0ADFD2946104800F0E2
:105B8000A9FD69E72146154800F0A4FD0021BFE703
:105B900048AE01080000000070AE01088CAF01089B
:105BA000FC01002088AE010898AE010800140048EE
:105BB000001000E00000483DFC010120B4AE0108E7
:105BC000ECAE010804AF01088CA902086CAF010813
:105BD00020AF010860AF0108FCE2002028AE0108F8
:105BE00064020220E806022072B6FEE72DE9F041C9
:105BF0009DF81C809AB103FB08F6069B174603FB31
:105C000008F80C460346002521461846324600F0A7
:105C100008FE01350346AF4243443444F4D1BDE8A5
:105C2000F08100BF2DE9F8439DF824609DF82870AD
:105C3000ABB19846089B07FB02F206FB020516FB78
:105C400007F706FB03F90C460026294620463A468C
:105C5000013600F0E6FD46453C444D44F5D1BDE833
:105C6000F88300BF00B583B04FF0FF3301900122ED
:105C700001A90348FEF76EFF019803B05DF804FB2D
:105C8000E80602202DE9FF4755EC104B002D0E468B
:105C900019462B46BBBF05F100431D4600232D23AB
:105CA0000B700D9BDDF830A0914623F02008BCBF9F
:105CB00022461446B8F1460F05D0B8F1450F00D181
:105CC0000136022100E0032103AB019302AB0093F4
:105CD00045EC104B5346324600F03AFEB8F1470F00
:105CE000074602D119F0010F22D0B8F1460F07EB99
:105CF000060910D13B78302B0AD100220023204620
:105D00002946FAF7F1FE18B9C6F10106CAF8006093
:105D1000DAF8003099440022002320462946FAF799
:105D2000E3FE08B1CDF80C903022039B4B4507D31E
:105D3000039B0E9ADB1B3846136004B0BDE8F08766
:105D4000591C03911A70F0E7F7B503460029B8BF54
:105D5000494203F8022BB4BF2D222B22092942709D
:105D60002ADD0DF1070217460A26944691FBF6F547
:105D700006FB151430340CF8014C0C46632C02F170
:105D8000FF322946F1DC3031ACF1020402F8011C8B
:105D9000411C2246BA420AD30DF10902A2EB0C02C1
:105DA000BC4288BF00221344181A03B0F0BD12F899
:105DB000015B01F8015FEDE7302330318370C17082
:105DC000031DF1E72DE9F04F2DED028B8DB00C4650
:105DD000DDF8608016461F46054600F0F1FCD0F85D
:105DE00000A05046FAF754FA00230A93236805935B
:105DF000D8F8003094F818B0073323F0070303F104
:105E00000802C8F80020D3E9008929F0004307936D
:105E1000CDF8188008EE100AC4E91289DDE9060100
:105E20009E4B4FF0FF32FAF791FE88BBDDE9060189
:105E30009A4B4FF0FF32FAF76BFE48BB002200236B
:105E400040464946FAF75AFE10B12D2384F84330F4
:105E5000934A944BBBF1470F94BF90469846032357
:105E60002361059B23F0040323604FF00009009792
:105E700033460BAA2146284600F0DAF9013040F0FB
:105E800090804FF0FF300DB0BDEC028BBDE8F08F7D
:105E900042464B4640464946FAF758FE40B14B460B
:105EA000002BBCBF2D2384F843307F4A7F4BD1E7C2
:105EB00063680BF0DF0206925A1C3FD10623636031
:105EC000059B616843F48062002303930AABCDE92C
:105ED00001B309AB49EC108B009322600DF1230351
:105EE0002846FFF7CFFE069B0999472B804608D12D
:105EF000C81C02DB6368994241DDABF102035FFA23
:105F000083FBBBF1650F20D801395A4604F15000DC
:105F10000991FFF719FF0A9A1318012A8146236194
:105F200002DC2268D20701D5013323619DF82330BA
:105F3000002B9CD02D2384F8433098E7069A472AFB
:105F4000BED1002BBCD10123B9E7BBF1660F18D13C
:105F5000002963680BDD216113B92268D00702D5DF
:105F600001330B442361A1654FF00009DEE713B94B
:105F70002268D20701D50233F4E70123F2E74FF09C
:105F8000670B0A9B994205DB23682161D807EAD594
:105F90004B1CE7E70029D4BFC1F1020201221344E0
:105FA000E0E723685A0507D423694246314628466C
:105FB000B84701302CD164E7BBF1650F40F2E080B7
:105FC000D4E9120100220023FAF78EFD002834D014
:105FD000374A012331462846B84701303FF451AFD4
:105FE000DDE909239A4202DB2368D80710D518EEB1
:105FF000103A524631462846B84701303FF441AF87
:106000004FF0000804F11A090A9B013B434509DCE3
:1060100023689B0700F10781E0680B9B9842B8BF9B
:10602000184630E701234A4631462846B847013032
:106030003FF427AF08F10108E6E7099B002B39DCA4
:106040001B4A012331462846B84701303FF419AFB7
:10605000DDE90932134302D12368D907D8D518EEF8
:10606000103A524631462846B84701303FF409AF4E
:106070004FF0000904F11A0A099B5B424B4501DC11
:106080000A9B92E70123524631462846B847013021
:106090003FF4F7AE09F10109EEE700BFFFFFEF7F24
:1060A0008CAF020890AF020894AF020898AF0208C4
:1060B0009CAF02080A9AA36D9A42A8BF1A46002A0A
:1060C000914637DC4FF0000B29EAE97904F11A0216
:1060D000A36D0593A3EB09035B4533DCDDE90923DD
:1060E0009A423BDB2368DA0738D4DDE90932A2EBB8
:1060F0000309059BD21A9145A8BF9146B9F1000F3B
:1061000035DC4FF0000829EAE97904F11A0ADDE9E3
:1061100009239B1AA3EB090343457FF779AF0123BA
:10612000524631462846B84701303FF4AAAE08F13E
:106130000108ECE71346314642462846B84701308D
:10614000C0D19EE60123314628460592B84701306A
:106150003FF497AE059A0BF1010BB9E718EE103A30
:10616000524631462846B8470130BED189E6059AE5
:106170004B46424431462846B8470130C1D180E6FB
:106180000A9A012A01DCDB073AD50123424631464F
:106190002846B84701303FF474AE18EE103A524624
:1061A00031462846B84701303FF46BAED4E91201BE
:1061B00000220023DDF828A0FAF796FCD8B90AF1EE
:1061C000FF3308F1010231462846B84701300ED1AD
:1061D00057E60123524631462846B84701303FF47E
:1061E00050AE08F101080A9B013B4345F1DC4B46E8
:1061F00004F15002DAE64FF0000804F11A0AF2E75F
:1062000001234246DFE701234A4631462846B84784
:1062100001303FF436AE08F10108E3680B995B1AD0
:106220004345F0DCF8E64FF0000804F11909F4E703
:106230002DE9F047164699468A680B69DDF82080FB
:106240009342B8BF1346336091F8432007460C468B
:106250000AB1013333602368990642BF33680233C1
:106260003360256815F0060506D104F1190AE368C4
:1062700032689B1AAB4226DC94F84320131E226836
:1062800018BF012392062BD404F143024946384635
:10629000C04701301ED02368226903F00603042B97
:1062A00002BFE5683368ED1AA3680CBF25EAE575FF
:1062B00000259342C4BF9B1AED1800261A34B5423C
:1062C0001AD1002008E00123524649463846C0470B
:1062D000013003D14FF0FF30BDE8F0870135C6E74C
:1062E000E1185A1C302081F84300224494F84510EC
:1062F00082F843100233C7E7012322464946384655
:10630000C0470130E6D00136D9E700002DE9FF474C
:106310000F7E0C9D782F914680460C469A4601F1DF
:10632000430207D8622F0AD8002F00F0D480582FDC
:1063300000F0C08004F1420584F842703AE0A7F111
:106340006303152BF6D801A151F823F0A5630008CB
:10635000B963000835630008356300083563000839
:1063600035630008B9630008356300083563000829
:106370003563000835630008BD640008E563000864
:10638000776400083563000835630008DF6400089F
:1063900035630008E56300083563000835630008CD
:1063A0007F6400082B681A1D1B682A6004F14205EF
:1063B00084F8423001239FE020682B68070603F130
:1063C0000401296001D51E6803E04606FBD5B3F938
:1063D0000060002E03DA2D23764284F843305A48B9
:1063E0000A2312E02B682068191D2960050601D5D3
:1063F0001E6802E04106FBD51E8853486F2F0CBF74
:1064000008230A23002184F843106568A560002D45
:10641000A2BF216821F0040121600EB9002D4BD0EC
:106420001546B6FBF3F103FB1167C75D05F8017D67
:106430003746BB420E46F4D9082B0BD12368DE0742
:1064400008D5236961689942DEBF302305F8013C15
:1064500005F1FF35521B2261CDF800A04B4603AA7F
:1064600021464046FFF7E4FE01304AD14FF0FF30AD
:1064700004B0BDE8F087236843F02003236033486D
:10648000782784F84570236829681F0651F8046B43
:1064900002D45F0648BFB6B2DF0748BF43F020030F
:1064A000296048BF23601EB9236823F020032360BE
:1064B0001023A7E72448E4E71546BDE72B682668C4
:1064C0006169181D286035061B6801D5196002E056
:1064D0007006FBD51980002323611546BCE72B68A5
:1064E0001A1D2A601D68626800212846F9F780FE9F
:1064F00008B1401B606063682361002384F8433067
:10650000AAE723692A4649464046D0470130ADD024
:1065100023689B0713D4E068039B9842B8BF1846D2
:10652000A6E70123324649464046D04701309DD078
:106530000135E36803995B1AAB42F2DCEBE7002517
:1065400004F11906F5E700BF9EAF0208AFAF0208DD
:10655000002310B50446C0E90033C0E9043383606A
:1065600081814366C2818361194608225C3000F054
:106570001FF90D4B63620D4BA3620D4BE3620D4B94
:1065800023630D4B24629C4206D003F168029442BF
:1065900002D0D0339C4205D104F15800BDE8104030
:1065A00000F03CB910BD00BF798100089B81000854
:1065B000D3810008F7810008BC070220024A034982
:1065C000034800F069B800BF0C000020197A0008E9
:1065D0001800002041680C4B994210B5044601D0C8
:1065E00001F01AFAA168094B994202D0204601F045
:1065F00013FAE168064B994204D02046BDE81040EA
:1066000001F00ABA10BD00BFBC0702202408022016
:106610008C08022010B50B4B0B4C0C4A1A6020461C
:1066200000220421FFF794FF04F1680001220921F0
:10663000FFF78EFF04F1D0000222BDE810401221C6
:10664000FFF786BFF4080220BC070220BD650008E2
:10665000014800F0E4B800BFF9080220014800F04A
:10666000DFB800BFF908022010B50446FFF7F0FFBD
:10667000236A1BB1BDE81040FFF7F0BF044B236253
:10668000044B1B68002BF5D1FFF7C4FFF2E700BFF6
:10669000D5650008F40802202DE9F843074688462E
:1066A00014460026D4E90195B9F1010905D52468FD
:1066B000002CF7D13046BDE8F883AB89012B07D910
:1066C000B5F90E30013303D029463846C04706439A
:1066D0006835E9E70FB407B5064904AB086853F815
:1066E000042B8168019300F04FFF03B05DF804EBC9
:1066F00004B0704764000020036A70B584680546E2
:106700000E460BB9FFF7B0FF636EDB0705D4A38914
:10671000980502D4A06D00F082F8A389190713D55B
:1067200023698BB1013EA36816F8011F013BA360EA
:10673000E9B9002B2EDA22460A21284601F05FFD36
:10674000013007D00A2507E02146284601F094FDD4
:106750000028E7D04FF0FF35636EDA0705D4A38930
:106760009B0502D4A06D00F05BF8284670BD002B9D
:1067700004DAA2699A4206DC0A2904D023685A1C6A
:1067800022601970CFE72246284601F038FD01301B
:10679000C9D1DFE723680A255A1C22601D70DBE798
:1067A000024B01461868FFF7A7BF00BF6400002036
:1067B00002440346934200D1704703F8011BF9E7F6
:1067C0000048704758010020014B1868704700BF0F
:1067D0006400002070B50D4D0D4C641BA410002604
:1067E000A64209D10B4D0C4C01F074FF641BA410A0
:1067F0000026A64205D170BD55F8043B98470136E6
:10680000EEE755F8043B98470136F2E704B3020877
:1068100004B3020804B3020808B3020870477047C3
:1068200070470A44914200F1FF3300D1704710B520
:1068300011F8014B03F8014F9142F9D110BD2DE938
:10684000F74F03690C69A34207467EDB013C01F167
:10685000140800F1140505EB8403019358F8243063
:1068600055F8242001339A424FEA840B08EB84093F
:10687000B2FBF3F631D34FF0000E4046AC46F24681
:1068800050F8042B93B206FB03E34FEA124E1A0CA6
:106890009BB2AAEB0303DCF800A013FA8AF306FB11
:1068A0000E220093009B4FEA124E92B2C2EB1A42A4
:1068B00002EB2342BDF80030814543EA02434CF825
:1068C000043B4FEA224ADBD255F80B302BB9019B2F
:1068D000043B9D421A462CD33C61384601F04CFBE8
:1068E000002822DB01362946002058F8042BD1F875
:1068F00000C093B2C31A120C13FA8CF3C2EB1C4201
:1069000002EB23429BB243EA0243C14541F8043BF8
:106910004FEA2240E9D255F8242005EB840322B93E
:10692000043B9D421A460AD33C61304603B0BDE8A1
:10693000F08F1268043B002ACED1013CC9E71268EF
:10694000043B002AF0D1013CEBE70020EEE7000019
:106950002DE9F04F2DED048BC56993B08DED020B41
:1069600057EC106BDDF88080079104460A920D9376
:1069700075B9102000F022FF0246E06120B9AE4B4D
:10698000EF21AE4801F0AAFDC0E901550560C560E0
:10699000E369196851B15A684A60012393408B60DA
:1069A000204601F0ADF8E36900221A603B1EBBBF30
:1069B00023F00043039300230122ACBFC8F800304A
:1069C000C8F800209E4BDDF80C8033EA08031BD189
:1069D0000D9A42F20F731360C8F31303334300F0B0
:1069E0009385219B63B9974B27E0974B009308331E
:1069F000219A1360009813B0BDEC048BBDE8F08FB2
:106A0000904B00930333F3E79DED027B002251ECA2
:106A1000170BB0EE478AF0EE678A0023FAF764F8A6
:106A2000814660B10D9A01231360219B002B00F079
:106A30006885864B219A1360013B0093DAE710AA20
:106A400011A92046B0EE480AF0EE680A01F03AFBC0
:106A5000C8F30A558246002D7FD018EE903AC3F352
:106A6000130343F07F5351EC180B43F44013A5F28A
:106A7000FF35CDF8389019460022754BF9F714FC14
:106A800067A3D3E90023F9F7C7FD67A3D3E9002380
:106A9000F9F70CFC064628460F46F9F753FD64A3A8
:106AA000D3E90023F9F7B8FD02460B4630463946D4
:106AB000F9F7FCFB06460F46FAF75EF8002283461C
:106AC000002330463946FAF719F848B15846F9F725
:106AD00039FD32463B46FAF707F808B90BF1FF3BA0
:106AE000BBF1160F57D85B4B03EBCB03D3E9002365
:106AF00051EC180BFAF702F800284ED00BF1FF3BCF
:106B000000230C93109B5B1B5A1E45BFC3F101036E
:106B1000059300230023069254BF05930693BBF10F
:106B2000000F3CDB069BCDF82CB05B4406930023A2
:106B30000893079B092B68D8052BC4BF043B079318
:106B4000079BA3F10203CCBF00250125032B00F214
:106B50008580DFE803F02E3B3958DDE910531D44F2
:106B600005F23243202BC1BFC3F1400308FA03F8FA
:106B700005F2124326FA03F3D6BFC3F1200348EA15
:106B8000030006FA03F0F9F7CDFC0122A1F1F87336
:106B9000013D0E926FE70123B3E70C90B2E7059B2E
:106BA000A3EB0B030593CBF10003089300230B9396
:106BB000BFE7002309930A9B002B52DC01230193BA
:106BC00004931A460A920BE00123F3E7002309938A
:106BD0000A9B5B4401930133012B0493B8BF01234B
:106BE000E0690021042202F114069E423DD9416071
:106BF000204600F045FF0090002839D1164B024690
:106C000040F2AF11BDE60123E1E701250023079320
:106C100009954FF0FF330193049300221223D1E72B
:106C200061436F63A787D23FB3C8608B288AC63F92
:106C3000FB799F501344D33FCDAF0208E4AF020865
:106C40000000F07FC9AF0208C0AF02089DAF020884
:106C50000000F83FE0B002083CB0020801230993AD
:106C6000D7E70A9B01930493BAE701315200BAE7D0
:106C7000E369009A1A60049B0E2B00F2A880002D95
:106C800000F0A580BBF1000F38DDC04B0BF00F0208
:106C900003EBC2031BF4807FD3E900674FEA2B1894
:106CA00019D0BB4B51EC180BD3E90823F9F7DEFDE3
:106CB000CDE9020108F00F080325DFF8D492B8F1FE
:106CC000000F0AD1DDE9020132463B46F9F7CEFD5D
:106CD000CDE902012BE00225EFE718F0010F08D003
:106CE00030463946D9E90023F9F796FC01350646C6
:106CF0000F464FEA680809F10809E0E700F09F80B5
:106D0000CBF10006A14BA24F06F00F0203EBC2032A
:106D1000D3E9002351EC180BF9F77EFCCDE9020111
:106D2000361100230225002E7ED1002BD0D10C9BE2
:106D3000DDE90289002B00F08480964B002240465A
:106D40004946F9F7DBFE00287BD0049B002B78D066
:106D5000019B002B39DD904B002240464946F9F754
:106D60005BFCCDE90201019E0BF1FF370135DDE946
:106D700002892846F9F7E6FB42464B46F9F74CFCF8
:106D8000864B0022F9F792FAA1F15073CDE9020186
:106D90000393002E58D1824B002240464946F9F712
:106DA00083FADDE9022380468946F9F7C5FE00280B
:106DB00040F09682DDE90221404601F10043494658
:106DC000F9F79CFE002840F089828DED028B119B23
:106DD000002BC0F24E81BBF10E0F00F34A816B4BCA
:106DE00003EBCB03D3E900890A9B002B80F2DC8004
:106DF000049B002B00F3D88040F06F82684B002288
:106E000040464946F9F708FCDDE90223F9F78AFE16
:106E1000049E3746002840F04582009D312305F846
:106E2000013B0BF1010B41E2F20705D5D7E9002345
:106E3000F9F7F2FB013501237610083773E70225D5
:106E400075E7049E5F4692E70099504B9DED027BEB
:106E5000314402910999B0EE479AF0EE679A03EB3C
:106E6000C60353E90223002944D04E490020F9F714
:106E7000FDFC53EC192BF9F717FA009D41EC190BA7
:106E800049464046F9F778FE0646F9F75BFB0246AD
:106E90000B4640464946F9F707FA303605F8016BCC
:106EA00053EC192B80468946F9F728FE002864D157
:106EB00042464B4637490020F9F7F6F953EC192BB7
:106EC000F9F71CFE002840F0B680029B9D423FF47B
:106ED0007CAF314B51EC190B0022F9F79DFB2E4B87
:106EE00041EC190B002240464946F9F795FB8046D4
:106EF0008946C5E751EC170BF9F78EFB029B009D05
:106F00000F9341EC190B49464046F9F735FE06460A
:106F1000F9F718FB303602460B4640464946F9F76A
:106F2000C3F905F8016B029B9D42804689464FF0EC
:106F3000000224D11B4B51EC190BF9F7B7F90246AB
:106F40000B4640464946F9F7F7FD002873D153EC4C
:106F5000192B14490020F9F7A7F902460B464046C1
:106F60004946F9F7CBFD00283FF42FAF0F9D6B1E6C
:106F70000F9315F8013C302BF8D0BB464AE0064B86
:106F8000F9F74AFB80468946BDE700BFE0B002083A
:106F9000B8B002080000F03F0000244000001C4090
:106FA000000014400000E03FDDE90267009D42461A
:106FB0004B4630463946F9F759FCF9F7DDFD0190AB
:106FC000F9F7C0FA42464B46F9F726FB02460B4654
:106FD00030463946F9F768F9019E049F303605F8C6
:106FE000016B009EAE1BB74202460B4634D1F9F747
:106FF0005DF942464B4606460F46F9F79DFDC8B976
:1070000042464B4630463946F9F76EFD10B1019BBA
:10701000DB070FD45146204600F072FD00230D9A85
:107020002B700BF101031360219B002B3FF4E2ACAA
:107030001D60DFE45F462B461D4613F8012D392AFB
:1070400006D1009A9A42F7D10099302201370A708E
:107050001A7801321A7090E7A34B0022F9F7DCFA94
:107060000022002306460F46F9F73EFD00289ED079
:10707000D0E7099A002A00F0CA80079A012A00F393
:10708000AD800E9A002A00F0A58003F23343089EDB
:10709000059D059A1A440592069A01211A44204634
:1070A000069200F0E3FD074665B1069B002B09DD63
:1070B000AB42059AA8BF2B46D21A0592069AED1A42
:1070C000D31A0693089BF3B1099B002B00F0A38011
:1070D000002E10DD39463246204600F087FE52462B
:1070E00001460746204600F0D7FD5146804620461F
:1070F00000F006FDC246089B9A1B04D0514620466C
:1071000000F074FE82460121204600F0AFFD0B9B8B
:10711000002B064640F381801A460146204600F0C7
:1071200065FE079B012B06467ADD4FF000083369A8
:1071300006EB8303186900F04BFDC0F12000069BAD
:10714000184410F01F0000F09480C0F12003042BBD
:1071500040F38580059BC0F11C0003440593069B0A
:10716000034405440693059B002B05DD51461A4652
:10717000204600F095FE8246069B002B05DD314639
:107180001A46204600F08CFE06460C9B002B72D05F
:107190003146504600F0F0FE00286CDA00235146DC
:1071A0000A22204600F0CEFC099B0BF1FF3B8246F1
:1071B000002B00F0B081002339460A22204600F05F
:1071C000C1FC019B002B074600F39680079B022B16
:1071D00059DC91E0109BC3F1360358E7049B5E1E17
:1071E000089BB342BFBF089B0B9A0896F31AB4BF23
:1071F000D2189E1B049BBCBF0B920026002BB7BF6E
:10720000DDE90423DDE904359D1A002341E7089EEA
:10721000059D099F48E7089A70E7079B012B19DC39
:10722000029BBBB9039BC3F313039BB9039B23F0DE
:1072300000431B0D1B0583B1059B01330593069B82
:10724000013306934FF001080B9B002B7FF46FAFC7
:10725000012074E74FF00008F6E79846F4E782D083
:10726000059A1C331A440592069A1A441D44069244
:1072700079E70346F4E7049B002B37DC079B022BDE
:1072800034DD049B0193019B63B9314605222046FE
:1072900000F058FC01460646504600F06DFE0028FE
:1072A0003FF7BBAD0A9B009D6FEA030B4FF0000850
:1072B0003146204600F024FC002F3FF4ABAEB8F17D
:1072C000000F05D0B84503D04146204600F018FC19
:1072D0003946204600F014FC9CE600263746E1E7DC
:1072E000BB46374699E500BF00002440099B002BB0
:1072F00000F0C880049B0193002D05DD39462A4625
:10730000204600F0CDFD0746B8F1000F5BD079684C
:10731000204600F0B5FB054628B9834B024640F2F3
:10732000EF21FFF72EBB3A690232920007F10C0100
:107330000C30FFF776FA01222946204600F0B0FD16
:10734000009B01330493DDE9002313440893029B5F
:1073500003F00103B84606930746049B3146013B00
:1073600050460193FFF76BFA4146029000F1300955
:10737000504600F001FE3A4605903146204600F0A6
:1073800017FEC268054602BB0146504600F0F4FDF8
:10739000024629462046099200F0B2FB079B099A53
:1073A000049D43EA0201069B194310D1B9F1390F3C
:1073B00029D0059B002B02DD029B03F13109019BC3
:1073C00083F8009074E73846BAE70122E1E7059BAD
:1073D000002B04DB07990B4306990B4320D1002AAD
:1073E000EDDD51460122204600F05AFD314682462D
:1073F00000F0C2FD002803DCE1D119F0010FDED05E
:10740000B9F1390FD8D1019A392313702B461D4693
:10741000013B15F8012C392A6CD001321A7047E76C
:10742000002A07DDB9F1390FEDD0019A09F1010306
:1074300013703DE7049B089A03F8019C934243D0E4
:10744000514600230A22204600F07CFBB8458246C4
:107450004FF000034FF00A024146204607D100F0EA
:1074600071FB80460746049B0133049375E700F0E7
:1074700069FB3946804600230A22204600F062FB61
:107480000746F0E7049B0193009D31465046FFF705
:10749000D6F900F13009009B05F8019BEA1A019B1F
:1074A000934207DD514600230A22204600F04AFBA2
:1074B0008246EAE7019B002BC8BF1D46009BD8BF50
:1074C00001251D444FF0000851460122204600F0DE
:1074D000E7FC3146824600F04FFD002896DC02D1E1
:1074E00019F0010F92D12B461D4613F8012D302AB9
:1074F000FAD0DDE6009A9A4289D10BF1010B3123D3
:1075000096E70A4BFFF799BA219B002B7FF46DAAEF
:10751000074BFFF792BA019B002BB5DC079B022BB0
:107520003FF7B1AEB0E700BF3CB002089CAF020825
:10753000C0AF02089368013B002B10B4936008DAD7
:107540009469A34201DB0A2903D15DF8044B00F0E2
:1075500056BE1368581C1060197008465DF8044B3D
:107560007047F8B506460F461446D518AC4201D10F
:10757000002007E014F8011B3A463046FFF7DAFF17
:10758000431CF3D1F8BD00002DE9F04F0D469DB02E
:1075900014469846064618B1036A0BB9FFF764F81B
:1075A0006B6ED90705D4AB899A0502D4A86DFFF795
:1075B00036F9AB891B0701D52B699BB929463046A3
:1075C00000F05AFE70B16B6EDC0704D54FF0FF304F
:1075D0001DB0BDE8F08FAB899805F7D4A86DFFF713
:1075E0001FF9F3E70023099320238DF82930CDF804
:1075F0000C803023DFF8B0818DF82A304FF001097C
:1076000023469A4613F8012B0AB1252AF9D1BAEB81
:10761000040B0BD05B46224629463046FFF7A1FFFC
:10762000013000F0A980099A5A4409929AF8003072
:10763000002B00F0A18000234FF0FF32CDE905239D
:107640000AF1010A049307938DF853301A935446B4
:10765000052214F8011B5448F8F7CAFD049AD8B95A
:10766000D10644BF20238DF85330130744BF2B238A
:107670008DF853309AF800302A2B15D0079A5446CB
:1076800000204FF00A0C214611F8013B303B092B3A
:107690004DD9B0B1079214E0A0EB080309FA03F347
:1076A00013430493A246D2E7039B191D1B68039161
:1076B000002BBBBF5B4242F0020207930793B8BFA7
:1076C000049223782E2B0CD163782A2B34D1039B80
:1076D0001A1D1B680392002BB8BF4FF0FF33023412
:1076E0000593DFF8D4A0217803225046F8F780FDF7
:1076F00038B1049BA0EB0A004022824013430134BE
:10770000049314F8011B29488DF828100622F8F775
:107710006FFD00283FD0264B1BBB039B073323F094
:10772000070308330393099B3B44099368E70CFB69
:1077300002320C460120A6E70023013405931946C6
:107740004FF00A0C204610F8012B303A092A03D9D1
:10775000002BC6D00591C4E70CFB01210446012390
:10776000F0E703AB00932A46124B04A93046FEF71C
:1077700029FB0746781CD6D16B6ED90705D4AB8997
:107780009A0502D4A86DFFF74BF8AB895B063FF56D
:107790001DAF09981CE703AB00932A46054B04A9CB
:1077A0003046FEF7B3FDE4E74DB0020857B00208DB
:1077B000C55D00086375000853B00208024B01461E
:1077C000186800F023B800BF6400002070B50E4EAA
:1077D0000C463168054611B900F05EFE3060214666
:1077E000284600F059FE431C0AD0C41C24F00304B0
:1077F000A04207D0211A284600F04EFE013001D1E8
:107800004FF0FF34204670BD000902202DE9F843F7
:10781000CD1C25F0030508350C2D38BF0C25002D97
:10782000074601DBA94205D90C233B600026304600
:10783000BDE8F883DFF8D08000F016F9D8F8003002
:107840001C465CBB29463846FFF7C0FF431C044674
:1078500055D1D8F800402646002E45D1002C48D0FE
:1078600023683146384604EB030900F015FE8145D4
:107870003FD121686D1A29463846FFF7A7FF01302E
:1078800037D023682B442360D8F80030002B38D041
:107890005A68A2422BD100225A600FE02268521B84
:1078A0001FD40B2A17D96119A342256018BF59604C
:1078B000636808BFC8F8001062514B60384604F195
:1078C0000B0600F0D7F826F00706231DF21AAED0FB
:1078D0009B1BA350ABE7A3426268DDD1C8F8002030
:1078E000ECE723466468ACE734467668B4E71346B1
:1078F000CCE70C233B60384600F0BCF897E72560E6
:10790000DCE75B60FFDE00BFFC0802208A892DE90E
:10791000F041054610070C4658D44B68002B05DC97
:107920000B6C002B02DC0020BDE8F081E66A002E23
:10793000F9D0002312F480522F68216A2B6032D0D4
:10794000606DA3895A0705D56368C01A636B0BB1D4
:10795000236CC01A00230246E66A216A2846B04713
:10796000431CA38906D129681D292BD8294A0A411D
:10797000D60727D400226260D9042269226004D588
:10798000421C01D12B6803B96065616B2F6000292F
:10799000C9D004F14403994202D0284600F0D2FD38
:1079A00000206063C0E701232846B047411CC8D1CE
:1079B0002B68002BC5D01D2B01D0162B01D12F60B9
:1079C000B1E7A38943F04003A381ADE70F69002F1E
:1079D000A9D093070E6808BF4B690F6018BF00233A
:1079E000A6EB07088B60B8F1000F9CDD216AA66A40
:1079F00043463A462846B047002806DCA38943F0B0
:107A00004003A3814FF0FF308EE70744A8EB000846
:107A1000E9E700BFFEFFBFDF38B50B6905460C463E
:107A200013B90025284638BD18B1036A0BB9FEF713
:107A30001BFEB4F90C30002BF3D0626ED00704D4D7
:107A4000990502D4A06DFEF7EAFE28462146FFF70D
:107A50005DFF636EDA070546E4D4A3899B05E1D494
:107A6000A06DFEF7DDFEDDE70148FEF7D8BE00BFE2
:107A7000F80802200148FEF7D3BE00BFF808022034
:107A800070B5C66904460D4676B91020FFF796FE1C
:107A90000246E06120B9184B18486B2100F01EFD2A
:107AA000C0E901660660C660E669F36883B1E36910
:107AB000DB6853F82500B8B9012101FA05F6721DFB
:107AC0009200204600F028FD60B1C0E901560EE0AA
:107AD00021220421204600F01FFDE369F060DB68ED
:107AE000002BE4D1002070BD026843F8252000235C
:107AF000C0E90333F7E700BFCDAF02085EB002086C
:107B000070B5C66905460C4676B91020FFF756FEDB
:107B10000246E86120B9094B09488F2100F0DEFCDC
:107B2000C0E901660660C6603CB1EB696268DB686B
:107B300053F82210216043F8224070BDCDAF0208F7
:107B40005EB002082DE9F0410D6907460C461E465D
:107B500001F1140C0020DCF8003099B202FB016145
:107B60001E0C0B0C02FB063389B2013001EB034102
:107B700085424CF8041B4FEA1346ECDC0EB3A368B5
:107B8000AB4219DC616838460131FFF779FF804666
:107B900028B902460C4B0D48BA2100F09FFC22691F
:107BA000023204F10C0192000C30FEF73AFE21463D
:107BB0003846FFF7A5FF444604EB850301355E61B7
:107BC00025612046BDE8F0813CB002085EB00208A5
:107BD000030C1B04D3B90004102310F07F4F04BF23
:107BE0000002083310F0704F04BF0001043310F09E
:107BF000404F04BF80000233002805DB10F0804FA7
:107C000003F1010308BF2023184670470023E4E76F
:107C1000036813F007020CD0D90722D49A0749BF92
:107C20005B089B08036001225CBF036002221046D0
:107C3000704799B209B91B0C1022D9B209B90832A0
:107C40001B0A190704BF1B090432990704BF9B08CC
:107C50000232D90703D45B0802F1010203D00360AA
:107C6000E5E70022E3E72022E1E7000010B50C463B
:107C70000121FFF705FF024628B9054B054840F2F0
:107C8000451100F02BFC01234461036110BD00BFCE
:107C90003CB002085EB002082DE9F04F91460A6937
:107CA000D9F810309A42B8BF0B460C46BCBF4C46C0
:107CB00099462769D9F810A0A368616807EB0A06FE
:107CC000B34285B0B8BF0131FFF7DAFE30B90246E2
:107CD000444B45484FF4B17100F000FC00F114052D
:107CE00005EB86082B460022434521D304F11403FB
:107CF00003EB870709F1140303EB8A0202923A1B94
:107D0000153A22F00302043204F115018F4238BF04
:107D100004220192029A03939A420CD8002E03DDAA
:107D200058F8043D002B5BD0066105B0BDE8F08F2C
:107D300043F8042BD8E7B3F800A0BAF1000F24D021
:107D400004F1140EA9464FF0000C5EF8042BD9F88C
:107D500000101FFA82FB89B20AFB0B114FEA124B8B
:107D6000D9F8002061444FEA124C0AFB0BC202EB27
:107D7000114289B241EA0241774549F8041B4FEAB2
:107D8000124CE2D8019A45F802C0039AB2F8029068
:107D90000433B9F1000F21D0296804F1140CAE4668
:107DA0004FF0000ABCF800B0BEF8022009FB0B221D
:107DB000524489B241EA02414EF8041B5CF8041BAC
:107DC0004FEA114ABEF8001009FB0A1101EB1241FB
:107DD00067454FEA114AE5D8019AA950043599E759
:107DE000013E9BE73CB002085EB002082DE9F84373
:107DF000154612F0030206460F4607D0254C013AFD
:107E0000002354F82220FFF79DFE0746AD103DD019
:107E1000F4697CB91020FFF7D1FC0246F06128B963
:107E20001D4B1E4840F2B31100F058FBC0E901445D
:107E30000460C460D6F81C80D8F808404CB940F201
:107E400071213046FFF712FF0023C8F808000446EE
:107E500003604FF00009EB070AD539462246304649
:107E6000FFF71AFF394680463046FFF749FE47467E
:107E70006D100BD0206838B9224621463046FFF7F6
:107E80000BFF2060C0F800900446E4E73846BDE8E8
:107E9000F88300BFA8B10208CDAF02085EB00208A7
:107EA0002DE9F0470C464968236903EB6218A36883
:107EB000074691464FEA621A08F10106B3420BDB0E
:107EC0003846FFF7DDFD054648B90246284B2948EC
:107ED0004FF4EF7100F002FB01315B00EEE700238D
:107EE00000F1140100F110021846534533DB2069FC
:107EF0002AEAEA7A04F1140319F01F0901EB8A0156
:107F000003EB800C2BD0C9F1200E8A4600221868A2
:107F100000FA09F010434AF8040B53F8042B9C456F
:107F200022FA0EF2F3D8ACEB0403153B23F0030363
:107F3000043304F11500844538BF0423CA500AB144
:107F400008F10206013E38462E612146FFF7D8FDB2
:107F50002846BDE8F08742F8040F0133C5E704392D
:107F600053F8042B41F8042F9C45F9D8EAE700BFE9
:107F70003CB002085EB0020830B502690C69121B01
:107F80000ED100F11403143103EB840001EB8401E2
:107F900050F8045D51F8044DA54203D005D30122E9
:107FA000104630BD8342F3D3FAE74FF0FF32F7E7D4
:107FB0002DE9F84F0C460646114620469046FFF73D
:107FC000DBFF051E10D129463046FFF759FD30B9B9
:107FD0003A4B024640F23721394800F07FFA01233C
:107FE000C0E90435BDE8F88FA4BF4346A04630463B
:107FF000D8F80410A6BF1C4600250125FFF740FD58
:1080000020B92E4B024640F24521E5E7D8F8107022
:108010002669C56004F1140908F1140500F1140E75
:1080200005EB870C09EB860608F11002F2460021E9
:1080300059F8043B52F804BF11FA8BF899B21B0CA3
:10804000A8EB0108C3EB1B4303EB28431FFA88F896
:1080500019144E4548EA03434AF8043BE8D8331B59
:10806000153B23F0030304331534A64238BF042321
:108070001D4473449E462E4666450ED30CF1030202
:10808000521B22F00302033DAC4538BF00221344CB
:1080900053F8042D7AB10761A4E756F8048B11FA5E
:1080A00088F2141404EB184492B242EA04424EF8E7
:1080B000042B2114E0E7013FEAE700BF3CB00208CF
:1080C0005EB002082DE9F7430F46012159EC108BF1
:1080D0001646FFF7D5FC044630B90246244B254826
:1080E00040F20F3100F0FAF9C9F30A55C9F313034E
:1080F0002DBB0193B8F1000326D068460093FFF72B
:1081000087FDDDE90012E8B1C0F1200302FA03F3B4
:108110000B43C24063610192019BA361002B14BF1A
:10812000022201222261BDB1A5F2334505443D6022
:10813000C0F135003060204603B0BDE8F08343F461
:108140008013D6E76161E7E701A8FFF761FD019BB6
:10815000636120300122E5E704EB8203A0F23240A4
:1081600038601869FFF734FDC0EB4210E2E700BF4A
:108170003CB002085EB0020810B50C46B1F90E1012
:1081800000F078F90028ABBF636DA3891B1823F4B6
:108190008053ACBF6365A38110BD2DE9F0411F463C
:1081A0008B89DB0505460C46164605D5B1F90E1040
:1081B0000223002200F04CF9A389B4F90E1023F435
:1081C0008053A38132463B462846BDE8F04100F08B
:1081D00073B910B50C46B1F90E1000F039F9431C13
:1081E000A38915BF606523F4805343F48053A381B2
:1081F00018BFA38110BDB1F90E1000F0F7B8F8B5A3
:108200000E461446054618B1036A0BB9FEF72CFA60
:10821000A369A360A3891A0725D523691BB3236823
:108220002269981A6369F6B28342374604DC214614
:108230002846FFF7F1FBE0B9A368013BA360236880
:108240005A1C22601E706269431C9A4204D0A389A2
:10825000DB0706D50A2E04D121462846FFF7DCFBB2
:1082600038B93846F8BD2146284600F005F8002800
:10827000D5D04FF0FF37F4E738B52A4B05461868DC
:108280000C4618B1036A0BB9FEF7EEF9A389B4F9ED
:108290000C20180722D4D90607D409232B6042F0FA
:1082A0004003A3814FF0FF3034E0580712D5616BD3
:1082B00041B104F14403994202D0284600F042F94A
:1082C00000236363A38923F02403A3810023636055
:1082D00023692360A38943F00803A38123694BB971
:1082E000A38903F42073B3F5007F03D02146284609
:1082F00000F040F8A089B4F90C2010F001030AD076
:108300000023A36063695B42A361236943B910F052
:108310008000C4D138BD810758BF6369A360F4E70A
:108320000020F7E76400002070B50C46B1F90E108C
:10833000002996B015461E460DDAA38913F0800F6A
:108340004FF000010CBF4FF48063402300203160E8
:108350002B6016B070BD6A4600F058F80028ECDBC0
:10836000019901F47041A1F50053594259414FF46C
:108370008063EBE78B8973B59D0706460C4607D5EE
:1083800004F14703236023610123636102B070BDE0
:1083900001AB6A46FFF7C8FF009905463046FFF774
:1083A00035FA48B9B4F90C309A05EFD423F0030339
:1083B00043F00203A381E3E7A389206043F0800335
:1083C000A381009B6361019B20615BB1B4F90E1036
:1083D000304600F02DF828B1A38923F0030343F0C1
:1083E0000103A381A3891D43A581CFE738B5064DBD
:1083F0000023044608462B60F8F704FF431C02D113
:108400002B6803B1236038BD0409022038B5074D3D
:1084100000230446084611462B60F8F7F7FE431C7C
:1084200002D12B6803B1236038BD00BF04090220CC
:1084300038B5064D0023044608462B60F8F7ECFEDD
:10844000431C02D12B6803B1236038BD040902200C
:1084500038B5074D04460846114600222A601A46E0
:10846000F8F7DCFE431C02D12B6803B1236038BD52
:108470000409022038B5074D04460846114600227B
:108480002A601A46F8F7A2FE431C02D12B6803B1FA
:10849000236038BD0409022038B5064D0023044688
:1084A00008462B60F8F7BCFE431C02D12B6803B1D1
:1084B000236038BD0409022038B5074D044608463C
:1084C000114600222A601A46F8F78EFE431C02D19C
:1084D0002B6803B1236038BD040902201FB5144680
:1084E0001A46094B1B680546D8684CB1074B0091EA
:1084F000CDE9013406492B4600F082F800F09FF8E0
:10850000044B1C46F3E700BF64000020BFB2020822
:10851000CCB20208FAB2020837B5A1FB02244CB96A
:1085200011460192FFF772F9019A054630B92846C3
:1085300003B030BD0C2202600025F8E72146FEF7AB
:1085400037F9F4E737B5002944D051F8043C0190DD
:10855000002BA1F10404B8BFE418FFF785FA1E4A06
:108560000198136833B96360146003B0BDE830400C
:10857000FFF780BAA34208D9256861198B4201BF71
:1085800019685B6849192160EDE71A465B680BB111
:10859000A342FAD911685518A5420BD12468214489
:1085A0005418A3421160E0D11C685B6853600C440E
:1085B0001460DAE702D90C230360D6E72568611955
:1085C0008B4204BF19685B68636004BF491921606E
:1085D0005460CAE703B030BDFC08022082B001B984
:1085E00001A942B14BB113780B601278101E18BF6D
:1085F000012002B070471046FBE76FF00100F8E77A
:108600000EB403B5014603AB054853F8042B0068CC
:108610000193FEF7B9FF02B05DF804EB03B07047B9
:108620006400002049B1FF2A85BF8A2303600A70D5
:108630004FF0FF3098BF012070470846704708B5DB
:10864000062000F02BF80120F8F7BAFD1F2938B5F5
:1086500004460D4604D9162303604FF0FF3038BDA1
:10866000C26B12B152F821304BB9204600F030F8FD
:108670002A4601462046BDE8384000F017B8012BD5
:108680000AD0591C03D1162303600120E7E7002418
:1086900042F82540284698470020E0E7024B014673
:1086A0001868FFF7D3BF00BF6400002038B5074D3E
:1086B00000230446084611462B60F8F779FD431C59
:1086C00002D12B6803B1236038BD00BF040902202A
:1086D000F8F76CBDF8B500BFF8BC08BC9E46704703
:0C86E000F8B500BFF8BC08BC9E4670470F
:1086F0000000000000000000010203040607080952
:108700000000000001020304A0860100400D0300E8
:10871000801A060000350C0040420F0080841E00C5
:1087200000093D0000127A000024F40000366E01BA
:108730000048E801006CDC0208000010100000088E
:108740001800001820000004280000143000000C5D
:108750003800001C40000002480000125000000ACF
:108760005800001A60000006680000167000000E35
:108770007800001E800000018800001190000009B0
:1087800098000019A0000005A8000015B000000D19
:10879000B800001DC0000003C8000013D000000B8B
:1087A000D800001BE0000007E8000017F000000FF1
:1087B000F800001F080180101001800818018018BF
:1087C00020018004280180143001800C3801801CB5
:1087D00040018002480180125001800A5801801A2D
:1087E00060018006680180167001800E7801801E8D
:1087F000880180119001800998018019A0018005ED
:10880000A8018015B001800DB801801DC001800352
:10881000C8018013D001800BD801801BE0018007C4
:10882000E8018017F001800FF801801F0802401056
:108830001002400818024018200240042802401488
:108840003002400C3802401C480240125002400ADC
:108850005802401A60024006680240167002400E3C
:108860007802401E88024011900240099802401987
:10887000A0024005A8024015B002400DB802401DFC
:10888000C0024003C8024013D002400BD802401B74
:10889000E0024007E8024017F002400FF802401FD4
:1088A0000803C0101003C0081803C0182003C00438
:1088B0002803C0143003C00C3803C01C4803C01286
:1088C0005003C00A5803C01A6003C0066803C016EC
:1088D0007003C00E7803C01E8803C0119003C00946
:1088E0009803C019A003C005A803C015B003C00DAC
:1088F000B803C01DC803C013D003C00BD803C01BEE
:10890000E003C007E803C017F003C00FF803C01F5F
:10891000080420101004200818042018280420142B
:108920003004200C3804201C480420125004200A73
:108930005804201A60042006680420167004200ED3
:108940007804201E8804201190042009980420191E
:10895000A0042005A8042015B004200DB804201D93
:10896000C8042013D004200BD804201BE0042007E7
:10897000E8042017F004200FF804201F0805A010B9
:108980001005A0081805A0182805A0143005A00C93
:108990003805A01C4805A0125005A00A5805A01AC9
:1089A0006005A0066805A0167005A00E7805A01E3B
:1089B0008805A0119005A0099805A019A805A01583
:1089C000B005A00DB805A01DC805A013D005A00BCB
:1089D000D805A01BE005A007E805A017F005A00F2B
:1089E000F805A01F08066010100660081806601839
:1089F000280660143006600C3806601C48066012B9
:108A00005006600A5806601A680660167006600E06
:108A10007806601E88066011900660099806601945
:108A2000A8066015B006600DB806601DC806601384
:108A3000D006600BD806601BE0066007E8066017EA
:108A4000F006600FF806601F0807E0101007E00846
:108A50001807E0182807E0143007E00C3807E01C7E
:108A60004807E0125007E00A5807E01A6807E016C6
:108A70007007E00E7807E01E8807E0119007E00914
:108A80009807E019A807E015B007E00DB807E01D4A
:108A9000C807E013D007E00BD807E01BE807E01792
:108AA000F007E00FF807E01F08081010180810186A
:108AB000280810143008100C3808101C4808101230
:108AC0005008100A5808101A680810167008100E7E
:108AD0007808101E880810119008100998081019BD
:108AE000A8081015B008100DB808101DC8081013FC
:108AF000D008100BD808101BE8081017F008100F4A
:108B0000F808101F080990101809901828099014E7
:108B10003009900C3809901C480990125009900AAD
:108B20005809901A680990167009900E7809901EDD
:108B30008809901198099019A8099015B009900D0D
:108B4000B809901DC8099013D009900BD809901B43
:108B5000E8099017F009900FF809901F080A5010C3
:108B6000180A5018280A5014300A500C380A501CA1
:108B7000480A5012580A501A680A5016700A500EC5
:108B8000780A501E880A5011980A5019A80A5015E0
:108B9000B00A500DB80A501DC80A5013D00A500B25
:108BA000D80A501BE80A5017F00A500FF80A501F55
:108BB000080BD010180BD018280BD014300BD00C89
:108BC000380BD01C480BD012580BD01A680BD0169B
:108BD000700BD00E780BD01E880BD011980BD019CB
:108BE000A80BD015B00BD00DB80BD01DC80BD013EF
:108BF000D80BD01BE80BD017F00BD00FF80BD01F01
:108C0000080C3010180C3018280C3014380C301C9C
:108C1000480C3012580C301A680C3016700C300E9C
:108C2000780C301E880C3011980C3019A80C3015B7
:108C3000B00C300DB80C301DC80C3013D80C301BE4
:108C4000E80C3017F00C300FF80C301F080DB01086
:108C5000180DB018280DB014380DB01C480DB01206
:108C6000580DB01A680DB016700DB00E780DB01E0C
:108C7000880DB011980DB019A80DB015B80DB01D24
:108C8000C80DB013D80DB01BE80DB017F00DB00F24
:108C9000F80DB01F080E7010180E7018280E701402
:108CA000380E701C480E7012580E701A680E70162E
:108CB000780E701E880E7011980E7019A80E70151F
:108CC000B80E701DC80E7013D80E701BE80E70170A
:108CD000F00E700FF80E701F080FF010180FF0183C
:108CE000280FF014380FF01C480FF012580FF01A2C
:108CF000680FF016780FF01E880FF011980FF0191A
:108D0000A80FF015B80FF01DC80FF013D80FF01B07
:108D1000E80FF017F80FF01F1810081828100814A3
:108D20003810081C481008125810081A6810081645
:108D30007810081E8810081198100819A810081536
:108D4000B810081DC8100813D810081BE810081721
:108D5000F810081F18118818281188143811881C59
:108D6000481188125811881A681188167811881EBF
:108D700098118819A8118815B811881DC811881371
:108D8000D811881BE8118817F811881F1812481885
:108D9000281248143812481C5812481A68124816EB
:108DA0007812481E98124819A8124815B812481D82
:108DB000C8124813D812481BE8124817F812481F67
:108DC0001813C8182813C8143813C81C5813C81A05
:108DD0006813C8167813C81E9813C819A813C815A5
:108DE000B813C81DD813C81BE813C817F813C81F39
:108DF000181428183814281C5814281A681428160F
:108E00007814281E98142819A8142815B814281D99
:108E1000D814281BE8142817F814281F1815A818A8
:108E20003815A81C5815A81A6815A8167815A81E74
:108E30009815A819B815A81DD815A81BE815A817C6
:108E4000F815A81F181668183816681C5816681ADE
:108E50007816681E98166819B816681DD816681B0B
:108E6000E8166817F816681F1817E8183817E81C6E
:108E70005817E81A7817E81E9817E819B817E81D68
:108E8000D817E81BF817E81F3818181C5818181AB4
:108E90007818181E98181819B818181DD818181B03
:108EA000F818181F3819981C5819981A7819981E0C
:108EB000B819981DD819981BF819981F381A581CFA
:108EC000781A581EB81A581DD81A581BF81A581F65
:108ED000381BD81C781BD81EB81BD81DF81BD81FF0
:108EE000781C381EB81C381DF81C381F781DB81E99
:108EF000F81DB81FF81E781F0800000210000001BE
:108F0000180000032000800028008002300080014B
:108F100038008003480040025000400158004003E0
:108F20006000C0006800C0027000C0017800C0038B
:108F3000880020029000200198002003A800A002D1
:108F4000B000A001B800A003C8006002D00060011A
:108F5000D8006003E800E002F000E001F800E00360
:108F6000080110021801100328019002300190013D
:108F70003801900348015002580150036801D002A3
:108F80007001D0017801D0038801300298013003CC
:108F9000A801B002B801B003C8017002D801700383
:108FA000E801F002F801F003180208032802880221
:108FB00038028803580248036802C8027802C803CE
:108FC00098022803B802A803D8026803F802E8034D
:108FD000380398037803D8030800400010002000ED
:108FE0001800600028005000380070005800680029
:108FF00008000020100000101800003020000008B9
:109000002800002830000018380000384000000414
:109010004800002450000014580000346000000C88
:109020006800002C7000001C7800003C80000002EA
:10903000880000229000001298000032A000000A70
:10904000A800002AB000001AB800003AC0000006CC
:10905000C8000026D0000016D8000036E000000E40
:10906000E800002EF000001EF800003E080100217C
:109070001001001118010031200100092801002908
:109080003001001938010039400100054801002570
:1090900050010015580100356001000D6801002DD8
:1090A0007001001D7801003D80010003880100234C
:1090B0009001001398010033A001000BA801002BC0
:1090C000B001001BB801003BC0010007C801002728
:1090D000D0010017D8010037E001000FE801002F90
:1090E000F001001FF801003F0802802010028010EC
:1090F0001802803020028008280280283002801860
:1091000038028038400280044802802450028014D3
:10911000580280346002800C6802802C7002801C2F
:109120007802803C8802802290028012980280326D
:10913000A002800AA802802AB002801AB802803AEF
:10914000C0028006C8028026D0028016D80280366F
:10915000E002800EE802802EF002801EF802803EBF
:109160000803802110038011180380312003800937
:109170002803802930038019380380394003800593
:109180004803802550038015580380356003800D07
:109190006803802D7003801D7803803D8803802341
:1091A0009003801398038033A003800BA803802BC7
:1091B000B003801BB803803BC0038007C80380272F
:1091C000D0038017D8038037E003800FE803802F97
:1091D000F003801FF803803F080440201004401073
:1091E0001804403020044008280440283004401867
:1091F0003804403848044024500440145804403493
:109200006004400C6804402C7004401C7804403C0E
:10921000880440229004401298044032A004400A7E
:10922000A804402AB004401AB804403AC0044006DA
:10923000C8044026D0044016D8044036E004400E4E
:10924000E804402EF004401EF804403E080540218A
:109250001005401118054031200540092805402916
:10926000300540193805403948054025500540155E
:10927000580540356005400D6805402D7005401DBE
:109280007805403D880540239005401398054033FC
:10929000A005400BA805402BB005401BB805403B7E
:1092A000C0054007C8054027D0054017D8054037FE
:1092B000E005400FE805402FF005401FF805403F4E
:1092C0000806C0201006C0101806C0302006C008CE
:1092D0002806C0283006C0183806C0384806C02402
:1092E0005006C0145806C0346006C00C6806C02C76
:1092F0007006C01C7806C03C8806C0229006C012CA
:109300009806C032A006C00AA806C02AB006C01A35
:10931000B806C03AC806C026D006C016D806C03661
:10932000E006C00EE806C02EF006C01EF806C03EDD
:109330000807C0211007C0111807C0312007C00955
:109340002807C0293007C0193807C0394807C02589
:109350005007C0155807C0356007C00D6807C02DFD
:109360007007C01D7807C03D8807C0239007C01351
:109370009807C033A007C00BA807C02BB007C01BBD
:10938000B807C03BC807C027D007C017D807C037E9
:10939000E007C00FE807C02FF007C01FF807C03F65
:1093A000080820201008201018082030280820283D
:1093B0003008201838082038480820245008201485
:1093C000580820346008200C6808202C7008201CE5
:1093D0007808203C88082022900820129808203223
:1093E000A008200AA808202AB008201AB808203AA5
:1093F000C8082026D0082016D8082036E008200EFD
:10940000E808202EF008201EF808203E0809202138
:1094100010092011180920312809202930092019A4
:1094200038092039480920255009201558092035C8
:109430006009200D6809202D7009201D7809203D44
:10944000880920239009201398092033A009200BB4
:10945000A809202BB009201BB809203BC8092027E8
:10946000D0092017D8092037E009200FE809202F5C
:10947000F009201FF809203F080AA020100AA010B8
:10948000180AA030280AA028300AA018380AA038E4
:10949000480AA024500AA014580AA034600AA00C5C
:1094A000680AA02C700AA01C780AA03C880AA02296
:1094B000900AA012980AA032A80AA02AB00AA01AFC
:1094C000B80AA03AC80AA026D00AA016D80AA03620
:1094D000E00AA00EE80AA02EF00AA01EF80AA03E9C
:1094E000080BA021100BA011180BA031280BA029EC
:1094F000300BA019380BA039480BA025500BA01534
:10950000580BA035600BA00D680BA02D700BA01D93
:10951000780BA03D880BA023900BA013980BA033D1
:10952000A80BA02BB00BA01BB80BA03BC80BA0270F
:10953000D00BA017D80BA037E00BA00FE80BA02F83
:10954000F00BA01FF80BA03F080C6020100C60105F
:10955000180C6030280C6028300C6018380C60380B
:10956000480C6024500C6014580C6034680C602C5B
:10957000700C601C780C603C880C6022900C6012AF
:10958000980C6032A80C602AB00C601AB80C603AD3
:10959000C80C6026D00C6016D80C6036E00C600E4B
:1095A000E80C602EF00C601EF80C603E080D602187
:1095B000100D6011180D6031280D6029300D6019F3
:1095C000380D6039480D6025500D6015580D603517
:1095D000680D602D700D601D780D603D880D602355
:1095E000900D6013980D6033A80D602BB00D601BBB
:1095F000B80D603BC80D6027D00D6017D80D6037DF
:10960000E00D600FE80D602FF00D601FF80D603F5A
:10961000080EE020100EE010180EE030280EE028B2
:10962000300EE018380EE038480EE024500EE014FA
:10963000580EE034680EE02C700EE01C780EE03C12
:10964000880EE022900EE012980EE032A80EE02A7A
:10965000B00EE01AB80EE03AC80EE026D00EE016C2
:10966000D80EE036E80EE02EF00EE01EF80EE03EDA
:10967000080FE021100FE011180FE031280FE0294A
:10968000300FE019380FE039480FE025500FE01592
:10969000580FE035680FE02D700FE01D780FE03DAA
:1096A000880FE023900FE013980FE033A80FE02B12
:1096B000B00FE01BB80FE03BC80FE027D00FE0175A
:1096C000D80FE037E80FE02FF00FE01FF80FE03F72
:1096D0000810102018101030281010283010101802
:1096E000381010384810102450101014581010342E
:1096F0006810102C7010101C7810103C881010226C
:109700009010101298101032A810102AB010101AD1
:10971000B810103AC8101026D0101016D8101036F5
:10972000E810102EF010101EF810103E0811102135
:109730001811103128111029301110193811103951
:109740004811102550111015581110356811102DA1
:109750007011101D7811103D8811102390111013F5
:1097600098111033A811102BB011101BB811103B19
:10977000C8111027D0111017D8111037E811102F69
:10978000F011101FF811103F08129020181290309D
:1097900028129028301290183812903848129024CD
:1097A00050129014581290346812902C7012901C21
:1097B0007812903C8812902298129032A812902A27
:1097C000B012901AB812903AC8129026D012901681
:1097D000D8129036E812902EF012901EF812903E99
:1097E00008139021181390312813902930139019E1
:1097F000381390394813902550139015581390350D
:109800006813902D7013901D7813903D881390234A
:1098100098139033A813902BB013901BB813903B60
:10982000C8139027D0139017D8139037E813902FB0
:10983000F013901FF813903F081450201814503064
:109840002814502830145018381450384814502414
:10985000581450346814502C7014501C7814503C18
:109860008814502298145032A814502AB014501A58
:10987000B814503AC8145026D0145016D814503684
:10988000E814502EF014501EF814503E08155021C4
:1098900018155031281550293015501938155039E0
:1098A00048155025581550356815502D7015501D08
:1098B0007815503D8815502398155033A815502B16
:1098C000B015501BB815503BC8155027D015501770
:1098D000D8155037E815502FF015501FF815503F88
:1098E0000816D0201816D0302816D0283016D018D8
:1098F0003816D0384816D0245816D0346816D02CD4
:109900007016D01C7816D03C8816D0229816D0320B
:10991000A816D02AB016D01AB816D03AC816D02633
:10992000D816D036E816D02EF016D01EF816D03E37
:109930000817D0211817D0312817D0293017D0197F
:109940003817D0394817D0255817D0356817D02D7B
:109950007017D01D7817D03D8817D0239817D033B3
:10996000A817D02BB017D01BB817D03BC817D027DB
:10997000D817D037E817D02FF017D01FF817D03FDF
:109980000818302018183030281830283818303887
:1099900048183024581830346818302C7018301C8F
:1099A0007818303C8818302298183032A818302A9D
:1099B000B018301AB818303AC8183026D8183036CF
:1099C000E818302EF018301EF818303E08193021F3
:1099D00018193031281930293819303948193025EB
:1099E000581930356819302D7019301D7819303DEF
:1099F0008819302398193033A819302BB019301B2F
:109A0000B819303BC8193027D8193037E819302F2A
:109A1000F019301FF819303F081AB020181AB0306A
:109A2000281AB028381AB038481AB024581AB03456
:109A3000681AB02C701AB01C781AB03C881AB02280
:109A4000981AB032A81AB02AB81AB03AC81AB02672
:109A5000D81AB036E81AB02EF01AB01EF81AB03E76
:109A6000081BB021181BB031281BB029381BB03996
:109A7000481BB025581BB035681BB02D701BB01D9E
:109A8000781BB03D881BB023981BB033A81BB02BAC
:109A9000B81BB03BC81BB027D81BB037E81BB02F92
:109AA000F01BB01FF81BB03F081C7020181C703052
:109AB000281C7028381C7038481C7024581C7034BE
:109AC000681C702C781C703C881C7022981C7032AA
:109AD000A81C702AB81C703AC81C7026D81C703696
:109AE000E81C702EF01C701EF81C703E081D7021C2
:109AF000181D7031281D7029381D7039481D7025BA
:109B0000581D7035681D702D781D703D881D70239F
:109B1000981D7033A81D702BB81D703BC81D702791
:109B2000D81D7037E81D702FF01D701FF81D703F95
:109B3000081EF020181EF030281EF028381EF038BD
:109B4000481EF024581EF034681EF02C781EF03C9D
:109B5000881EF022981EF032A81EF02AB81EF03A95
:109B6000C81EF026D81EF036E81EF02EF81EF03E75
:109B7000081FF021181FF031281FF029381FF03975
:109B8000481FF025581FF035681FF02D781FF03D55
:109B9000881FF023981FF033A81FF02BB81FF03B4D
:109BA000C81FF027D81FF037E81FF02FF81FF03F2D
:109BB0001820083028200828382008384820082491
:109BC000582008346820082C7820083C8820082277
:109BD00098200832A820082AB820083AC820082669
:109BE000D8200836E820082EF820083E1821083131
:109BF0002821082938210839482108255821083505
:109C00006821082D7821083D8821082398210833F0
:109C1000A821082BB821083BC8210827D8210837DC
:109C2000E821082FF821083F1822883028228828A8
:109C30003822883848228824582288346822882C80
:109C40007822883C98228832A822882AB822883A2A
:109C5000C8228826D8228836E822882EF822883E14
:109C600018238831282388293823883948238825D0
:109C7000582388356823882D7823883D9823883396
:109C8000A823882BB823883BC8238827D823883764
:109C9000E823882FF823883F1824483028244828B0
:109CA00038244838582448346824482C7824483CC0
:109CB00098244832A824482AB824483AC824482678
:109CC000D8244836E824482EF824483E1825483140
:109CD0002825482938254839582548356825482DEC
:109CE0007825483D98254833A825482BB825483B7A
:109CF000C8254827D8254837E825482FF825483F64
:109D00001826C8302826C8283826C8385826C83407
:109D10006826C82C7826C83C9826C832A826C82AA7
:109D2000B826C83AD826C836E826C82EF826C83E2F
:109D30001827C8312827C8293827C8395827C835CF
:109D40006827C82D7827C83D9827C833A827C82B6F
:109D5000B827C83BD827C837E827C82FF827C83FF7
:109D60001828283038282838582828346828282CDB
:109D70007828283C98282832A828282AB828283A61
:109D8000D8282836E828282EF828283E18292831EF
:109D900038292839582928356829282D7829283D37
:109DA00098292833A829282BB829283BD8292837CF
:109DB000E829282FF829283F182AA830382AA83857
:109DC000582AA834682AA82C782AA83C982AA832AD
:109DD000B82AA83AD82AA836E82AA82EF82AA83EEF
:109DE000182BA831382BA839582BA835682BA82D4B
:109DF000782BA83D982BA833B82BA83BD82BA83795
:109E0000E82BA82FF82BA83F182C6830382C68387E
:109E1000582C6834782C683C982C6832B82C683AF6
:109E2000D82C6836E82C682EF82C683E182D68313E
:109E3000382D6839582D6835782D683D982D683350
:109E4000B82D683BD82D6837E82D682FF82D683F6E
:109E5000182EE830382EE838582EE834782EE83CB2
:109E6000982EE832B82EE83AD82EE836F82EE83E9A
:109E7000182FE831382FE839582FE835782FE83D8A
:109E8000982FE833B82FE83BD82FE837F82FE83F72
:109E900038301838583018347830183C9830183228
:109EA000B830183AD8301836F830183E38311839EA
:109EB000583118357831183D98311833B831183B7E
:109EC000D8311837F831183F38329838583298342A
:109ED0007832983CB832983AD8329836F832983E70
:109EE00038339839583398357833983DB833983BA0
:109EF000D8339837F833983F383458387834583C4A
:109F0000B834583AD8345836F834583E3835583979
:109F10007835583DB835583BD8355837F835583F1F
:109F20003836D8387836D83CB836D83AF836D83EAD
:109F30003837D8397837D83DB837D83BF837D83F95
:109F40007838383CB838383AF838383E7839383DBF
:109F5000B839383BF839383F783AB83CF83AB83E27
:109F6000783BB83DF83BB83FF83C783EF83D783F49
:109F70000800000410000002180000062000000184
:109F80002800000530000003380000074000800072
:109F90004800800450008002580080066000800164
:109FA0006800800570008003780080078800400406
:109FB0009000400298004006A0004001A800400523
:109FC000B0004003B8004007C800C004D000C00281
:109FD000D800C006E000C001E800C005F000C003E2
:109FE000F800C00708012004100120021801200613
:109FF0002801200530012003380120074801A00472
:10A000005001A0025801A0066001A0016801A0054E
:10A010007001A0037801A00788016004900160022C
:10A0200098016006A8016005B0016003B8016007EF
:10A03000C801E004D001E002D801E006E801E00533
:10A04000F001E003F801E00708021004180210060E
:10A05000280210053002100338021007480290044D
:10A060005002900258029006680290057002900318
:10A07000780290078802500498025006A802500502
:10A08000B0025003B8025007C802D004D802D0066C
:10A09000E802D005F002D003F802D007080330042C
:10A0A0001803300628033005380330074803B0048E
:10A0B0005803B0066803B0057003B0037803B00717
:10A0C0008803700498037006A8037005B80370072E
:10A0D000C803F004D803F006E803F005F803F0071E
:10A0E00018040806280408053804080748048804EA
:10A0F0005804880668048805780488079804480688
:10A10000A8044805B8044807D804C806E804C805E8
:10A11000F804C80718052806380528075805A806B2
:10A120006805A8057805A80798056806B8056807B2
:10A13000D805E806F805E80738061807580698060F
:10A1400078069807B8065807F806D8077807B807BA
:10A1500008008000100040001800C0002800A00087
:10A16000300060003800E000480090005800D00047
:10A170006800B0007800F0009800C800B800E8005F
:10A1800008000040100000201800006020000010AF
:10A1900028000050300000303800007040000008F7
:10A1A000480000485000002858000068600000186F
:10A1B00068000058700000387800007880000004C3
:10A1C000880000449000002498000064A00000145F
:10A1D000A8000054B0000034B8000074C000000CA7
:10A1E000C800004CD000002CD800006CE000001C1F
:10A1F000E800005CF000003CF800007C0001000278
:10A200000801004210010022180100622001001222
:10A210002801005230010032380100724001000A6A
:10A220004801004A5001002A5801006A6001001AE2
:10A230006801005A7001003A7801007A8001000636
:10A24000880100469001002698010066A0010016D2
:10A25000A8010056B0010036B8010076C001000E1A
:10A26000C801004ED001002ED801006EE001001E92
:10A27000E801005EF001003EF801007E08020041A6
:10A280001002002118020061200200112802005172
:10A2900030020031380200714002000948020049D2
:10A2A0005002002958020069600200196802005932
:10A2B00070020039780200798002000588020045AA
:10A2C0009002002598020065A0020015A802005522
:10A2D000B0020035B8020075C002000DC802004D82
:10A2E000D002002DD802006DE002001DE802005DE2
:10A2F000F002003DF802007D080300431003002334
:10A3000018030063200300132803005330030033B5
:10A31000380300734003000B4803004B5003002B2D
:10A320005803006B6003001B6803005B7003003B75
:10A330007803007B80030007880300479003002711
:10A3400098030067A0030017A8030057B003003765
:10A35000B8030077C003000FC803004FD003002FDD
:10A36000D803006FE003001FE803005FF003003F25
:10A37000F803007F080480401004802018048060E7
:10A38000200480102804805030048030380480700D
:10A39000400480084804804850048028580480689D
:10A3A00060048018680480587004803878048078CD
:10A3B000880480449004802498048064A00480145D
:10A3C000A8048054B0048034B8048074C004800CA5
:10A3D000C804804CD004802CD804806CE004801C1D
:10A3E000E804805CF004803CF804807C080580422E
:10A3F00010058022180580622005801228058052F1
:10A4000030058032380580724005800A4805804A50
:10A410005005802A5805806A6005801A6805805AB0
:10A420007005803A7805807A800580068805804628
:10A430009005802698058066A0058016A8058056A0
:10A44000B0058036B8058076C005800EC805804E00
:10A45000D005802ED805806EE005801EE805805E60
:10A46000F005803EF805807E0806804110068021B8
:10A470001806806120068011280680513006803140
:10A4800038068071400680094806804950068029B8
:10A490005806806960068019680680597006803900
:10A4A0007806807988068045900680259806806524
:10A4B000A0068015A8068055B0068035B8068075C0
:10A4C000C006800DC806804DD006802DD806806D50
:10A4D000E006801DE806805DF006803DF806807D80
:10A4E0000807804310078023180780632007801324
:10A4F0002807805330078033380780734007800B6C
:10A500004807804B5007802B5807806B6007801BE3
:10A510006807805B7007803B7807807B88078047EF
:10A520009007802798078067A0078017A8078057A3
:10A53000B0078037B8078077C007800FC807804F03
:10A54000D007802FD807806FE007801FE807805F63
:10A55000F007803FF807807F08084040100840203F
:10A56000180840602008401028084050300840304B
:10A57000380840704808404850084028580840684B
:10A5800060084018680840587008403878084078DB
:10A59000880840449008402498084064A00840146B
:10A5A000A8084054B0084034B8084074C008400CB3
:10A5B000C808404CD008402CD808406CE008401C2B
:10A5C000E808405CF008403CF808407C080940423C
:10A5D00010094022180940622009401228094052FF
:10A5E00030094032380940724009400A4809404A5F
:10A5F0005009402A5809406A6009401A6809405ABF
:10A600007009403A7809407A880940469009402606
:10A6100098094066A0094016A8094056B00940367E
:10A62000B8094076C009400EC809404ED009402EF6
:10A63000D809406EE009401EE809405EF009403E3E
:10A64000F809407E080A4041100A4021180A40617A
:10A65000200A4011280A4051300A4031380A40711E
:10A66000480A4049500A4029580A4069600A40197E
:10A67000680A4059700A4039780A4079880A40458A
:10A68000900A4025980A4065A00A4015A80A40553E
:10A69000B00A4035B80A4075C00A400DC80A404D9E
:10A6A000D00A402DD80A406DE00A401DE80A405DFE
:10A6B000F00A403DF80A407D080B4043100B402350
:10A6C000180B4063200B4013280B4053300B4033D2
:10A6D000380B4073480B404B500B402B580B406BD2
:10A6E000600B401B680B405B700B403B780B407B62
:10A6F000880B4047900B4027980B4067A00B4017F2
:10A70000A80B4057B00B4037B80B4077C00B400F39
:10A71000C80B404FD00B402FD80B406FE00B401FB1
:10A72000E80B405FF00B403FF80B407F080CC04047
:10A73000100CC020180CC060200CC010280CC05099
:10A74000300CC030380CC070480CC048500CC028C9
:10A75000580CC068600CC018680CC058700CC03829
:10A76000780CC078880CC044900CC024980CC0644D
:10A77000A00CC014A80CC054B00CC034B80CC074E9
:10A78000C80CC04CD00CC02CD80CC06CE00CC01C49
:10A79000E80CC05CF00CC03CF80CC07C080DC0425A
:10A7A000100DC022180DC062200DC012280DC0521D
:10A7B000300DC032380DC072480DC04A500DC02A4D
:10A7C000580DC06A600DC01A680DC05A700DC03AAD
:10A7D000780DC07A880DC046900DC026980DC066D1
:10A7E000A00DC016A80DC056B00DC036B80DC0766D
:10A7F000C00DC00EC80DC04ED00DC02ED80DC06EFD
:10A80000E00DC01EE80DC05EF00DC03EF80DC07E2C
:10A81000080EC041100EC021180EC061200EC011DC
:10A82000280EC051300EC031380EC071480EC049DC
:10A83000500EC029580EC069600EC019680EC0596C
:10A84000700EC039780EC079880EC045900EC025B4
:10A85000980EC065A00EC015A80EC055B00EC0352C
:10A86000B80EC075C80EC04DD00EC02DD80EC06D2C
:10A87000E00EC01DE80EC05DF00EC03DF80EC07DBC
:10A88000080FC043100FC023180FC063200FC01360
:10A89000280FC053300FC033380FC073480FC04B60
:10A8A000500FC02B580FC06B600FC01B680FC05BF0
:10A8B000700FC03B780FC07B880FC047900FC02738
:10A8C000980FC067A00FC017A80FC057B00FC037B0
:10A8D000B80FC077C80FC04FD00FC02FD80FC06FB0
:10A8E000E00FC01FE80FC05FF00FC03FF80FC07F40
:10A8F0000810204010102020181020602810205030
:10A900003010203038102070481020485010202877
:10A9100058102068601020186810205870102038D7
:10A9200078102078881020449010202498102064FB
:10A93000A0102014A8102054B0102034B810207497
:10A94000C810204CD010202CD810206CE010201CF7
:10A95000E810205CF010203CF810207C0811204208
:10A9600010112022181120622011201228112052CB
:10A9700030112032381120724811204A5011202AFB
:10A980005811206A6011201A6811205A7011203A5B
:10A990007811207A8811204690112026981120667F
:10A9A000A0112016A8112056B0112036B81120761B
:10A9B000C811204ED011202ED811206EE011201E7B
:10A9C000E811205EF011203EF811207E081220418F
:10A9D000101220211812206128122051301220312B
:10A9E000381220714812204950122029581220692B
:10A9F00060122019681220597012203978122079BB
:10AA0000881220459012202598122065A01220154A
:10AA1000A8122055B0122035B8122075C812204D4A
:10AA2000D012202DD812206DE012201DE812205DDA
:10AA3000F012203DF812207D08132043101320232C
:10AA40001813206328132053301320333813207336
:10AA50004813204B5013202B5813206B6013201BDE
:10AA60006813205B7013203B7813207B88132047EA
:10AA70009013202798132067A0132017A81320579E
:10AA8000B0132037B8132077C813204FD013202FCE
:10AA9000D813206FE013201FE813205FF013203F2E
:10AAA000F813207F0814A0401014A0201814A060F0
:10AAB0002814A0503014A0303814A0704814A048B6
:10AAC0005014A0285814A0686014A0186814A05846
:10AAD0007014A0387814A0788814A0449014A0248E
:10AAE0009814A064A814A054B014A034B814A0748E
:10AAF000C814A04CD014A02CD814A06CE014A01C36
:10AB0000E814A05CF014A03CF814A07C0815A04246
:10AB10001015A0221815A0622815A0523015A032D9
:10AB20003815A0724815A04A5015A02A5815A06AD9
:10AB30006015A01A6815A05A7015A03A7815A07A69
:10AB40008815A0469015A0269815A066A015A016F9
:10AB5000A815A056B015A036B815A076C815A04EF9
:10AB6000D015A02ED815A06EE015A01EE815A05E89
:10AB7000F015A03EF815A07E0816A0411016A021E1
:10AB80001816A0612816A0513016A0313816A071F1
:10AB90004816A0495016A0295816A0696016A01999
:10ABA0006816A0597016A0397816A0798816A045A5
:10ABB0009016A0259816A065A816A055B016A03529
:10ABC000B816A075C816A04DD016A02DD816A06D29
:10ABD000E016A01DE816A05DF016A03DF816A07DB9
:10ABE0000817A0431017A0231817A0632817A05315
:10ABF0003017A0333817A0734817A04B5017A02B5D
:10AC00005817A06B6017A01B6817A05B7017A03BBC
:10AC10007817A07B8817A0479017A0279817A067E0
:10AC2000A817A057B017A037B817A077C817A04F1C
:10AC3000D017A02FD817A06FE017A01FE817A05FAC
:10AC4000F017A03FF817A07F081860401018602088
:10AC5000181860602818605030186030381860701C
:10AC6000481860485018602858186068681860587C
:10AC700070186038781860788818604490186024DC
:10AC800098186064A8186054B0186034B8186074DC
:10AC9000C818604CD018602CD818606CE018601C84
:10ACA000E818605CF018603CF818607C0819604295
:10ACB0001019602218196062281960523019603228
:10ACC000381960724819604A5019602A5819606A28
:10ACD0006019601A6819605A7019603A7819607AB8
:10ACE000881960469019602698196066A819605600
:10ACF000B0196036B8196076C819604ED019602E48
:10AD0000D819606EE019601EE819605EF019603EA7
:10AD1000F819607E081A6041101A6021181A6061E3
:10AD2000281A6051301A6031381A6071481A604927
:10AD3000501A6029581A6069681A6059701A603987
:10AD4000781A6079881A6045901A6025981A6065AB
:10AD5000A81A6055B01A6035B81A6075C81A604DE7
:10AD6000D01A602DD81A606DE01A601DE81A605D77
:10AD7000F01A603DF81A607D081B6043101B6023C9
:10AD8000181B6063281B6053301B6033381B6073D3
:10AD9000481B604B501B602B581B606B681B605B33
:10ADA000701B603B781B607B881B6047901B602793
:10ADB000981B6067A81B6057B01B6037B81B607793
:10ADC000C81B604FD01B602FD81B606FE01B601F3B
:10ADD000E81B605FF01B603FF81B607F081CE040D1
:10ADE000101CE020181CE060281CE050301CE030F3
:10ADF000381CE070481CE048501CE028581CE068F3
:10AE0000681CE058701CE038781CE078881CE0442E
:10AE1000901CE024981CE064A81CE054B01CE034B2
:10AE2000B81CE074C81CE04CD01CE02CD81CE06CB2
:10AE3000E81CE05CF01CE03CF81CE07C081DE042F3
:10AE4000101DE022181DE062281DE052301DE03286
:10AE5000381DE072481DE04A501DE02A581DE06A86
:10AE6000681DE05A701DE03A781DE07A881DE046C2
:10AE7000901DE026981DE066A81DE056B01DE03646
:10AE8000B81DE076C81DE04ED01DE02ED81DE06E46
:10AE9000E01DE01EE81DE05EF01DE03EF81DE07ED6
:10AEA000081EE041101EE021181EE061281EE0513E
:10AEB000301EE031381EE071481EE049501EE02986
:10AEC000581EE069681EE059701EE039781EE0796E
:10AED000881EE045901EE025981EE065A81EE055FE
:10AEE000B01EE035B81EE075C81EE04DD01EE02D46
:10AEF000D81EE06DE81EE05DF01EE03DF81EE07D2E
:10AF0000081FE043101FE023181FE063281FE053D1
:10AF1000301FE033381FE073481FE04B501FE02B19
:10AF2000581FE06B681FE05B701FE03B781FE07B01
:10AF3000881FE047901FE027981FE067A81FE05791
:10AF4000B01FE037B81FE077C81FE04FD01FE02FD9
:10AF5000D81FE06FE81FE05FF01FE03FF81FE07FC1
:10AF60000820104018201060282010503020103089
:10AF700038201070482010485020102858201068A1
:10AF800068201058702010387820107888201044DD
:10AF90009020102498201064A8201054B020103461
:10AFA000B8201074C820104CD020102CD820106C61
:10AFB000E820105CF020103CF820107C08211042A2
:10AFC0001021102218211062282110523021103235
:10AFD000382110724821104A5021102A5821106A35
:10AFE0006821105A7021103A7821107A8821104671
:10AFF0009021102698211066A8211056B0211036F5
:10B00000B8211076C821104ED021102ED821106EF4
:10B01000E821105EF021103EF821107E0822104138
:10B02000182210612822105130221031382210715C
:10B0300048221049502210295822106968221059BC
:10B04000702210397822107988221045902210251C
:10B0500098221065A8221055B0221035B82210751C
:10B06000C822104DD022102DD822106DE822105D7C
:10B07000F022103DF822107D08231043182310639E
:10B080002823105330231033382310734823104BD8
:10B090005023102B5823106B6823105B7023103B38
:10B0A0007823107B8823104790231027982310675C
:10B0B000A8231057B0231037B8231077C823104F98
:10B0C000D023102FD823106FE823105FF023103FF8
:10B0D000F823107F08249040182490602824905072
:10B0E0003024903038249070482490485024902880
:10B0F0005824906868249058702490387824907868
:10B100008824904498249064A8249054B0249034C7
:10B11000B8249074C824904CD024902CD824906CDF
:10B12000E824905CF024903CF824907C0825904220
:10B13000182590622825905230259032382590723B
:10B140004825904A5025902A5825906A6825905A9B
:10B150007025903A7825907A8825904690259026FB
:10B1600098259066A8259056B0259036B8259076FB
:10B17000C825904ED025902ED825906EE825905E5B
:10B18000F025903EF825907E082690411826906183
:10B1900028269051302690313826907148269049C3
:10B1A0005026902958269069682690597026903923
:10B1B000782690798826904598269065A8269055FF
:10B1C000B0269035B8269075C826904DD026902D83
:10B1D000D826906DE826905DF026903DF826907D6B
:10B1E00008279043182790632827905330279033DF
:10B1F000382790734827904B5027902B5827906BF7
:10B200006827905B7027903B7827907B8827904732
:10B2100098279067A8279057B0279037B82790773E
:10B22000C827904FD027902FD827906FE827905F9E
:10B23000F027903FF827907F08285040182850604A
:10B24000282850503028503038285070482850480E
:10B2500058285068682850587028503878285078F6
:10B260008828504498285064A8285054B028503456
:10B27000B8285074C828504CD028502CD828506C6E
:10B28000E828505CF028503CF828507C08295042AF
:10B2900018295062282950523029503238295072CA
:10B2A0004829504A5029502A5829506A6829505A2A
:10B2B0007029503A7829507A882950469829506642
:10B2C000A8295056B0295036B8295076C829504E72
:10B2D000D029502ED829506EE829505EF029503ED2
:10B2E000F829507E082A5041182A5061282A5051C6
:10B2F000302A5031382A5071482A5049582A50690A
:10B30000682A5059702A5039782A5079882A50452D
:10B31000982A5065A82A5055B02A5035B82A507539
:10B32000C82A504DD02A502DD82A506DE82A505D99
:10B33000F02A503DF82A507D082B5043182B5063BB
:10B34000282B5053302B5033382B5073482B504BF5
:10B35000582B506B682B505B702B503B782B507BDD
:10B36000882B5047982B5067A82B5057B02B50373D
:10B37000B82B5077C82B504FD02B502FD82B506F55
:10B38000E82B505FF02B503FF82B507F082CD0401B
:10B39000182CD060282CD050302CD030382CD070C5
:10B3A000482CD048582CD068682CD058702CD038F5
:10B3B000782CD078882CD044982CD064A82CD054E9
:10B3C000B02CD034B82CD074C82CD04CD82CD06C25
:10B3D000E82CD05CF02CD03CF82CD07C082DD0424E
:10B3E000182DD062282DD052302DD032382DD07269
:10B3F000482DD04A582DD06A682DD05A702DD03A99
:10B40000782DD07A882DD046982DD066A82DD0568C
:10B41000B02DD036B82DD076C82DD04ED02DD02E10
:10B42000D82DD06EE82DD05EF02DD03EF82DD07EF8
:10B43000082ED041182ED061282ED051302ED03178
:10B44000382ED071482ED049582ED069682ED05948
:10B45000702ED039782ED079882ED045982ED06590
:10B46000A82ED055B02ED035B82ED075C82ED04DC0
:10B47000D82ED06DE82ED05DF02ED03DF82ED07DA8
:10B48000082FD043182FD063282FD053302FD0331C
:10B49000382FD073482FD04B582FD06B682FD05BEC
:10B4A000702FD03B782FD07B882FD047982FD06734
:10B4B000A82FD057B02FD037B82FD077C82FD04F64
:10B4C000D82FD06FE82FD05FF02FD03FF82FD07F4C
:10B4D000083030401830306028303050383030700C
:10B4E0004830304858303068683030587030303824
:10B4F000783030788830304498303064A830305418
:10B50000B0303034B8303074C830304CD830306C53
:10B51000E830305CF030303CF830307C083130427C
:10B520001831306228313052303130323831307297
:10B530004831304A5831306A6831305A7031303AC7
:10B540007831307A8831304698313066A8313056BB
:10B55000B0313036B8313076C831304ED831306EF7
:10B56000E831305EF031303EF831307E0832304123
:10B570001832306128323051383230714832304917
:10B580005832306968323059703230397832307917
:10B590008832304598323065A8323055B032303577
:10B5A000B8323075C832304DD832306DE832305D47
:10B5B000F032303DF832307D083330431833306399
:10B5C00028333053383330734833304B5833306B73
:10B5D0006833305B7033303B7833307B88333047AF
:10B5E00098333067A8333057B0333037B8333077BB
:10B5F000C833304FD833306FE833305FF033303FEB
:10B60000F833307F0834B0401834B0602834B0507C
:10B610003834B0704834B0485834B0686834B058E2
:10B620007034B0387834B0788834B0449834B0642A
:10B63000A834B054B834B074C834B04CD834B06CFA
:10B64000E834B05CF034B03CF834B07C0835B0423B
:10B650001835B0622835B0523835B0724835B04A26
:10B660005835B06A6835B05A7035B03A7835B07A26
:10B670008835B0469835B066A835B056B035B03686
:10B68000B835B076C835B04ED835B06EE835B05E56
:10B69000F035B03EF835B07E0836B0411836B061AE
:10B6A0002836B0513836B0714836B0495836B0698E
:10B6B0006836B0597036B0397836B0798836B045CA
:10B6C0009836B065A836B055B836B075C836B04DA6
:10B6D000D836B06DE836B05DF036B03DF836B07DA6
:10B6E0000837B0431837B0632837B0533837B073D2
:10B6F0004837B04B5837B06B6837B05B7037B03BEA
:10B700007837B07B8837B0479837B067A837B057DD
:10B71000B837B077C837B04FD837B06FE837B05FB9
:10B72000F037B03FF837B07F083870401838706095
:10B7300028387050383870704838704858387068F9
:10B7400068387058783870788838704498387064E1
:10B75000A8387054B8387074C838704CD838706CC9
:10B76000E838705CF038703CF838707C083970420A
:10B770001839706228397052383970724839704AF5
:10B780005839706A6839705A7039703A7839707AF5
:10B790008839704698397066A8397056B83970760D
:10B7A000C839704ED839706EE839705EF039703E25
:10B7B000F839707E083A7041183A7061283A705131
:10B7C000383A7071483A7049583A7069683A705915
:10B7D000783A7079883A7045983A7065A83A705509
:10B7E000B83A7075C83A704DD83A706DE83A705DE5
:10B7F000F03A703DF83A707D083B7043183B706337
:10B80000283B7053383B7073483B704B583B706B10
:10B81000683B705B783B707B883B7047983B7067F8
:10B82000A83B7057B83B7077C83B704FD83B706FE0
:10B83000E83B705FF03B703FF83B707F083CF040A6
:10B84000183CF060283CF050383CF070483CF04820
:10B85000583CF068683CF058783CF078883CF044FC
:10B86000983CF064A83CF054B83CF074C83CF04CF0
:10B87000D83CF06CE83CF05CF83CF07C083DF042D1
:10B88000183DF062283DF052383DF072483DF04AD4
:10B89000583DF06A683DF05A783DF07A883DF046B0
:10B8A000983DF066A83DF056B83DF076C83DF04EA4
:10B8B000D83DF06EE83DF05EF03DF03EF83DF07EA4
:10B8C000083EF041183EF061283EF051383EF071DC
:10B8D000483EF049583EF069683EF059783EF079AC
:10B8E000883EF045983EF065A83EF055B83EF075AC
:10B8F000C83EF04DD83EF06DE83EF05DF83EF07D7C
:10B90000083FF043183FF063283FF053383FF0738F
:10B91000483FF04B583FF06B683FF05B783FF07B5F
:10B92000883FF047983FF067A83FF057B83FF0775F
:10B93000C83FF04FD83FF06FE83FF05FF83FF07F2F
:10B9400018400860284008503840087048400848AF
:10B95000584008686840085878400878884008448B
:10B9600098400864A8400854B8400874C840084C7F
:10B97000D840086CE840085CF840087C0841084260
:10B980001841086228410852384108724841084A63
:10B990005841086A6841085A7841087A884108463F
:10B9A00098410866A8410856B8410876C841084E33
:10B9B000D841086EE841085EF841087E18420861E7
:10B9C00028420851384208714842084958420869DB
:10B9D00068420859784208798842084598420865C3
:10B9E000A8420855B8420875C842084DD842086DAB
:10B9F000E842085DF842087D18430863284308536D
:10BA0000384308734843084B5843086B6843085B46
:10BA10007843087B8843084798430867A84308573A
:10BA2000B8430877C843084FD843086FE843085F16
:10BA3000F843087F18448860284488503844887048
:10BA400048448848584488686844885878448878C6
:10BA500098448864A8448854B8448874C844884C7E
:10BA6000D844886CE844885CF844887C184588622F
:10BA700028458852384588724845884A5845886A1A
:10BA80006845885A7845887A884588469845886602
:10BA9000A8458856B8458876C845884ED845886EEA
:10BAA000E845885EF845887E1846886128468851B2
:10BAB0003846887148468849584688696846885992
:10BAC0007846887998468865A8468855B846887526
:10BAD000C846884DD846886DE846885DF846887D1A
:10BAE0001847886328478853384788734847884BE6
:10BAF0005847886B6847885B7847887B9847886792
:10BB0000A8478857B8478877C847884FD847886F6D
:10BB1000E847885FF847887F1848486028484850B9
:10BB200038484870584848686848485878484878BD
:10BB300098484864A8484854B8484874C848484C8D
:10BB4000D848486CE848485CF848487C184948623E
:10BB500028494852384948724849484A5849486A29
:10BB60006849485A7849487A98494866A8494856E1
:10BB7000B8494876C849484ED849486EE849485EB1
:10BB8000F849487E184A4861284A4851384A48715D
:10BB9000584A4869684A4859784A4879984A4865ED
:10BBA000A84A4855B84A4875C84A484DD84A486DC9
:10BBB000E84A485DF84A487D184B4863284B48538B
:10BBC000384B4873584B486B684B485B784B487B05
:10BBD000984B4867A84B4857B84B4877C84B484FD5
:10BBE000D84B486FE84B485FF84B487F184CC8600B
:10BBF000284CC850384CC870584CC868684CC85855
:10BC0000784CC878984CC864A84CC854B84CC874D0
:10BC1000D84CC86CE84CC85CF84CC87C184DC8625D
:10BC2000284DC852384DC872584DC86A684DC85A18
:10BC3000784DC87A984DC866A84DC856B84DC87694
:10BC4000C84DC84ED84DC86EE84DC85EF84DC87E88
:10BC5000184EC861284EC851384EC871584EC86930
:10BC6000684EC859784EC879984EC865A84EC855D0
:10BC7000B84EC875D84EC86DE84EC85DF84EC87D40
:10BC8000184FC863284FC853384FC873584FC86BF4
:10BC9000684FC85B784FC87B984FC867A84FC85794
:10BCA000B84FC877D84FC86FE84FC85FF84FC87F04
:10BCB0001850286038502870585028686850285804
:10BCC0007850287898502864A8502854B850287480
:10BCD000D850286CE850285CF850287C185128620D
:10BCE00028512852385128725851286A6851285AC8
:10BCF0007851287A98512866A8512856B851287644
:10BD0000D851286EE851285EF851287E18522861D3
:10BD1000385228715852286968522859785228791F
:10BD200098522865A8522855B8522875D852286DBF
:10BD3000E852285DF852287D185328633853287339
:10BD40005853286B6853285B7853287B985328678F
:10BD5000A8532857B8532877D853286FE853285F3B
:10BD6000F853287F1854A8603854A8705854A8680D
:10BD70006854A8587854A8789854A864B854A874FB
:10BD8000D854A86CE854A85CF854A87C1855A8624C
:10BD90003855A8725855A86A6855A85A7855A87A8F
:10BDA0009855A866A855A856B855A876D855A86E2F
:10BDB000E855A85EF855A87E1856A8613856A871AF
:10BDC0005856A8696856A8597856A8799856A8650B
:10BDD000B856A875D856A86DE856A85DF856A87D3F
:10BDE0001857A8633857A8735857A86B6857A85BAB
:10BDF0007857A87B9857A867B857A877D857A86FDF
:10BE0000E857A85FF857A87F1858686038586870D6
:10BE1000585868687858687898586864B85868744A
:10BE2000D858686CE858685CF858687C185968629B
:10BE3000385968725859686A6859685A7859687ADE
:10BE400098596866B8596876D859686EE859685E36
:10BE5000F859687E185A6861385A6871585A686982
:10BE6000785A6879985A6865B85A6875D85A686D6A
:10BE7000E85A685DF85A687D185B6863385B6873D8
:10BE8000585B686B785B687B985B6867B85B6877C2
:10BE9000D85B686FE85B685FF85B687F185CE86098
:10BEA000385CE870585CE868785CE878985CE8642E
:10BEB000B85CE874D85CE86CF85CE87C185DE86213
:10BEC000385DE872585DE86A785DE87A985DE86602
:10BED000B85DE876D85DE86EE85DE85EF85DE87E1E
:10BEE000185EE861385EE871585EE869785EE87966
:10BEF000985EE865B85EE875D85EE86DF85EE87D46
:10BF0000185FE863385FE873585FE86B785FE87B39
:10BF1000985FE867B85FE877D85FE86FF85FE87F19
:10BF200038601870586018687860187898601864DD
:10BF3000B8601874D860186CF860187C18611862C2
:10BF4000386118725861186A7861187A98611866B1
:10BF5000B8611876D861186EF861187E3862187169
:10BF6000586218697862187998621865B86218750D
:10BF7000D862186DF862187D386318735863186BAF
:10BF80007863187B98631867B8631877D863186F5D
:10BF9000F863187F38649870586498687864987863
:10BFA000B8649874D864986CF864987C3865987212
:10BFB0005865986A7865987A98659866B8659876AD
:10BFC000D865986EF865987E386698715866986955
:10BFD00078669879B8669875D866986DF866987D91
:10BFE000386798735867986B7867987BB8679877C5
:10BFF000D867986FF867987F38685870786858786D
:10C00000B8685874D868586CF868587C38695872A1
:10C010005869586A7869587AB8695876D869586EF4
:10C02000F869587E386A5871786A5879B86A5875CC
:10C03000D86A586DF86A587D386B5873786B587B9E
:10C04000B86B5877D86B586FF86B587F386CD870CE
:10C05000786CD878B86CD874F86CD87C386DD87295
:10C06000786DD87AB86DD876D86DD86EF86DD87EE0
:10C07000386ED871786ED879B86ED875F86ED87D6C
:10C08000386FD873786FD87BB86FD877F86FD87F50
:10C0900078703878B8703874F870387C38713872C5
:10C0A0007871387AB8713876F871387E7872387964
:10C0B000B8723875F872387D7873387BB873387712
:10C0C000F873387F7874B878F874B87C7875B87A73
:10C0D000B875B876F875B87E7876B879F876B87DA0
:10C0E0007877B87BF877B87FF878787C7879787A41
:10C0F000F879787EF87A787DF87B787FF87DF87E1D
:10C1000008000008100000041800000C20000002C5
:10C110002800000A300000063800000E4000000130
:10C1200048000009500000055800000D60000003A1
:10C130006800000B700000077800000F880080087E
:10C14000900080049800800CA0008002A800800A63
:10C15000B0008006B800800EC0008001C8008009D1
:10C16000D0008005D800800DE0008003E800800B3F
:10C17000F0008007F800800F08014008100140041B
:10C180001801400C200140022801400A30014006FD
:10C190003801400E48014009500140055801400D4A
:10C1A000600140036801400B700140077801400FB7
:10C1B0008801C0089001C0049801C00CA001C00211
:10C1C000A801C00AB001C006B801C00EC801C0096C
:10C1D000D001C005D801C00DE001C003E801C00BCB
:10C1E000F001C007F801C00F080220081002200467
:10C1F0001802200C2802200A300220063802200EE5
:10C2000048022009500220055802200D6002200338
:10C210006802200B700220077802200F8802A00815
:10C220009002A0049802A00CA802A00AB002A006E6
:10C23000B802A00EC802A009D002A005D802A00D25
:10C24000E002A003E802A00BF002A007F802A00F92
:10C2500008036008100360041803600C2803600AD8
:10C26000300360063803600E480360095003600520
:10C270005803600D6803600B700360077803600F5C
:10C280008803E0089003E0049803E00CA803E00AA8
:10C29000B003E006B803E00EC803E009D003E005F0
:10C2A000D803E00DE803E00BF003E007F803E00F2C
:10C2B000080410081804100C2804100A3004100692
:10C2C0003804100E48041009500410055804100DCD
:10C2D0006804100B700410077804100F880490088D
:10C2E0009804900CA804900AB0049006B804900E2C
:10C2F000C8049009D0049005D804900DE804900B70
:10C30000F0049007F804900F080550081805500C29
:10C310002805500A300550063805500E48055009CA
:10C320005805500D6805500B700550077805500FE3
:10C330008805D0089805D00CA805D00AB005D0060D
:10C34000B805D00EC805D009D805D00DE805D00B2A
:10C35000F005D007F805D00F080630081806300C95
:10C360002806300A3806300E480630095806300DC7
:10C370006806300B700630077806300F8806B00864
:10C380009806B00CA806B00AB806B00EC806B009E8
:10C39000D806B00DE806B00BF006B007F806B00FEF
:10C3A000080770081807700C2807700A3807700E05
:10C3B000480770095807700D6807700B7807700FF1
:10C3C0008807F0089807F00CA807F00AB807F00EE5
:10C3D000C807F009D807F00DE807F00BF807F00FD1
:10C3E0001808080C2808080A3808080E4808080920
:10C3F0005808080D6808080B7808080F9808880C7A
:10C40000A808880AB808880EC8088809D808880DBE
:10C41000E808880BF808880F1809480C2809480A0A
:10C420003809480E5809480D6809480B7809480F23
:10C430009809C80CA809C80AB809C80ED809C80DB7
:10C44000E809C80BF809C80F180A280C380A280E82
:10C45000580A280D680A280B780A280F980AA80C91
:10C46000B80AA80ED80AA80DE80AA80BF80AA80F5F
:10C47000180B680C380B680E580B680D780B680F9A
:10C48000980BE80CB80BE80ED80BE80DF80BE80F8A
:10C49000380C180E580C180D780C180FB80C980E94
:10C4A000D80C980DF80C980F380D580E780D580FC1
:10C4B000B80DD80EF80DD80F780E380FF80EB80F4B
:10C4C00008000001100080001800800120004000DA
:10C4D000280040013000C0003800C00148002001A1
:10C4E0005000A0005800A001680060017000E0004A
:10C4F0007800E0018800100198009001A800500128
:10C50000B000D000B800D001C8003001D800B001A0
:10C51000E8007001F800F0011801880128014801C5
:10C520003801C8015801A8017801E801B801D80113
:10C53000004000C0F33F00C0E73F00C0DA3F00C04A
:10C54000CE3F00C0C13F00C0B53F00C0A83F00C003
:10C550009B3F00C08F3F00C0823F00C0763F01C0BC
:10C56000693F01C05D3F01C0503F01C0443F01C071
:10C57000373F01C02A3F01C01E3F02C0113F02C029
:10C58000053F02C0F83E02C0EC3E02C0DF3E03C0E1
:10C59000D23E03C0C63E03C0B93E03C0AD3E04C098
:10C5A000A03E04C0943E04C0873E04C07A3E05C04D
:10C5B0006E3E05C0613E05C0553E06C0483E06C001
:10C5C0003C3E06C02F3E07C0233E07C0163E07C0B4
:10C5D000093E08C0FD3D08C0F03D09C0E43D09C06A
:10C5E000D73D09C0CB3D0AC0BE3D0AC0B23D0BC01D
:10C5F000A53D0BC0983D0CC08C3D0CC07F3D0DC0CF
:10C60000733D0DC0663D0EC05A3D0EC04D3D0FC07E
:10C61000403D0FC0343D10C0273D10C01B3D11C030
:10C620000E3D11C0023D12C0F53C13C0E93C13C0E1
:10C63000DC3C14C0D03C14C0C33C15C0B63C16C092
:10C64000AA3C16C09D3C17C0913C18C0843C18C041
:10C65000783C19C06B3C1AC05F3C1AC0523C1BC0EE
:10C66000453C1CC0393C1DC02C3C1DC0203C1EC09C
:10C67000133C1FC0073C20C0FA3B20C0EE3B21C04A
:10C68000E13B22C0D53B23C0C83B24C0BC3B24C0F7
:10C69000AF3B25C0A23B26C0963B27C0893B28C0A4
:10C6A0007D3B29C0703B2AC0643B2BC0573B2BC04D
:10C6B0004B3B2CC03E3B2DC0323B2EC0253B2FC0F8
:10C6C000193B30C00C3B31C0003B32C0F33A33C0A1
:10C6D000E63A34C0DA3A35C0CD3A36C0C13A37C04E
:10C6E000B43A38C0A83A39C09B3A3AC08F3A3BC0F6
:10C6F000823A3CC0763A3DC0693A3FC05D3A40C09C
:10C70000503A41C0443A42C0373A43C02B3A44C041
:10C710001E3A45C0123A47C0053A48C0F93949C0E7
:10C72000EC394AC0E0394BC0D3394CC0C7394EC090
:10C73000BA394FC0AE3950C0A13951C0953953C034
:10C74000883954C07C3955C06F3956C0633958C0D8
:10C75000563959C04A395AC03D395CC031395DC07B
:10C7600024395EC0183960C00B3961C0FF3862C01F
:10C77000F23864C0E63865C0D93867C0CD3868C0C3
:10C78000C03869C0B4386BC0A7386CC09B386EC065
:10C790008E386FC0823871C0753872C0693874C005
:10C7A0005C3875C0503877C0433878C037387AC0A5
:10C7B0002A387BC01E387DC011387EC0053880C045
:10C7C000F93781C0EC3783C0E03785C0D33786C0E6
:10C7D000C73788C0BA3789C0AE378BC0A1378DC084
:10C7E00095378EC0883790C07C3792C06F3793C022
:10C7F000633795C0573797C04A3798C03E379AC0BD
:10C8000031379CC025379EC018379FC00C37A1C058
:10C81000FF36A3C0F336A5C0E736A6C0DA36A8C0F7
:10C82000CE36AAC0C136ACC0B536AEC0A836AFC091
:10C830009C36B1C09036B3C08336B5C07736B7C02A
:10C840006A36B9C05E36BBC05136BDC04536BEC0C3
:10C850003936C0C02C36C2C02036C4C01336C6C05C
:10C860000736C8C0FA35CAC0EE35CCC0E235CEC0F6
:10C87000D535D0C0C935D2C0BC35D4C0B035D6C08E
:10C88000A435D8C09735DAC08B35DCC07E35DEC024
:10C890007235E0C06635E2C05935E4C04D35E7C0B9
:10C8A0004035E9C03435EBC02835EDC01B35EFC04D
:10C8B0000F35F1C00335F3C0F634F6C0EA34F8C0E2
:10C8C000DD34FAC0D134FCC0C534FEC0B83400C178
:10C8D000AC3403C1A03405C1933407C1873409C106
:10C8E0007B340CC16E340EC1623410C1553413C197
:10C8F000493415C13D3417C1303419C124341CC129
:10C9000018341EC10B3420C1FF3323C1F33325C1BA
:10C91000E63328C1DA332AC1CE332CC1C1332FC14B
:10C92000B53331C1A93334C19C3336C1903338C1DA
:10C9300084333BC177333DC16B3340C15F3342C168
:10C94000523345C1463347C13A334AC12D334CC1F6
:10C9500021334FC1153351C1083354C1FC3256C184
:10C96000F03259C1E4325BC1D7325EC1CB3261C112
:10C97000BF3263C1B23266C1A63268C19A326BC19E
:10C980008E326EC1813270C1753273C1693276C127
:10C990005C3278C150327BC144327EC1383280C1B2
:10C9A0002B3283C11F3286C1133289C107328BC13A
:10C9B000FA318EC1EE3191C1E23194C1D53196C1C7
:10C9C000C93199C1BD319CC1B1319FC1A431A2C14E
:10C9D0009831A4C18C31A7C18031AAC17431ADC1D5
:10C9E0006731B0C15B31B3C14F31B6C14331B8C15A
:10C9F0003631BBC12A31BEC11E31C1C11231C4C1E1
:10CA00000531C7C1F930CAC1ED30CDC1E130D0C167
:10CA1000D530D3C1C830D6C1BC30D9C1B030DCC1EB
:10CA2000A430DFC19830E2C18B30E5C17F30E8C16E
:10CA30007330EBC16730EEC15B30F1C14E30F4C1F1
:10CA40004230F7C13630FAC12A30FDC11E3001C272
:10CA5000123004C2053007C2F92F0AC2ED2F0DC2F1
:10CA6000E12F10C2D52F13C2C92F17C2BC2F1AC273
:10CA7000B02F1DC2A42F20C2982F23C28C2F27C2F3
:10CA8000802F2AC2742F2DC2672F30C25B2F34C271
:10CA90004F2F37C2432F3AC2372F3EC22B2F41C2EE
:10CAA0001F2F44C2132F47C2062F4BC2FA2E4EC26D
:10CAB000EE2E51C2E22E55C2D62E58C2CA2E5CC2EC
:10CAC000BE2E5FC2B22E62C2A62E66C2992E69C267
:10CAD0008D2E6DC2812E70C2752E73C2692E77C2E3
:10CAE0005D2E7AC2512E7EC2452E81C2392E85C25C
:10CAF0002D2E88C2212E8CC2152E8FC2092E93C2D4
:10CB0000FC2D96C2F02D9AC2E42D9DC2D82DA1C253
:10CB1000CC2DA5C2C02DA8C2B42DACC2A82DAFC2C9
:10CB20009C2DB3C2902DB7C2842DBAC2782DBEC23F
:10CB30006C2DC1C2602DC5C2542DC9C2482DCCC2B6
:10CB40003C2DD0C2302DD4C2242DD8C2182DDBC22A
:10CB50000C2DDFC2002DE3C2F42CE6C2E82CEAC2A1
:10CB6000DC2CEEC2D02CF2C2C42CF5C2B82CF9C217
:10CB7000AC2CFDC2A02C01C3942C05C3882C08C387
:10CB80007C2C0CC3702C10C3642C14C3582C18C3F9
:10CB90004C2C1CC3402C20C3342C23C3282C27C36B
:10CBA0001C2C2BC3102C2FC3052C33C3F92B37C3DC
:10CBB000ED2B3BC3E12B3FC3D52B43C3C92B47C34D
:10CBC000BD2B4BC3B12B4FC3A52B53C3992B57C3BD
:10CBD0008D2B5BC3812B5FC3752B63C36A2B67C32C
:10CBE0005E2B6BC3522B6FC3462B73C33A2B77C399
:10CBF0002E2B7BC3222B7FC3162B83C30A2B87C309
:10CC0000FF2A8CC3F32A90C3E72A94C3DB2A98C374
:10CC1000CF2A9CC3C32AA0C3B72AA5C3AC2AA9C3E1
:10CC2000A02AADC3942AB1C3882AB5C37C2ABAC34B
:10CC3000702ABEC3652AC2C3592AC6C34D2ACAC3B5
:10CC4000412ACFC3352AD3C3292AD7C31E2ADCC31E
:10CC5000122AE0C3062AE4C3FA29E9C3EE29EDC388
:10CC6000E329F1C3D729F6C3CB29FAC3BF29FEC3F1
:10CC7000B42903C4A82907C49C290BC4902910C453
:10CC8000842914C4792919C46D291DC4612922C4B9
:10CC9000552926C44A292AC43E292FC4322933C41F
:10CCA000262938C41B293CC40F2941C4032945C483
:10CCB000F7284AC4EC284EC4E02853C4D42857C4EB
:10CCC000C9285CC4BD2861C4B12865C4A5286AC44C
:10CCD0009A286EC48E2873C4822878C477287CC4AE
:10CCE0006B2881C45F2885C454288AC448288FC40F
:10CCF0003C2893C4312898C425289DC41928A1C470
:10CD00000E28A6C40228ABC4F627B0C4EB27B4C4CF
:10CD1000DF27B9C4D327BEC4C827C2C4BC27C7C431
:10CD2000B127CCC4A527D1C49927D6C48E27DAC48D
:10CD30008227DFC47727E4C46B27E9C45F27EEC4EA
:10CD40005427F2C44827F7C43D27FCC4312701C546
:10CD5000252706C51A270BC50E2710C5032715C59D
:10CD6000F7261AC5EC261EC5E02623C5D42628C5FD
:10CD7000C9262DC5BD2632C5B22637C5A6263CC557
:10CD80009B2641C58F2646C584264BC5782650C5AF
:10CD90006D2655C561265AC556265FC54A2664C507
:10CDA0003F2669C533266EC5282673C51C2678C55F
:10CDB00011267EC5052683C5FA2588C5EE258DC5B5
:10CDC000E32592C5D72597C5CC259CC5C025A1C50F
:10CDD000B525A7C5A925ACC59E25B1C59225B6C563
:10CDE0008725BBC57C25C1C57025C6C56525CBC5B6
:10CDF0005925D0C54E25D5C54225DBC53725E0C50B
:10CE00002C25E5C52025EAC51525F0C50925F5C55C
:10CE1000FE24FAC5F32400C6E72405C6DC240AC6AE
:10CE2000D02410C6C52415C6BA241AC6AE2420C6FE
:10CE3000A32425C698242AC68C2430C6812435C64E
:10CE400076243BC66A2440C65F2445C654244BC69C
:10CE5000482450C63D2456C632245BC6262461C6EB
:10CE60001B2466C610246CC6042471C6F92377C639
:10CE7000EE237CC6E22382C6D72387C6CC238DC689
:10CE8000C12392C6B52398C6AA239DC69F23A3C6D5
:10CE90009423A8C68823AEC67D23B4C67223B9C620
:10CEA0006723BFC65B23C5C65023CAC64523D0C669
:10CEB0003A23D5C62E23DBC62323E1C61823E6C6B4
:10CEC0000D23ECC60123F2C6F622F7C6EB22FDC6FF
:10CED000E02203C7D52209C7CA220EC7BE2214C743
:10CEE000B3221AC7A82220C79D2225C792222BC78A
:10CEF000872231C77B2237C770223DC7652242C7D0
:10CF00005A2248C74F224EC7442254C739225AC713
:10CF10002D225FC7222265C717226BC70C2271C75B
:10CF2000012277C7F6217DC7EB2183C7E02189C79E
:10CF3000D5218FC7CA2195C7BE219AC7B321A0C7E3
:10CF4000A821A6C79D21ACC79221B2C78721B8C727
:10CF50007C21BEC77121C4C76621CAC75B21D0C767
:10CF60005021D6C74521DCC73A21E2C72F21E8C7A7
:10CF70002421EEC71921F5C70E21FBC7032101C8E3
:10CF8000F82007C8ED200DC8E22013C8D72019C823
:10CF9000CC201FC8C12025C8B6202BC8AB2032C862
:10CFA000A02038C895203EC88A2044C87F204AC89F
:10CFB000742050C8692057C85E205DC8542063C8DB
:10CFC000492069C83E2070C8332076C828207CC814
:10CFD0001D2082C8122089C807208FC8FC1F95C851
:10CFE000F11F9BC8E71FA2C8DC1FA8C8D11FAEC88D
:10CFF000C61FB5C8BB1FBBC8B01FC1C8A51FC8C8C6
:10D000009B1FCEC8901FD4C8851FDBC87A1FE1C8FC
:10D010006F1FE8C8651FEEC85A1FF4C84F1FFBC832
:10D02000441F01C9391F08C92F1F0EC9241F15C964
:10D03000191F1BC90E1F21C9031F28C9F91E2EC99C
:10D04000EE1E35C9E31E3BC9D81E42C9CE1E48C9D3
:10D05000C31E4FC9B81E55C9AD1E5CC9A31E63C906
:10D06000981E69C98D1E70C9831E76C9781E7DC938
:10D070006D1E83C9621E8AC9581E91C94D1E97C96B
:10D08000421E9EC9381EA4C92D1EABC9221EB2C99C
:10D09000181EB8C90D1EBFC9021EC6C9F81DCCC9CD
:10D0A000ED1DD3C9E21DDAC9D81DE0C9CD1DE7C900
:10D0B000C31DEEC9B81DF5C9AD1DFBC9A31D02CA2C
:10D0C000981D09CA8E1D10CA831D16CA781D1DCA57
:10D0D0006E1D24CA631D2BCA591D32CA4E1D38CA83
:10D0E000441D3FCA391D46CA2E1D4DCA241D54CAAF
:10D0F000191D5BCA0F1D61CA041D68CAFA1C6FCADC
:10D10000EF1C76CAE51C7DCADA1C84CAD01C8BCA07
:10D11000C51C92CABB1C99CAB01C9FCAA61CA6CA31
:10D120009B1CADCA911CB4CA861CBBCA7C1CC2CA5B
:10D13000721CC9CA671CD0CA5D1CD7CA521CDECA81
:10D14000481CE5CA3D1CECCA331CF3CA291CFACAA8
:10D150001E1C01CB141C08CB091C0FCBFF1B16CBCC
:10D16000F51B1ECBEA1B25CBE01B2CCBD51B33CBF1
:10D17000CB1B3ACBC11B41CBB61B48CBAC1B4FCB17
:10D18000A21B56CB971B5ECB8D1B65CB831B6CCB39
:10D19000781B73CB6E1B7ACB641B81CB591B89CB5D
:10D1A0004F1B90CB451B97CB3B1B9ECB301BA5CB7E
:10D1B000261BADCB1C1BB4CB111BBBCB071BC2CB9F
:10D1C000FD1ACACBF31AD1CBE81AD8CBDE1AE0CBC2
:10D1D000D41AE7CBCA1AEECBBF1AF5CBB51AFDCBE2
:10D1E000AB1A04CCA11A0BCC971A13CC8C1A1ACCFC
:10D1F000821A21CC781A29CC6E1A30CC641A38CC19
:10D200005A1A3FCC4F1A46CC451A4ECC3B1A55CC35
:10D21000311A5DCC271A64CC1D1A6BCC131A73CC4F
:10D22000081A7ACCFE1982CCF41989CCEA1991CC6F
:10D23000E01998CCD619A0CCCC19A7CCC219AFCC88
:10D24000B819B6CCAE19BECCA419C5CC9A19CDCCA0
:10D250008F19D4CC8519DCCC7B19E3CC7119EBCCBC
:10D260006719F3CC5D19FACC531902CD491909CDD0
:10D270003F1911CD351919CD2B1920CD211928CDE4
:10D28000171930CD0D1937CD03193FCDF91846CDFB
:10D29000EF184ECDE61856CDDC185DCDD21865CD11
:10D2A000C8186DCDBE1875CDB4187CCDAA1884CD24
:10D2B000A0188CCD961893CD8C189BCD8218A3CD39
:10D2C0007818ABCD6F18B2CD6518BACD5B18C2CD4A
:10D2D0005118CACD4718D2CD3D18D9CD3318E1CD5C
:10D2E0002A18E9CD2018F1CD1618F9CD0C1801CE69
:10D2F000021808CEF81710CEEF1718CEE51720CE7B
:10D30000DB1728CED11730CEC81738CEBE1740CE87
:10D31000B41747CEAA174FCEA01757CE97175FCE98
:10D320008D1767CE83176FCE7A1777CE70177FCEA3
:10D33000661787CE5C178FCE531797CE49179FCEAF
:10D340003F17A7CE3617AFCE2C17B7CE2217BFCEBA
:10D350001917C7CE0F17CFCE0517D7CEFC16DFCEC5
:10D36000F216E7CEE816EFCEDF16F7CED516FFCED3
:10D37000CB1607CFC21610CFB81618CFAF1620CFD6
:10D38000A51628CF9B1630CF921638CF881640CFDF
:10D390007F1648CF751651CF6C1659CF621661CFE4
:10D3A000591669CF4F1671CF451679CF3C1682CFEB
:10D3B00032168ACF291692CF1F169ACF1616A3CFF0
:10D3C0000C16ABCF0316B3CFF915BBCFF015C4CFF6
:10D3D000E615CCCFDD15D4CFD415DCCFCA15E5CFFB
:10D3E000C115EDCFB715F5CFAE15FECFA41506D0FC
:10D3F0009B150ED0921516D088151FD07F1527D0FB
:10D40000751530D06C1538D0631540D0591549D0FA
:10D41000501551D0471559D03D1562D034156AD0FA
:10D420002A1573D021157BD0181583D00E158CD0FA
:10D43000051594D0FC149DD0F314A5D0E914AED0FA
:10D44000E014B6D0D714BFD0CD14C7D0C414D0D0F8
:10D45000BB14D8D0B214E0D0A814E9D09F14F2D0F5
:10D460009614FAD08D1403D183140BD17A1414D1ED
:10D4700071141CD1681425D15F142DD1551436D1E7
:10D480004C143ED1431447D13A1450D1311458D1E1
:10D49000281461D11E1469D1151472D10C147BD1DA
:10D4A000031483D1FA138CD1F11395D1E8139DD1D4
:10D4B000DF13A6D1D513AFD1CC13B7D1C313C0D1CD
:10D4C000BA13C9D1B113D1D1A813DAD19F13E3D1C3
:10D4D0009613EBD18D13F4D18413FDD17B1306D2B7
:10D4E00072130ED2691317D2601320D2571329D2A8
:10D4F0004E1331D245133AD23C1343D233134CD29C
:10D500002A1355D221135DD2181366D20F136FD28E
:10D51000061378D2FD1281D2F4128AD2EB1292D283
:10D52000E2129BD2D912A4D2D112ADD2C812B6D275
:10D53000BF12BFD2B612C8D2AD12D1D2A412D9D264
:10D540009B12E2D29212EBD28A12F4D28112FDD255
:10D55000781206D36F120FD3661218D35D1221D33F
:10D5600055122AD34C1233D343123CD33A1245D32B
:10D5700031124ED3291257D3201260D3171269D318
:10D580000E1272D306127BD3FD1184D3F4118DD306
:10D59000EB1196D3E3119FD3DA11A8D3D111B1D3F4
:10D5A000C911BAD3C011C3D3B711CCD3AF11D5D3DE
:10D5B000A611DFD39D11E8D39511F1D38C11FAD3C5
:10D5C000831103D47B110CD4721115D469111ED4AC
:10D5D000611128D4581131D450113AD4471143D491
:10D5E0003E114CD4361155D42D115FD4251168D479
:10D5F0001C1171D414117AD40B1183D403118DD45E
:10D60000FA1096D4F2109FD4E910A8D4E010B2D446
:10D61000D810BBD4D010C4D4C710CDD4BF10D7D429
:10D62000B610E0D4AE10E9D4A510F3D49D10FCD40C
:10D63000941005D58C100ED5831018D57B1021D5EC
:10D6400073102AD56A1034D562103DD5591047D5CC
:10D65000511050D5491059D5401063D538106CD5AC
:10D66000301075D527107FD51F1088D5161092D58C
:10D670000E109BD50610A4D5FE0FAED5F50FB7D56D
:10D68000ED0FC1D5E50FCAD5DC0FD4D5D40FDDD54C
:10D69000CC0FE6D5C40FF0D5BB0FF9D5B30F03D629
:10D6A000AB0F0CD6A30F16D69A0F1FD6920F29D602
:10D6B0008A0F32D6820F3CD6790F45D6710F4FD6DE
:10D6C000690F59D6610F62D6590F6CD6510F75D6B6
:10D6D000480F7FD6400F88D6380F92D6300F9BD692
:10D6E000280FA5D6200FAFD6180FB8D6100FC2D668
:10D6F000070FCBD6FF0ED5D6F70EDFD6EF0EE8D646
:10D70000E70EF2D6DF0EFCD6D70E05D7CF0E0FD719
:10D71000C70E19D7BF0E22D7B70E2CD7AF0E36D7EC
:10D72000A70E3FD79F0E49D7970E53D78F0E5CD7C2
:10D73000870E66D77F0E70D7770E7AD76F0E83D796
:10D74000670E8DD75F0E97D7570EA0D74F0EAAD76B
:10D75000470EB4D7400EBED7380EC8D7300ED1D73B
:10D76000280EDBD7200EE5D7180EEFD7100EF8D70E
:10D77000080E02D8010E0CD8F90D16D8F10D20D8DC
:10D78000E90D2AD8E10D33D8D90D3DD8D20D47D8AF
:10D79000CA0D51D8C20D5BD8BA0D65D8B20D6FD87D
:10D7A000AB0D78D8A30D82D89B0D8CD8930D96D84D
:10D7B0008C0DA0D8840DAAD87C0DB4D8750DBED818
:10D7C0006D0DC8D8650DD2D85D0DDCD8560DE6D8E4
:10D7D0004E0DEFD8460DF9D83F0D03D9370D0DD9B1
:10D7E000300D17D9280D21D9200D2BD9190D35D978
:10D7F000110D3FD9090D49D9020D53D9FA0C5DD944
:10D80000F30C67D9EB0C71D9E30C7BD9DC0C85D90F
:10D81000D40C8FD9CD0C9AD9C50CA4D9BE0CAED9D5
:10D82000B60CB8D9AF0CC2D9A70CCCD9A00CD6D99C
:10D83000980CE0D9910CEAD9890CF4D9820CFED964
:10D840007A0C08DA730C13DA6B0C1DDA640C27DA25
:10D850005D0C31DA550C3BDA4E0C45DA460C4FDAEA
:10D860003F0C5ADA380C64DA300C6EDA290C78DAAC
:10D87000210C82DA1A0C8CDA130C97DA0B0CA1DA71
:10D88000040CABDAFD0BB5DAF50BBFDAEE0BCADA36
:10D89000E70BD4DAE00BDEDAD80BE8DAD10BF3DAF7
:10D8A000CA0BFDDAC20B07DBBB0B11DBB40B1CDBB5
:10D8B000AD0B26DBA50B30DB9E0B3BDB970B45DB73
:10D8C000900B4FDB890B59DB810B64DB7A0B6EDB32
:10D8D000730B78DB6C0B83DB650B8DDB5E0B97DBEF
:10D8E000560BA2DB4F0BACDB480BB6DB410BC1DBAD
:10D8F0003A0BCBDB330BD5DB2C0BE0DB250BEADB68
:10D900001E0BF5DB160BFFDB0F0B09DC080B14DC21
:10D91000010B1EDCFA0A29DCF30A33DCEC0A3DDCDD
:10D92000E50A48DCDE0A52DCD70A5DDCD00A67DC97
:10D93000C90A72DCC20A7CDCBB0A86DCB40A91DC50
:10D94000AD0A9BDCA60AA6DC9F0AB0DC990ABBDC08
:10D95000920AC5DC8B0AD0DC840ADADC7D0AE5DCBD
:10D96000760AEFDC6F0AFADC680A04DD610A0FDD73
:10D970005B0A19DD540A24DD4D0A2EDD460A39DD25
:10D980003F0A44DD380A4EDD320A59DD2B0A63DDD9
:10D99000240A6EDD1D0A78DD160A83DD100A8EDD8D
:10D9A000090A98DD020AA3DDFB09ADDDF509B8DD42
:10D9B000EE09C3DDE709CDDDE009D8DDDA09E2DDF6
:10D9C000D309EDDDCC09F8DDC60902DEBF090DDEA5
:10D9D000B80918DEB20922DEAB092DDEA40938DE53
:10D9E0009E0942DE97094DDE910958DE8A0962DE02
:10D9F00083096DDE7D0978DE760983DE70098DDEB0
:10DA0000690998DE6309A3DE5C09ADDE5509B8DE5D
:10DA10004F09C3DE4809CEDE4209D8DE3B09E3DE0A
:10DA20003509EEDE2E09F9DE280903DF21090EDFB4
:10DA30001B0919DF150924DF0E092FDF080939DF5B
:10DA4000010944DFFB084FDFF4085ADFEE0865DF09
:10DA5000E8086FDFE1087ADFDB0885DFD40890DFB4
:10DA6000CE089BDFC808A5DFC108B0DFBB08BBDF5D
:10DA7000B508C6DFAE08D1DFA808DCDFA208E7DF03
:10DA80009B08F1DF9508FCDF8F0807E0890812E0AA
:10DA900082081DE07C0828E0760833E070083EE04C
:10DAA000690849E0630854E05D085EE0570869E0F2
:10DAB000500874E04A087FE044088AE03E0895E098
:10DAC0003808A0E03208ABE02B08B6E02508C1E03A
:10DAD0001F08CCE01908D7E01308E2E00D08EDE0DC
:10DAE0000708F8E0010803E1FB070EE1F50719E17B
:10DAF000EE0724E1E8072FE1E2073AE1DC0745E120
:10DB0000D60750E1D0075BE1CA0766E1C40771E1BF
:10DB1000BE077CE1B80787E1B20792E1AC079DE15F
:10DB2000A607A8E1A007B3E19A07BEE19507CAE1FD
:10DB30008F07D5E18907E0E18307EBE17D07F6E197
:10DB4000770701E271070CE26B0717E2650722E233
:10DB50005F072DE25A0739E2540744E24E074FE2CD
:10DB600048075AE2420765E23D0770E237077BE269
:10DB7000310787E22B0792E225079DE22007A8E202
:10DB80001A07B3E21407BEE20E07CAE20907D5E29C
:10DB90000307E0E2FD06EBE2F706F6E2F20601E338
:10DBA000EC060DE3E60618E3E10623E3DB062EE3CD
:10DBB000D5063AE3D00645E3CA0650E3C5065BE363
:10DBC000BF0667E3B90672E3B4067DE3AE0688E3F9
:10DBD000A80694E3A3069FE39D06AAE39806B5E38F
:10DBE0009206C1E38D06CCE38706D7E38206E2E323
:10DBF0007C06EEE37706F9E3710604E46C0610E4B4
:10DC000066061BE4610626E45B0632E456063DE444
:10DC1000500648E44B0654E445065FE440066AE4D7
:10DC20003B0676E4350681E430068CE42A0698E467
:10DC30002506A3E42006AEE41A06BAE41506C5E4F8
:10DC40001006D0E40A06DCE40506E7E40006F3E487
:10DC5000FA05FEE4F50509E5F00515E5EA0520E518
:10DC6000E5052CE5E00537E5DB0542E5D5054EE5A4
:10DC7000D00559E5CB0565E5C60570E5C1057CE530
:10DC8000BB0587E5B60592E5B1059EE5AC05A9E5BE
:10DC9000A705B5E5A105C0E59C05CCE59705D7E549
:10DCA0009205E3E58D05EEE58805FAE5830505E6D1
:10DCB0007E0511E678051CE6730528E66E0533E659
:10DCC00069053FE664054AE65F0556E65A0561E6E2
:10DCD00055056DE6500578E64B0584E646058FE66A
:10DCE00041059BE63C05A6E63705B2E63205BDE6F2
:10DCF0002D05C9E62805D4E62305E0E61E05ECE679
:10DD00001A05F7E6150503E710050EE70B051AE7F8
:10DD1000060525E7010531E7FC043DE7F70448E780
:10DD2000F20454E7EE045FE7E9046BE7E40477E705
:10DD3000DF0482E7DA048EE7D60499E7D104A5E789
:10DD4000CC04B1E7C704BCE7C204C8E7BE04D3E70C
:10DD5000B904DFE7B404EBE7B004F6E7AB0402E88C
:10DD6000A6040EE8A10419E89D0425E8980431E80A
:10DD700093043CE88F0448E88A0454E885045FE88B
:10DD800081046BE87C0477E8780482E873048EE809
:10DD90006E049AE86A04A5E86504B1E86104BDE888
:10DDA0005C04C9E85704D4E85304E0E84E04ECE806
:10DDB0004A04F7E8450403E941040FE93C041BE980
:10DDC000380426E9330432E92F043EE92A044AE9FB
:10DDD000260455E9220461E91D046DE9190479E975
:10DDE000140484E9100490E90B049CE90704A8E9F1
:10DDF0000304B4E9FE03BFE9FA03CBE9F603D7E96C
:10DE0000F103E3E9ED03EEE9E903FAE9E40306EAE5
:10DE1000E00312EADC031EEAD70329EAD30335EA5A
:10DE2000CF0341EACA034DEAC60359EAC20365EAD1
:10DE3000BE0370EABA037CEAB50388EAB10394EA48
:10DE4000AD03A0EAA903ACEAA503B7EAA003C3EABD
:10DE50009C03CFEA9803DBEA9403E7EA9003F3EA32
:10DE60008C03FFEA87030AEB830316EB7F0322EBA5
:10DE70007B032EEB77033AEB730346EB6F0352EB16
:10DE80006B035EEB67036AEB630375EB5F0381EB88
:10DE90005B038DEB570399EB5303A5EB4F03B1EBFA
:10DEA0004B03BDEB4703C9EB4303D5EB3F03E1EB6A
:10DEB0003B03EDEB3703F9EB330305EC2F0310ECD9
:10DEC0002B031CEC270328EC230334EC200340EC49
:10DED0001C034CEC180358EC140364EC100370ECB6
:10DEE0000C037CEC080388EC050394EC0103A0EC24
:10DEF000FD02ACECF902B8ECF502C4ECF202D0EC95
:10DF0000EE02DCECEA02E8ECE602F4ECE30200EDFF
:10DF1000DF020CEDDB0218EDD80224EDD40230ED67
:10DF2000D0023CEDCC0248EDC90254EDC50260EDD3
:10DF3000C1026CEDBE0278EDBA0284EDB70290ED3D
:10DF4000B3029CEDAF02A8EDAC02B4EDA802C0EDA7
:10DF5000A502CCEDA102D8ED9D02E4ED9A02F0ED10
:10DF60009602FCED930209EE8F0215EE8C0221EE73
:10DF700088022DEE850239EE810245EE7E0251EED9
:10DF80007A025DEE770269EE730275EE700281EE41
:10DF90006D028DEE690299EE6602A6EE6202B2EEA5
:10DFA0005F02BEEE5C02CAEE5802D6EE5502E2EE09
:10DFB0005102EEEE4E02FAEE4B0206EF470213EF6D
:10DFC00044021FEF41022BEF3E0237EF3A0243EFCC
:10DFD00037024FEF34025BEF300267EF2D0274EF30
:10DFE0002A0280EF27028CEF230298EF2002A4EF91
:10DFF0001D02B0EF1A02BCEF1702C9EF1302D5EFF2
:10E000001002E1EF0D02EDEF0A02F9EF070205F051
:10E01000040212F001021EF0FD012AF0FA0136F0AE
:10E02000F70142F0F4014EF0F1015BF0EE0167F010
:10E03000EB0173F0E8017FF0E5018BF0E20198F06D
:10E04000DF01A4F0DC01B0F0D901BCF0D601C8F0CA
:10E05000D301D5F0D001E1F0CD01EDF0CA01F9F026
:10E06000C70105F1C40112F1C1011EF1BE012AF17F
:10E07000BB0136F1B80143F1B6014FF1B3015BF1D9
:10E08000B00167F1AD0174F1AA0180F1A7018CF133
:10E09000A40198F1A201A4F19F01B1F19C01BDF18D
:10E0A0009901C9F19601D5F19401E2F19101EEF1E6
:10E0B0008E01FAF18B0107F2890113F286011FF23A
:10E0C00083012BF2800138F27E0144F27B0150F291
:10E0D00078015CF2760169F2730175F2700181F2E8
:10E0E0006E018EF26B019AF26801A6F26601B2F23D
:10E0F0006301BFF26101CBF25E01D7F25B01E4F292
:10E100005901F0F25601FCF2540108F3510115F3E4
:10E110004F0121F34C012DF34A013AF3470146F335
:10E12000450152F342015FF340016BF33D0177F388
:10E130003B0184F3380190F336019CF33401A9F3D9
:10E140003101B5F32F01C1F32C01CEF32A01DAF32B
:10E150002801E6F32501F3F32301FFF320010BF47B
:10E160001E0118F41C0124F4190130F417013DF4C8
:10E17000150149F4130155F4100162F40E016EF417
:10E180000C017BF4090187F4070193F40501A0F465
:10E190000301ACF40001B8F4FE00C5F4FC00D1F4B6
:10E1A000FA00DDF4F800EAF4F600F6F4F30003F503
:10E1B000F1000FF5EF001BF5ED0028F5EB0034F54D
:10E1C000E90040F5E7004DF5E40059F5E20066F599
:10E1D000E00072F5DE007EF5DC008BF5DA0097F5E5
:10E1E000D800A4F5D600B0F5D400BCF5D200C9F52E
:10E1F000D000D5F5CE00E2F5CC00EEF5CA00FAF578
:10E20000C80007F6C60013F6C40020F6C2002CF6BC
:10E21000C00039F6BE0045F6BD0051F6BB005EF603
:10E22000B9006AF6B70077F6B50083F6B30090F64A
:10E23000B1009CF6AF00A8F6AE00B5F6AC00C1F692
:10E24000AA00CEF6A800DAF6A600E7F6A500F3F6D7
:10E25000A300FFF6A1000CF79F0018F79E0025F71A
:10E260009C0031F79A003EF798004AF7970057F75D
:10E27000950063F793006FF792007CF7900088F7A2
:10E280008E0095F78D00A1F78B00AEF78900BAF7E5
:10E290008800C7F78600D3F78500E0F78300ECF726
:10E2A0008100F9F7800005F87E0011F87D001EF866
:10E2B0007B002AF87A0037F8780043F8770050F8A6
:10E2C00075005CF8740069F8720075F8710082F8E6
:10E2D0006F008EF86E009BF86C00A7F86B00B4F826
:10E2E0006900C0F86800CDF86700D9F86500E6F865
:10E2F0006400F2F86200FFF861000BF9600018F9A1
:10E300005E0024F95D0031F95C003DF95A004AF9DC
:10E31000590056F9580063F956006FF955007CF919
:10E32000540088F9530095F95100A1F95000AEF955
:10E330004F00BAF94E00C7F94C00D3F94B00E0F991
:10E340004A00ECF94900F9F9480005FA470012FAC9
:10E3500045001EFA44002BFA430037FA420044FA03
:10E36000410050FA40005DFA3F0069FA3D0076FA3C
:10E370003C0082FA3B008FFA3A009BFA3900A8FA77
:10E380003800B4FA3700C1FA3600CDFA3500DAFAAF
:10E390003400E6FA3300F3FA320000FB31000CFBE4
:10E3A000300019FB2F0025FB2E0032FB2D003EFB19
:10E3B0002C004BFB2B0057FB2B0064FB2A0070FB4F
:10E3C00029007DFB280089FB270096FB2600A2FB85
:10E3D0002500AFFB2400BCFB2400C8FB2300D5FBB9
:10E3E0002200E1FB2100EEFB2000FAFB200007FCED
:10E3F0001F0013FC1E0020FC1D002CFC1D0039FC1E
:10E400001C0045FC1B0052FC1A005FFC1A006BFC50
:10E41000190078FC180084FC180091FC17009DFC82
:10E420001600AAFC1600B6FC1500C3FC1400D0FCB4
:10E430001400DCFC1300E9FC1300F5FC120002FDE3
:10E4400011000EFD11001BFD100027FD100034FD12
:10E450000F0040FD0F004DFD0E005AFD0E0066FD41
:10E460000D0073FD0D007FFD0C008CFD0C0098FD70
:10E470000B00A5FD0B00B2FD0A00BEFD0A00CBFD9E
:10E480000900D7FD0900E4FD0900F0FD0800FDFDCD
:10E49000080009FE070016FE070023FE07002FFEF6
:10E4A00006003CFE060048FE060055FE050061FE23
:10E4B00005006EFE05007AFE040087FE040094FE4F
:10E4C0000400A0FE0400ADFE0300B9FE0300C6FE7A
:10E4D0000300D2FE0300DFFE0200ECFE0200F8FEA5
:10E4E000020005FF020011FF02001EFF01002AFFCB
:10E4F000010037FF010044FF010050FF01005DFFF4
:10E50000010069FF010076FF000082FF00008FFF1D
:10E5100000009BFF0000A8FF0000B5FF0000C1FF46
:10E520000000CEFF0000DAFF0000E7FF0000F3FF6D
:10E530000000000000000D0000001900000026008F
:10E540000000320000003F0000004B0000005800B7
:10E55000000065000000710000007E0001008A00DC
:10E56000010097000100A3000100B0000100BC0001
:10E570000100C9000100D6000200E2000200EF0025
:10E580000200FB0002000801020014010300210147
:10E5900003002E0103003A01030047010400530168
:10E5A0000400600104006C0104007901050086018B
:10E5B0000500920105009F010600AB010600B801AD
:10E5C0000600C4010700D1010700DD010700EA01D0
:10E5D0000800F701080003020900100209001C02EC
:10E5E000090029020A0035020A0042020B004E020D
:10E5F0000B005B020C0068020C0074020D0081022B
:10E600000D008D020E009A020E00A6020F00B3024A
:10E610000F00C0021000CC021000D9021100E50268
:10E620001100F2021200FE0213000B031300170385
:10E63000140024031400300315003D0316004A03A0
:10E64000160056031700630318006F0318007C03BD
:10E65000190088031A0095031A00A1031B00AE03DA
:10E660001C00BB031D00C7031D00D4031E00E003F4
:10E670001F00ED032000F90320000604210012040E
:10E6800022001F0423002B04240038042400440427
:10E690002500510426005E0427006A042800770440
:10E6A000290083042A0090042B009C042B00A90459
:10E6B0002C00B5042D00C2042E00CE042F00DB0474
:10E6C0003000E7043100F4043200000533000D058A
:10E6D00034001A05350026053600330537003F059E
:10E6E00038004C05390058053A0065053B007105B6
:10E6F0003C007E053D008A053F0097054000A305CC
:10E700004100B0054200BC054300C9054400D505E1
:10E710004500E2054700EE054800FB0549000706F5
:10E720004A0014064B0020064C002D064E00390608
:10E730004F0046065000520651005F0653006B061C
:10E7400054007806550084065600910658009D0630
:10E750005900AA065A00B6065C00C3065D00CF0643
:10E760005E00DC066000E8066100F5066200010755
:10E7700064000E0765001A07670027076800330763
:10E78000690040076B004C076C0059076E00650775
:10E790006F00720771007E0772008B077400970785
:10E7A0007500A4077700B0077800BD077A00C90795
:10E7B0007B00D6077D00E2077E00EF078000FB07A5
:10E7C00081000708830014088500200886002D08B2
:10E7D00088003908890046088B0052088D005F08C0
:10E7E0008E006B08900078089200840893009108CE
:10E7F00095009D089700A9089800B6089A00C208DD
:10E800009C00CF089E00DB089F00E808A100F408E8
:10E81000A3000109A5000D09A6001909A8002609F1
:10E82000AA003209AC003F09AE004B09AF005809FD
:10E83000B1006409B3007009B5007D09B70089090A
:10E84000B9009609BB00A209BD00AF09BE00BB0913
:10E85000C000C709C200D409C400E009C600ED0920
:10E86000C800F909CA00060ACC00120ACE001E0A26
:10E87000D0002B0AD200370AD400440AD600500A2E
:10E88000D8005C0ADA00690ADC00750ADE00820A38
:10E89000E0008E0AE2009A0AE400A70AE700B30A41
:10E8A000E900C00AEB00CC0AED00D80AEF00E50A47
:10E8B000F100F10AF300FD0AF6000A0BF800160B4E
:10E8C000FA00230BFC002F0BFE003B0B0001480B52
:10E8D0000301540B0501600B07016D0B0901790B56
:10E8E0000C01850B0E01920B10019E0B1301AB0B5B
:10E8F0001501B70B1701C30B1901D00B1C01DC0B61
:10E900001E01E80B2001F50B2301010C25010D0C64
:10E9100028011A0C2A01260C2C01320C2F013F0C65
:10E9200031014B0C3401570C3601640C3801700C6A
:10E930003B017C0C3D01890C4001950C4201A10C6E
:10E940004501AE0C4701BA0C4A01C60C4C01D30C70
:10E950004F01DF0C5101EB0C5401F80C5601040D72
:10E960005901100D5B011C0D5E01290D6101350D72
:10E970006301410D66014E0D68015A0D6B01660D74
:10E980006E01720D70017F0D73018B0D7601970D75
:10E990007801A40D7B01B00D7E01BC0D8001C80D76
:10E9A0008301D50D8601E10D8901ED0D8B01F90D76
:10E9B0008E01060E9101120E94011E0E96012B0E71
:10E9C0009901370E9C01430E9F014F0EA2015C0E70
:10E9D000A401680EA701740EAA01800EAD018C0E71
:10E9E000B001990EB301A50EB601B10EB801BD0E6E
:10E9F000BB01CA0EBE01D60EC101E20EC401EE0E6D
:10EA0000C701FB0ECA01070FCD01130FD0011F0F65
:10EA1000D3012B0FD601380FD901440FDC01500F61
:10EA2000DF015C0FE201680FE501750FE801810F5E
:10EA3000EB018D0FEE01990FF101A50FF401B20F5B
:10EA4000F701BE0FFA01CA0FFD01D60F0102E20F56
:10EA50000402EE0F0702FB0F0A0207100D0213104B
:10EA600010021F1013022B10170237101A02441045
:10EA70001D02501020025C1023026810270274103F
:10EA80002A0280102D028C10300299103402A51039
:10EA90003702B1103A02BD103E02C9104102D51032
:10EAA0004402E1104702ED104B02FA104E0206112B
:10EAB0005102121155021E1158022A115C02361120
:10EAC0005F02421162024E1166025A116902671119
:10EAD0006D02731170027F1173028B11770297110F
:10EAE0007A02A3117E02AF118102BB118502C71108
:10EAF0008802D3118C02DF118F02EB119302F71100
:10EB0000960204129A0210129D021C12A1022812EF
:10EB1000A5023412A8024012AC024C12AF025812E5
:10EB2000B3026412B7027012BA027C12BE028812DB
:10EB3000C1029412C502A012C902AC12CC02B812D2
:10EB4000D002C412D402D012D802DC12DB02E812C6
:10EB5000DF02F412E3020013E6020C13EA021813B8
:10EB6000EE022413F2023013F5023C13F9024813AB
:10EB7000FD0254130103601305036C13080378139B
:10EB80000C0384131003901314039C131803A8138D
:10EB90001C03B4132003C0132303CC132703D8137F
:10EBA0002B03E4132F03F0133303FB133703071472
:10EBB0003B0313143F031F1443032B144703371461
:10EBC0004B0343144F034F1453035B145703671451
:10EBD0005B0373145F037F1463038B146703961442
:10EBE0006B03A2146F03AE147303BA147703C61435
:10EBF0007B03D2147F03DE148303EA148703F61425
:10EC00008C03011590030D15940319159803251510
:10EC10009C033115A0033D15A5034915A9035415FF
:10EC2000AD036015B1036C15B5037815BA038415EF
:10EC3000BE039015C2039B15C603A715CA03B315DF
:10EC4000CF03BF15D303CB15D703D715DC03E215CC
:10EC5000E003EE15E403FA15E9030616ED031216B8
:10EC6000F1031D16F6032916FA033516FE034116A5
:10EC700003044C16070458160B046416100470168F
:10EC800014047C16190487161D04931622049F167B
:10EC90002604AB162A04B6162F04C2163304CE1669
:10ECA0003804DA163C04E5164104F1164504FD1655
:10ECB0004A0409174E0414175304201757042C173D
:10ECC0005C0437176104431765044F176A045B1728
:10ECD0006E0466177304721778047E177C04891714
:10ECE000810495178504A1178A04AC178F04B817FF
:10ECF0009304C4179804CF179D04DB17A104E717EA
:10ED0000A604F217AB04FE17B0040A18B4041518D1
:10ED1000B9042118BE042D18C2043818C7044418B9
:10ED2000CC044F18D1045B18D6046718DA047218A3
:10ED3000DF047E18E4048918E9049518EE04A1188C
:10ED4000F204AC18F704B818FC04C3180105CF1876
:10ED50000605DB180B05E6181005F2181505FD1859
:10ED60001A0509191E0514192305201928052C193F
:10ED70002D0537193205431937054E193C055A1927
:10ED800041056519460571194B057C19500588190F
:10ED9000550593195A059F195F05AA196405B619F7
:10EDA0006905C1196E05CD197305D8197805E419DF
:10EDB0007E05EF198305FB198805061A8D05121AC1
:10EDC00092051D1A9705291A9C05341AA105401AA7
:10EDD000A7054B1AAC05571AB105621AB6056E1A8B
:10EDE000BB05791AC105841AC605901ACB059B1A72
:10EDF000D005A71AD505B21ADB05BE1AE005C91A57
:10EE0000E505D41AEA05E01AF005EB1AF505F71A3C
:10EE1000FA05021B00060D1B0506191B0A06241B1A
:10EE20001006301B15063B1B1A06461B2006521BFC
:10EE300025065D1B2A06681B3006741B35067F1BE2
:10EE40003B068A1B4006961B4506A11B4B06AC1BC6
:10EE50005006B81B5606C31B5B06CE1B6106DA1BA9
:10EE60006606E51B6C06F01B7106FC1B7706071C8B
:10EE70007C06121C82061E1C8706291C8D06341C6B
:10EE800092063F1C98064B1C9D06561CA306611C4F
:10EE9000A8066C1CAE06781CB406831CB9068E1C32
:10EEA000BF06991CC506A51CCA06B01CD006BB1C13
:10EEB000D506C61CDB06D21CE106DD1CE606E81CF6
:10EEC000EC06F31CF206FF1CF7060A1DFD06151DD5
:10EED0000307201D09072B1D0E07361D1407421DB1
:10EEE0001A074D1D2007581D2507631D2B076E1D92
:10EEF0003107791D3707851D3D07901D42079B1D72
:10EF00004807A61D4E07B11D5407BC1D5A07C71D53
:10EF10005F07D31D6507DE1D6B07E91D7107F41D33
:10EF20007707FF1D7D070A1E8307151E8907201E10
:10EF30008F072B1E9507361E9A07421EA0074D1EEF
:10EF4000A607581EAC07631EB2076E1EB807791ECF
:10EF5000BE07841EC4078F1ECA079A1ED007A51EAF
:10EF6000D607B01EDC07BB1EE207C61EE807D11E8F
:10EF7000EE07DC1EF507E71EFB07F21E0108FD1E6B
:10EF80000708081F0D08131F13081E1F1908291F43
:10EF90001F08341F25083F1F2B084A1F3208551F22
:10EFA0003808601F3E086B1F4408761F4A08811FFF
:10EFB00050088C1F5708971F5D08A21F6308AC1FDD
:10EFC0006908B71F7008C21F7608CD1F7C08D81FBC
:10EFD0008208E31F8908EE1F8F08F91F9508042097
:10EFE0009B080F20A2081920A8082420AE082F2073
:10EFF000B5083A20BB084520C1085020C8085B204E
:10F00000CE086520D4087020DB087B20E10886202C
:10F01000E8089120EE089B20F408A620FB08B12008
:10F020000109BC200809C7200E09D1201509DC20E0
:10F030001B09E7202109F2202809FD202E090721BC
:10F04000350912213B091D21420928214809322195
:10F050004F093D21550948215C09532163095D2170
:10F06000690968217009732176097D217D0988214C
:10F07000830993218A099E219109A8219709B32127
:10F080009E09BE21A409C821AB09D321B209DE2102
:10F09000B809E821BF09F321C609FE21CC090822DD
:10F0A000D3091322DA091E22E0092822E7093322B4
:10F0B000EE093D22F5094822FB095322020A5D228E
:10F0C000090A6822100A7222160A7D221D0A882265
:10F0D000240A92222B0A9D22320AA722380AB2223F
:10F0E0003F0ABC22460AC7224D0AD222540ADC2219
:10F0F0005B0AE722610AF122680AFC226F0A0623F2
:10F10000760A11237D0A1B23840A26238B0A3023C7
:10F11000920A3B23990A45239F0A5023A60A5A23A1
:10F12000AD0A6523B40A6F23BB0A7A23C20A84237B
:10F13000C90A8E23D00A9923D70AA323DE0AAE2355
:10F14000E50AB823EC0AC323F30ACD23FA0AD7232E
:10F15000010BE223080BEC230F0BF723160B012402
:10F160001E0B0B24250B16242C0B2024330B2B24D5
:10F170003A0B3524410B3F24480B4A244F0B5424AF
:10F18000560B5E245E0B6924650B73246C0B7D2487
:10F19000730B88247A0B9224810B9C24890BA7245F
:10F1A000900BB124970BBB249E0BC524A50BD02438
:10F1B000AD0BDA24B40BE424BB0BEF24C20BF9240F
:10F1C000CA0B0325D10B0D25D80B1825E00B2225E2
:10F1D000E70B2C25EE0B3625F50B4125FD0B4B25BA
:10F1E000040C55250B0C5F25130C69251A0C74258E
:10F1F000210C7E25290C8825300C9225380C9C2565
:10F200003F0CA625460CB1254E0CBB25550CC5253B
:10F210005D0CCF25640CD9256B0CE325730CED2513
:10F220007A0CF825820C0226890C0C26910C1626E5
:10F23000980C2026A00C2A26A70C3426AF0C3E26BC
:10F24000B60C4826BE0C5226C50C5C26CD0C662694
:10F25000D40C7126DC0C7B26E30C8526EB0C8F2668
:10F26000F30C9926FA0CA326020DAD26090DB7263C
:10F27000110DC126190DCB26200DD526280DDF2610
:10F28000300DE926370DF3263F0DFD26460D0727E5
:10F290004E0D1127560D1A275D0D2427650D2E27BB
:10F2A0006D0D3827750D42277C0D4C27840D562790
:10F2B0008C0D6027930D6A279B0D7427A30D7E2765
:10F2C000AB0D8827B20D9127BA0D9B27C20DA5273C
:10F2D000CA0DAF27D20DB927D90DC327E10DCD2710
:10F2E000E90DD627F10DE027F90DEA27010EF427E5
:10F2F000080EFE27100E0828180E1128200E1B28B5
:10F30000280E2528300E2F28380E3828400E422887
:10F31000470E4C284F0E5628570E60285F0E69285E
:10F32000670E73286F0E7D28770E86287F0E902833
:10F33000870E9A288F0EA428970EAD289F0EB72807
:10F34000A70EC128AF0ECA28B70ED428BF0EDE28DC
:10F35000C70EE728CF0EF128D70EFB28DF0E0429B1
:10F36000E70E0E29EF0E1829F70E2129FF0E2B2983
:10F37000070F3529100F3E29180F4829200F512952
:10F38000280F5B29300F6529380F6E29400F782927
:10F39000480F8129510F8B29590F9429610F9E29FC
:10F3A000690FA729710FB129790FBB29820FC429D1
:10F3B0008A0FCE29920FD7299A0FE129A30FEA29A4
:10F3C000AB0FF429B30FFD29BB0F072AC40F102A76
:10F3D000CC0F1A2AD40F232ADC0F2C2AE50F362A49
:10F3E000ED0F3F2AF50F492AFE0F522A06105C2A1C
:10F3F0000E10652A16106E2A1F10782A2710812AEF
:10F4000030108B2A3810942A40109D2A4910A72AC0
:10F410005110B02A5910B92A6210C32A6A10CC2A96
:10F420007310D62A7B10DF2A8310E82A8C10F22A68
:10F430009410FB2A9D10042BA5100D2BAE10172B3A
:10F44000B610202BBF10292BC710332BD0103C2B0C
:10F45000D810452BE0104E2BE910582BF210612BE1
:10F46000FA106A2B0311732B0B117D2B1411862BB1
:10F470001C118F2B2511982B2D11A12B3611AB2B85
:10F480003E11B42B4711BD2B5011C62B5811CF2B59
:10F490006111D82B6911E22B7211EB2B7B11F42B2C
:10F4A0008311FD2B8C11062C95110F2C9D11182CFE
:10F4B000A611212CAF112B2CB711342CC0113D2CCF
:10F4C000C911462CD1114F2CDA11582CE311612CA3
:10F4D000EB116A2CF411732CFD117C2C0612852C77
:10F4E0000E128E2C1712972C2012A02C2912A92C48
:10F4F0003112B22C3A12BB2C4312C42C4C12CD2C1C
:10F500005512D62C5D12DF2C6612E82C6F12F12CEE
:10F510007812FA2C8112032D8A120C2D9212152DBD
:10F520009B121E2DA412272DAD122F2DB612382D91
:10F53000BF12412DC8124A2DD112532DD9125C2D64
:10F54000E212652DEB126E2DF412762DFD127F2D39
:10F550000613882D0F13912D18139A2D2113A32D07
:10F560002A13AB2D3313B42D3C13BD2D4513C62DDB
:10F570004E13CF2D5713D72D6013E02D6913E92DAE
:10F580007213F22D7B13FA2D8413032E8D130C2E80
:10F590009613152E9F131D2EA813262EB1132F2E52
:10F5A000BA13372EC313402ECC13492ED513512E28
:10F5B000DF135A2EE813632EF1136B2EFA13742EF9
:10F5C00003147D2E0C14852E15148E2E1E14972ECA
:10F5D00028149F2E3114A82E3A14B02E4314B92E9D
:10F5E0004C14C22E5514CA2E5F14D32E6814DB2E71
:10F5F0007114E42E7A14EC2E8314F52E8D14FD2E46
:10F600009614062F9F140E2FA814172FB214202F14
:10F61000BB14282FC414302FCD14392FD714412FE9
:10F62000E0144A2FE914522FF3145B2FFC14632FBC
:10F6300005156C2F0E15742F18157D2F2115852F8C
:10F640002A158D2F3415962F3D159E2F4715A72F60
:10F650005015AF2F5915B72F6315C02F6C15C82F34
:10F660007515D02F7F15D92F8815E12F9215EA2F08
:10F670009B15F22FA415FA2FAE150230B7150B30DB
:10F68000C1151330CA151B30D4152430DD152C30AC
:10F69000E6153430F0153C30F915453003164D3081
:10F6A0000C16553016165D301F16663029166E3052
:10F6B000321676303C167E30451687304F168F3026
:10F6C0005916973062169F306C16A7307516AF30FA
:10F6D0007F16B8308816C0309216C8309B16D030CE
:10F6E000A516D830AF16E030B816E830C216F030A4
:10F6F000CB16F930D5160131DF160931E816113174
:10F70000F2161931FC162131051729310F17313145
:10F7100019173931221741312C1749313617513118
:10F720003F17593149176131531769315C177131EE
:10F7300066177931701781317A17893183179131C2
:10F740008D1799319717A131A017A931AA17B13197
:10F75000B417B931BE17C031C817C831D117D0316D
:10F76000DB17D831E517E031EF17E831F817F03142
:10F770000218F8310C18FF311618073220180F3212
:10F780002A18173233181F323D18273247182E32E5
:10F79000511836325B183E32651846326F184E32B9
:10F7A0007818553282185D328C18653296186D3291
:10F7B000A0187432AA187C32B4188432BE188B3266
:10F7C000C8189332D2189B32DC18A332E618AA323A
:10F7D000EF18B232F918BA320319C1320D19C93211
:10F7E0001719D0322119D8322B19E0323519E732E6
:10F7F0003F19EF324919F7325319FE325D190633BA
:10F8000067190D33711915337B191D33851924338D
:10F810008F192C339A193333A4193B33AE19423361
:10F82000B8194A33C2195133CC195933D619603338
:10F83000E0196833EA196F33F4197733FE197E3310
:10F84000081A8633131A8D331D1A9533271A9C33E1
:10F85000311AA3333B1AAB33451AB2334F1ABA33BA
:10F860005A1AC133641AC8336E1AD033781AD73390
:10F87000821ADF338C1AE633971AED33A11AF53367
:10F88000AB1AFC33B51A0334BF1A0B34CA1A12343C
:10F89000D41A1934DE1A2034E81A2834F31A2F3413
:10F8A000FD1A3634071B3E34111B45341C1B4C34E7
:10F8B000261B5334301B5B343B1B6234451B6934BD
:10F8C0004F1B7034591B7734641B7F346E1B863496
:10F8D000781B8D34831B94348D1B9B34971BA2346F
:10F8E000A21BAA34AC1BB134B61BB834C11BBF3445
:10F8F000CB1BC634D51BCD34E01BD434EA1BDB3420
:10F90000F51BE234FF1BEA34091CF134141CF834F3
:10F910001E1CFF34291C0635331C0D353D1C1435C7
:10F92000481C1B35521C22355D1C2935671C30359F
:10F93000721C37357C1C3E35861C4535911C4C3578
:10F940009B1C5335A61C5A35B01C6135BB1C673552
:10F95000C51C6E35D01C7535DA1C7C35E51C83352D
:10F96000EF1C8A35FA1C9135041D98350F1D9F3503
:10F97000191DA535241DAC352E1DB335391DBA35DD
:10F98000441DC1354E1DC835591DCE35631DD535B5
:10F990006E1DDC35781DE335831DEA358E1DF0358F
:10F9A000981DF735A31DFE35AD1D0536B81D0B3668
:10F9B000C31D1236CD1D1936D81D2036E21D263640
:10F9C000ED1D2D36F81D3436021E3A360D1E413619
:10F9D000181E4836221E4E362D1E5536381E5C36F1
:10F9E000421E62364D1E6936581E6F36621E7636CE
:10F9F0006D1E7D36781E8336831E8A368D1E9036A8
:10FA0000981E9736A31E9D36AD1EA436B81EAB3683
:10FA1000C31EB136CE1EB836D81EBE36E31EC5365E
:10FA2000EE1ECB36F91ED236031FD8360E1FDF3638
:10FA3000191FE536241FEB362F1FF236391FF83613
:10FA4000441FFF364F1F05375A1F0C37651F1237EB
:10FA50006F1F18377A1F1F37851F2537901F2C37C8
:10FA60009B1F3237A51F3837B01F3F37BB1F4537A5
:10FA7000C61F4B37D11F5237DC1F5837E71F5E3781
:10FA8000F11F6537FC1F6B3707207137122077375E
:10FA90001D207E372820843733208A373E20903738
:10FAA0004920973754209D375E20A3376920A93716
:10FAB0007420B0377F20B6378A20BC379520C237F4
:10FAC000A020C837AB20CE37B620D537C120DB37D2
:10FAD000CC20E137D720E737E220ED37ED20F337B0
:10FAE000F820F9370321FF370E21053819210B388B
:10FAF000242112382F2118383A211E384521243864
:10FB000050212A385B2130386621363871213C3843
:10FB10007C2142388721483892214E389D21543823
:10FB2000A8215A38B3216038BE216638CA216B3803
:10FB3000D5217138E0217738EB217D38F6218338E3
:10FB4000012289380C228F381722953822229B38BF
:10FB50002D22A1383922A6384422AC384F22B2389F
:10FB60005A22B8386522BE387022C3387B22C93881
:10FB70008722CF389222D5389D22DB38A822E03860
:10FB8000B322E638BE22EC38CA22F238D522F73842
:10FB9000E022FD38EB220339F622093901230E3920
:10FBA0000D23143918231A3923231F392E232539FD
:10FBB0003A232B3945233039502336395B233B39DF
:10FBC00067234139722347397D234C3988235239C1
:10FBD000942358399F235D39AA236339B5236839A3
:10FBE000C1236E39CC237339D7237939E2237E3987
:10FBF000EE238439F923893904248F391024943968
:10FC00001B249A3926249F393224A5393D24AA3948
:10FC10004824B0395424B5395F24BB396A24C0392B
:10FC20007624C5398124CB398C24D0399824D6390F
:10FC3000A324DB39AE24E039BA24E639C524EB39F4
:10FC4000D024F039DC24F639E724FB39F324003AD8
:10FC5000FE24063A09250B3A1525103A2025163AB6
:10FC60002C251B3A3725203A4225253A4E252B3A9A
:10FC70005925303A6525353A70253A3A7C253F3A80
:10FC80008725453A92254A3A9E254F3AA925543A66
:10FC9000B525593AC0255F3ACC25643AD725693A4B
:10FCA000E3256E3AEE25733AFA25783A05267D3A31
:10FCB0001126823A1C26883A28268D3A3326923A13
:10FCC0003F26973A4A269C3A5626A13A6126A63AFA
:10FCD0006D26AB3A7826B03A8426B53A8F26BA3AE2
:10FCE0009B26BF3AA626C43AB226C93ABD26CE3ACA
:10FCF000C926D33AD426D83AE026DD3AEC26E23AB1
:10FD0000F726E63A0327EB3A0E27F03A1A27F53A98
:10FD10002527FA3A3127FF3A3D27043B4827093B7C
:10FD200054270E3B5F27123B6B27173B77271C3B63
:10FD30008227213B8E27263B99272A3BA5272F3B4D
:10FD4000B127343BBC27393BC8273E3BD327423B36
:10FD5000DF27473BEB274C3BF627503B0228553B20
:10FD60000E285A3B19285F3B2528633B3128683B06
:10FD70003C286D3B4828713B5428763B5F287B3BF1
:10FD80006B287F3B7728843B8228883B8E288D3BDD
:10FD90009A28923BA528963BB1289B3BBD289F3BC8
:10FDA000C928A43BD428A93BE028AD3BEC28B23BB2
:10FDB000F728B63B0329BB3B0F29BF3B1B29C43B9C
:10FDC0002629C83B3229CD3B3E29D13B4A29D63B87
:10FDD0005529DA3B6129DE3B6D29E33B7929E73B75
:10FDE0008429EC3B9029F03B9C29F53BA829F93B61
:10FDF000B429FD3BBF29023CCB29063CD7290A3C4C
:10FE0000E3290F3CEE29133CFA29173C062A1C3C37
:10FE1000122A203C1E2A243C292A293C352A2D3C22
:10FE2000412A313C4D2A363C592A3A3C652A3E3C0F
:10FE3000702A423C7C2A463C882A4B3C942A4F3C00
:10FE4000A02A533CAC2A573CB72A5B3CC32A603CEF
:10FE5000CF2A643CDB2A683CE72A6C3CF32A703CDE
:10FE6000FF2A743C0A2B793C162B7D3C222B813CCB
:10FE70002E2B853C3A2B893C462B8D3C522B913CBA
:10FE80005E2B953C6A2B993C752B9D3C812BA13CAC
:10FE90008D2BA53C992BA93CA52BAD3CB12BB13C9E
:10FEA000BD2BB53CC92BB93CD52BBD3CE12BC13C8E
:10FEB000ED2BC53CF92BC93C052CCD3C102CD13C7D
:10FEC0001C2CD53C282CD93C342CDD3C402CE03C6F
:10FED0004C2CE43C582CE83C642CEC3C702CF03C62
:10FEE0007C2CF43C882CF83C942CFB3CA02CFF3C54
:10FEF000AC2C033DB82C073DC42C0B3DD02C0E3D43
:10FF0000DC2C123DE82C163DF42C1A3D002D1D3D35
:10FF10000C2D213D182D253D242D283D302D2C3D27
:10FF20003C2D303D482D343D542D373D602D3B3D1B
:10FF30006C2D3F3D782D423D842D463D902D493D11
:10FF40009C2D4D3DA82D513DB42D543DC02D583D07
:10FF5000CC2D5B3DD82D5F3DE42D633DF02D663DFE
:10FF6000FC2D6A3D092E6D3D152E713D212E743DEF
:10FF70002D2E783D392E7B3D452E7F3D512E823DE5
:10FF80005D2E863D692E893D752E8D3D812E903DDD
:10FF90008D2E933D992E973DA62E9A3DB22E9E3DD5
:10FFA000BE2EA13DCA2EA43DD62EA83DE22EAB3DCD
:10FFB000EE2EAF3DFA2EB23D062FB53D132FB93DC3
:10FFC0001F2FBC3D2B2FBF3D372FC23D432FC63DBA
:10FFD0004F2FC93D5B2FCC3D672FD03D742FD33DB4
:10FFE000802FD63D8C2FD93D982FDD3DA42FE03DAD
:10FFF000B02FE33DBC2FE63DC92FE93DD52FED3DA8
:020000040801F1
:10000000E12FF03DED2FF33DF92FF63D0530F93DA1
:100010001230FC3D1E30FF3D2A30033E3630063E96
:100020004230093E4E300C3E5B300F3E6730123E90
:100030007330153E7F30183E8B301B3E98301E3E8D
:10004000A430213EB030243EBC30273EC8302A3E8A
:10005000D5302D3EE130303EED30333EF930363E86
:100060000531393E12313C3E1E313F3E2A31423E7F
:100070003631453E4331483E4F314A3E5B314D3E7D
:100080006731503E7431533E8031563E8C31593E7B
:1000900098315C3EA4315E3EB131613EBD31643E7B
:1000A000C931673ED5316A3EE2316C3EEE316F3E7A
:1000B000FA31723E0732753E1332773E1F327A3E76
:1000C0002B327D3E3832803E4432823E5032853E75
:1000D0005C32883E69328A3E75328D3E8132903E76
:1000E0008E32923E9A32953EA632983EB2329A3E77
:1000F000BF329D3ECB329F3ED732A23EE432A53E78
:10010000F032A73EFC32AA3E0833AC3E1533AF3E78
:100110002133B13E2D33B43E3A33B63E4633B93E79
:100120005233BB3E5F33BE3E6B33C03E7733C33E7C
:100130008433C53E9033C83E9C33CA3EA933CC3E7F
:10014000B533CF3EC133D13ECE33D43EDA33D63E83
:10015000E633D83EF333DB3EFF33DD3E0B34E03E87
:100160001834E23E2434E43E3034E73E3D34E93E88
:100170004934EB3E5534ED3E6234F03E6E34F23E8F
:100180007B34F43E8734F73E9334F93EA034FB3E93
:10019000AC34FD3EB834003FC534023FD134043F97
:1001A000DD34063FEA34083FF6340A3F03350D3F9D
:1001B0000F350F3F1B35113F2835133F3435153FA1
:1001C0004035173F4D35193F59351C3F66351E3FA9
:1001D0007235203F7E35223F8B35243F9735263FB1
:1001E000A435283FB0352A3FBC352C3FC9352E3FBA
:1001F000D535303FE235323FEE35343FFA35363FC4
:100200000736383F13363A3F20363C3F2C363E3FC8
:100210003936403F4536423F5136433F5E36453FD3
:100220006A36473F7736493F83364B3F90364D3FDE
:100230009C364F3FA836513FB536523FC136543FEA
:10024000CE36563FDA36583FE7365A3FF3365B3FF5
:10025000FF365D3F0C375F3F1837613F2537623F00
:100260003137643F3E37663F4A37683F5737693F0B
:1002700063376B3F6F376D3F7C376E3F8837703F1A
:100280009537723FA137733FAE37753FBA37773F27
:10029000C737783FD3377A3FE0377B3FEC377D3F36
:1002A000F9377F3F0538803F1138823F1E38833F42
:1002B0002A38853F3738863F4338883F5038893F52
:1002C0005C388B3F69388C3F75388E3F82388F3F62
:1002D0008E38913F9B38923FA738943FB438953F72
:1002E000C038973FCD38983FD938993FE6389B3F83
:1002F000F2389C3FFF389E3F0B399F3F1839A03F93
:100300002439A23F3139A33F3D39A43F4A39A63FA2
:100310005639A73F6339A83F6F39AA3F7C39AB3FB5
:100320008839AC3F9539AD3FA139AF3FAE39B03FC9
:10033000BA39B13FC739B23FD339B43FE039B53FDD
:10034000EC39B63FF939B73F053AB83F123AB93FF1
:100350001E3ABB3F2B3ABC3F373ABD3F443ABE3F03
:10036000503ABF3F5D3AC03F693AC13F763AC33F1A
:10037000823AC43F8F3AC53F9B3AC63FA83AC73F2F
:10038000B43AC83FC13AC93FCD3ACA3FDA3ACB3F47
:10039000E63ACC3FF33ACD3F003BCE3F0C3BCF3F5C
:1003A000193BD03F253BD13F323BD23F3E3BD33F71
:1003B0004B3BD43F573BD53F643BD53F703BD63F8B
:1003C0007D3BD73F893BD83F963BD93FA23BDA3FA5
:1003D000AF3BDB3FBC3BDC3FC83BDC3FD53BDD3FBD
:1003E000E13BDE3FEE3BDF3FFA3BE03F073CE03FD7
:1003F000133CE13F203CE23F2C3CE33F393CE33FF0
:10040000453CE43F523CE53F5F3CE63F6B3CE63F0A
:10041000783CE73F843CE83F913CE83F9D3CE93F26
:10042000AA3CEA3FB63CEA3FC33CEB3FD03CEC3F42
:10043000DC3CEC3FE93CED3FF53CED3F023DEE3F5F
:100440000E3DEF3F1B3DEF3F273DF03F343DF03F7A
:10045000403DF13F4D3DF13F5A3DF23F663DF23F99
:10046000733DF33F7F3DF33F8C3DF43F983DF43FB8
:10047000A53DF53FB23DF53FBE3DF63FCB3DF63FD6
:10048000D73DF73FE43DF73FF03DF73FFD3DF83FF7
:10049000093EF83F163EF93F233EF93F2F3EF93F14
:1004A0003C3EFA3F483EFA3F553EFA3F613EFB3F35
:1004B0006E3EFB3F7A3EFB3F873EFC3F943EFC3F57
:1004C000A03EFC3FAD3EFC3FB93EFD3FC63EFD3F7A
:1004D000D23EFD3FDF3EFD3FEC3EFE3FF83EFE3F9D
:1004E000053FFE3F113FFE3F1E3FFE3F2A3FFF3FBD
:1004F000373FFF3F443FFF3F503FFF3F5D3FFF3FE0
:10050000693FFF3F763FFF3F823F00408F3F004003
:100510009B3F0040A83F0040B53F0040C13F004026
:10052000CE3F0040DA3F0040E73F0040F33F00404D
:10053000004000400D40004019400040264000406F
:10054000324000403F4000404B4000405840004097
:1005500065400040714000407E4000408A40FF3FBF
:100560009740FF3FA340FF3FB040FF3FBC40FF3FED
:10057000C940FF3FD640FF3FE240FE3FEF40FE3F15
:10058000FB40FE3F0841FE3F1441FE3F2141FD3F3D
:100590002E41FD3F3A41FD3F4741FD3F5341FC3F66
:1005A0006041FC3F6C41FC3F7941FC3F8641FB3F91
:1005B0009241FB3F9F41FB3FAB41FA3FB841FA3FBD
:1005C000C441FA3FD141F93FDD41F93FEA41F93FEA
:1005D000F741F83F0342F83F1042F73F1C42F73F14
:1005E0002942F73F3542F63F4242F63F4E42F53F41
:1005F0005B42F53F6842F43F7442F43F8142F33F6F
:100600008D42F33F9A42F23FA642F23FB342F13F9E
:10061000C042F13FCC42F03FD942F03FE542EF3FCC
:10062000F242EF3FFE42EE3F0B43ED3F1743ED3FFB
:100630002443EC3F3043EC3F3D43EB3F4A43EA3F2A
:100640005643EA3F6343E93F6F43E83F7C43E83F5B
:100650008843E73F9543E63FA143E63FAE43E53F8E
:10066000BB43E43FC743E33FD443E33FE043E23FC0
:10067000ED43E13FF943E03F0644E03F1244DF3FF2
:100680001F44DE3F2B44DD3F3844DC3F4444DC3F25
:100690005144DB3F5E44DA3F6A44D93F7744D83F58
:1006A0008344D73F9044D63F9C44D53FA944D53F8F
:1006B000B544D43FC244D33FCE44D23FDB44D13FC4
:1006C000E744D03FF444CF3F0045CE3F0D45CD3FFA
:1006D0001A45CC3F2645CB3F3345CA3F3F45C93F2E
:1006E0004C45C83F5845C73F6545C63F7145C53F66
:1006F0007E45C43F8A45C33F9745C13FA345C03FA0
:10070000B045BF3FBC45BE3FC945BD3FD545BC3FD9
:10071000E245BB3FEE45B93FFB45B83F0746B73F13
:100720001446B63F2046B53F2D46B43F3946B23F4A
:100730004646B13F5246B03F5F46AF3F6B46AD3F86
:100740007846AC3F8446AB3F9146AA3F9D46A83FC2
:10075000AA46A73FB646A63FC346A43FCF46A33FFF
:10076000DC46A23FE846A03FF5469F3F01479E3F3B
:100770000E479C3F1A479B3F2747993F3347983F77
:100780004047973F4C47953F5947943F6547923FB5
:100790007247913F7E478F3F8B478E3F97478C3FF5
:1007A000A4478B3FB047893FBD47883FC947863F35
:1007B000D647853FE247833FEF47823FFB47803F75
:1007C00007487F3F14487D3F20487B3F2D487A3FB4
:1007D0003948783F4648773F5248753F5F48733FF6
:1007E0006B48723F7848703F84486E3F91486D3F38
:1007F0009D486B3FA948693FB648683FC248663F7D
:10080000CF48643FDB48623FE848613FF4485F3FC0
:1008100001495D3F0D495B3F19495A3F2649583F01
:100820003249563F3F49543F4B49523F5849513F47
:1008300064494F3F70494D3F7D494B3F8949493F8E
:100840009649473FA249453FAF49433FBB49423FD5
:10085000C749403FD4493E3FE0493C3FED493A3F1C
:10086000F949383F064A363F124A343F1E4A323F62
:100870002B4A303F374A2E3F444A2C3F504A2A3FAA
:100880005C4A283F694A263F754A243F824A223FF4
:100890008E4A203F9A4A1E3FA74A1C3FB34A193F3F
:1008A000C04A173FCC4A153FD84A133FE54A113F8B
:1008B000F14A0F3FFD4A0D3F0A4B0A3F164B083FD6
:1008C000234B063F2F4B043F3B4B023F484B003F1F
:1008D000544BFD3E604BFB3E6D4BF93E794BF73E72
:1008E000854BF43E924BF23E9E4BF03EAB4BED3EC1
:1008F000B74BEB3EC34BE93ED04BE73EDC4BE43E0F
:10090000E84BE23EF54BE03E014CDD3E0D4CDB3E5C
:100910001A4CD83E264CD63E324CD43E3F4CD13EAB
:100920004B4CCF3E574CCC3E644CCA3E704CC83EFC
:100930007C4CC53E894CC33E954CC03EA14CBE3E4E
:10094000AE4CBB3EBA4CB93EC64CB63ED34CB43EA0
:10095000DF4CB13EEB4CAF3EF84CAC3E044DAA3EF2
:10096000104DA73E1C4DA53E294DA23E354D9F3E44
:10097000414D9D3E4E4D9A3E5A4D983E664D953E98
:10098000724D923E7F4D903E8B4D8D3E974D8A3EEF
:10099000A44D883EB04D853EBC4D823EC84D803E44
:1009A000D54D7D3EE14D7A3EED4D773EF94D753E9C
:1009B000064E723E124E6F3E1E4E6C3E2B4E6A3EEF
:1009C000374E673E434E643E4F4E613E5C4E5E3E48
:1009D000684E5C3E744E593E804E563E8C4E533EA1
:1009E000994E503EA54E4D3EB14E4A3EBD4E483EFC
:1009F000CA4E453ED64E423EE24E3F3EEE4E3C3E55
:100A0000FB4E393E074F363E134F333E1F4F303EAD
:100A10002B4F2D3E384F2A3E444F273E504F243E09
:100A20005C4F213E684F1E3E754F1B3E814F183E66
:100A30008D4F153E994F123EA54F0F3EB24F0C3EC3
:100A4000BE4F093ECA4F063ED64F033EE24FFF3D22
:100A5000EE4FFC3DFB4FF93D0750F63D1350F33D83
:100A60001F50F03D2B50ED3D3750E93D4450E63DE1
:100A70005050E33D5C50E03D6850DD3D7450D93D41
:100A80008050D63D8C50D33D9950D03DA550CC3DA3
:100A9000B150C93DBD50C63DC950C23DD550BF3D06
:100AA000E150BC3DED50B93DFA50B53D0651B23D67
:100AB0001251AF3D1E51AB3D2A51A83D3651A43DC8
:100AC0004251A13D4E519E3D5A519A3D6751973D2D
:100AD0007351933D7F51903D8B518D3D9751893D91
:100AE000A351863DAF51823DBB517F3DC7517B3DF8
:100AF000D351783DDF51743DEB51713DF7516D3D60
:100B000004526A3D1052663D1C52633D28525F3DBF
:100B100034525B3D4052583D4C52543D5852513D29
:100B200064524D3D7052493D7C52463D8852423D93
:100B300094523F3DA0523B3DAC52373DB852343DFC
:100B4000C452303DD0522C3DDC52283DE852253D68
:100B5000F452213D00531D3D0C531A3D1853163DD0
:100B60002453123D30530E3D3C530B3D4853073D3B
:100B70005453033D6053FF3C6C53FB3C7853F83CAB
:100B80008453F43C9053F03C9C53EC3CA853E83C19
:100B9000B453E43CC053E03CCC53DD3CD853D93C87
:100BA000E453D53CF053D13CFB53CD3C0754C93CF6
:100BB0001354C53C1F54C13C2B54BD3C3754B93C65
:100BC0004354B53C4F54B13C5B54AD3C6754A93CD5
:100BD0007354A53C7F54A13C8B549D3C9654993C46
:100BE000A254953CAE54913CBA548D3CC654893CB9
:100BF000D254853CDE54813CEA547D3CF654793C29
:100C00000155743C0D55703C19556C3C2555683C9C
:100C10003155643C3D55603C49555B3C5455573C0F
:100C20006055533C6C554F3C78554B3C8455463C85
:100C30009055423C9B553E3CA7553A3CB355363CFB
:100C4000BF55313CCB552D3CD755293CE255243C72
:100C5000EE55203CFA551C3C0656173C1256133CE8
:100C60001D560F3C29560A3C3556063C4156023C5F
:100C70004C56FD3B5856F93B6456F53B7056F03BDD
:100C80007C56EC3B8756E73B9356E33B9F56DE3B57
:100C9000AB56DA3BB656D63BC256D13BCE56CD3BD1
:100CA000DA56C83BE556C43BF156BF3BFD56BB3B4D
:100CB0000957B63B1457B23B2057AD3B2C57A93BC5
:100CC0003757A43B43579F3B4F579B3B5B57963B44
:100CD0006657923B72578D3B7E57883B8957843BC2
:100CE00095577F3BA1577B3BAC57763BB857713B41
:100CF000C4576D3BCF57683BDB57633BE7575F3BC0
:100D0000F2575A3BFE57553B0A58503B15584C3B3F
:100D10002158473B2D58423B38583E3B4458393BBD
:100D20004F58343B5B582F3B67582A3B7258263B41
:100D30007E58213B89581C3B9558173BA158123BC4
:100D4000AC580E3BB858093BC358043BCF58FF3A48
:100D5000DB58FA3AE658F53AF258F03AFD58EB3AD1
:100D60000959E63A1459E23A2059DD3A2C59D83A51
:100D70003759D33A4359CE3A4E59C93A5A59C43AD7
:100D80006559BF3A7159BA3A7C59B53A8859B03A5F
:100D90009359AB3A9F59A63AAA59A13AB6599C3AE7
:100DA000C159973ACD59923AD8598D3AE459883A6F
:100DB000EF59823AFB597D3A065A783A125A733AF9
:100DC0001D5A6E3A295A693A345A643A405A5F3A7F
:100DD0004B5A593A575A543A625A4F3A6E5A4A3A0B
:100DE000795A453A845A3F3A905A3A3A9B5A353A98
:100DF000A75A303AB25A2B3ABE5A253AC95A203A23
:100E0000D45A1B3AE05A163AEB5A103AF75A0B3AB0
:100E1000025B063A0D5B003A195BFB39245BF6393D
:100E2000305BF0393B5BEB39465BE639525BE039CE
:100E30005D5BDB39685BD639745BD0397F5BCB395E
:100E40008A5BC539965BC039A15BBB39AC5BB539F0
:100E5000B85BB039C35BAA39CE5BA539DA5B9F3981
:100E6000E55B9A39F05B9439FC5B8F39075C893913
:100E7000125C84391E5C7E39295C7939345C7339A3
:100E80003F5C6E394B5C6839565C6339615C5D3937
:100E90006C5C5839785C5239835C4C398E5C4739CC
:100EA000995C4139A55C3B39B05C3639BB5C303963
:100EB000C65C2B39D25C2539DD5C1F39E85C1A39F8
:100EC000F35C1439FF5C0E390A5D0939155D03398D
:100ED000205DFD382B5DF738365DF238425DEC3829
:100EE0004D5DE638585DE038635DDB386E5DD538C2
:100EF000795DCF38855DC938905DC3389B5DBE385C
:100F0000A65DB838B15DB238BC5DAC38C75DA638F7
:100F1000D35DA138DE5D9B38E95D9538F45D8F388F
:100F2000FF5D89380A5E8338155E7D38205E77382C
:100F30002B5E7138365E6B38425E66384D5E6038C7
:100F4000585E5A38635E54386E5E4E38795E483863
:100F5000845E42388F5E3C389A5E3638A55E303803
:100F6000B05E2A38BB5E2438C65E1E38D15E1838A3
:100F7000DC5E1238E75E0B38F25E0538FD5EFF3747
:100F8000085FF937135FF3371E5FED37295FE737E7
:100F9000345FE1373F5FDB374A5FD537555FCE3788
:100FA000605FC8376B5FC237765FBC37815FB6372B
:100FB0008C5FB037975FA937A25FA337AC5F9D37CF
:100FC000B75F9737C25F9037CD5F8A37D85F843776
:100FD000E35F7E37EE5F7737F95F713704606B3719
:100FE0000F60653719605E37246058372F605237BD
:100FF0003A604B374560453750603F375B60383764
:101000006560323770602C377B60253786601F370C
:10101000916018379B601237A6600C37B1600537B6
:10102000BC60FF36C760F836D160F236DC60EB3664
:10103000E760E536F260DF36FD60D8360761D2360C
:101040001261CB361D61C5362861BE363261B836B5
:101050003D61B1364861AB365361A4365D619D3662
:1010600068619736736190367D618A368861833610
:1010700093617D369E617636A8616F36B3616936BD
:10108000BE616236C8615C36D3615536DE614E366C
:10109000E8614836F3614136FE613A36086234361B
:1010A00013622D361E6226362862203633621936C8
:1010B0003D62123648620B36536205365D62FE357C
:1010C0006862F7357262F0357D62EA358862E33531
:1010D0009262DC359D62D535A762CE35B262C835E5
:1010E000BC62C135C762BA35D262B335DC62AC3599
:1010F000E762A535F1629F35FC629835066391354C
:1011000011638A351B63833526637C3530637535FF
:101110003B636E3545636735506361355A635A35B5
:10112000656353356F634C357A63453584633E356B
:101130008E63373599633035A3632935AE63223525
:10114000B8631B35C3631435CD630D35D7630635DE
:10115000E263FF34EC63F834F763F1340164EA349A
:101160000B64E2341664DB342064D4342B64CD3455
:101170003564C6343F64BF344A64B8345464B1340F
:101180005E64AA346964A23473649B347D649434CD
:1011900088648D34926486349C647F34A764773489
:1011A000B1647034BB646934C5646234D0645B3448
:1011B000DA645334E4644C34EF644534F9643E3407
:1011C000036536340D652F341865283422652034C4
:1011D0002C6519343665123441650B344B65033484
:1011E0005565FC335F65F5336965ED337465E6334A
:1011F0007E65DF338865D7339265D0339C65C8330D
:10120000A665C133B165BA33BB65B233C565AB33CF
:10121000CF65A333D9659C33E3659533ED658D3395
:10122000F865863302667E330C66773316666F3355
:10123000206668332A666033346659333E6651331C
:1012400048664A33526642335C663B3366663333E4
:1012500071662C337B66243385661D338F661533A8
:1012600099660D33A3660633AD66FE32B766F73274
:10127000C166EF32CB66E732D566E032DF66D83240
:10128000E966D032F366C932FD66C1320767BA3209
:101290001167B2321A67AA322467A3322E679B32D3
:1012A0003867933242678B324C67843256677C32A0
:1012B000606774326A676D32746765327E675D326B
:1012C0008867553291674E329B674632A5673E323A
:1012D000AF673632B9672E32C3672732CD671F3208
:1012E000D6671732E0670F32EA670732F467FF31DB
:1012F000FE67F8310868F0311168E8311B68E031A9
:101300002568D8312F68D0313868C8314268C0317B
:101310004C68B9315668B1316068A9316968A1314A
:10132000736899317D68913186688931906881311F
:101330009A687931A4687131AD686931B7686131F3
:10134000C1685931CA685131D4684931DE684131C8
:10135000E7683931F1683131FB682931046921319D
:101360000E69193118691131216909312B6901316F
:101370003569F9303E69F0304869E8305169E0304C
:101380005B69D8306569D0306E69C8307869C03023
:101390008169B8308B69AF309469A7309E699F30FE
:1013A000A7699730B1698F30BB698730C4697E30D7
:1013B000CE697630D7696E30E1696630EA695D30B2
:1013C000F4695530FD694D30076A4530106A3C308C
:1013D0001A6A3430236A2C302C6A2430366A1B3067
:1013E0003F6A1330496A0B30526A02305C6AFA2F46
:1013F000656AF22F6E6AEA2F786AE12F816AD92F27
:101400008B6AD02F946AC82F9D6AC02FA76AB72F06
:10141000B06AAF2FB96AA72FC36A9E2FCC6A962FE6
:10142000D66A8D2FDF6A852FE86A7D2FF26A742FC6
:10143000FB6A6C2F046B632F0D6B5B2F176B522FA6
:10144000206B4A2F296B412F336B392F3C6B302F88
:10145000456B282F4E6B202F586B172F616B0E2F6B
:101460006A6B062F736BFD2E7D6BF52E866BEC2E53
:101470008F6BE42E986BDB2EA16BD32EAB6BCA2E39
:10148000B46BC22EBD6BB92EC66BB02ECF6BA82E1F
:10149000D86B9F2EE26B972EEB6B8E2EF46B852E06
:1014A000FD6B7D2E066C742E0F6C6B2E186C632EEC
:1014B000216C5A2E2B6C512E346C492E3D6C402ED3
:1014C000466C372E4F6C2F2E586C262E616C1D2EBD
:1014D0006A6C152E736C0C2E7C6C032E856CFA2DA9
:1014E0008E6CF22D976CE92DA06CE02DA96CD72D98
:1014F000B26CCF2DBB6CC62DC46CBD2DCD6CB42D84
:10150000D66CAB2DDF6CA32DE86C9A2DF16C912D70
:10151000FA6C882D036D7F2D0C6D762D156D6E2D5B
:101520001E6D652D276D5C2D2F6D532D386D4A2D49
:10153000416D412D4A6D382D536D2F2D5C6D272D3A
:10154000656D1E2D6E6D152D766D0C2D7F6D032D29
:10155000886DFA2C916DF12C9A6DE82CA36DDF2C1F
:10156000AB6DD62CB46DCD2CBD6DC42CC66DBB2C13
:10157000CF6DB22CD76DA92CE06DA02CE96D972C06
:10158000F26D8E2CFA6D852C036E7C2C0C6E732CF8
:10159000156E6A2C1D6E612C266E582C2F6E4F2CEA
:1015A000376E462C406E3D2C496E342C516E2B2CE0
:1015B0005A6E212C636E182C6B6E0F2C746E062CD9
:1015C0007D6EFD2B856EF42B8E6EEB2B976EE22BD2
:1015D0009F6ED82BA86ECF2BB06EC62BB96EBD2BCD
:1015E000C26EB42BCA6EAB2BD36EA12BDB6E982BC5
:1015F000E46E8F2BEC6E862BF56E7D2BFD6E732BC0
:10160000066F6A2B0E6F612B176F582B206F4E2BB6
:10161000286F452B306F3C2B396F332B416F292BB3
:101620004A6F202B526F172B5B6F0D2B636F042BB0
:101630006C6FFB2A746FF22A7D6FE82A856FDF2AB0
:101640008D6FD62A966FCC2A9E6FC32AA76FB92AB0
:10165000AF6FB02AB76FA72AC06F9D2AC86F942AB0
:10166000D06F8B2AD96F812AE16F782AEA6F6E2AB0
:10167000F26F652AFA6F5C2A0270522A0B70492AAF
:1016800013703F2A1B70362A24702C2A2C70232AB0
:1016900034701A2A3C70102A4570072A4D70FD29B3
:1016A0005570F4295D70EA296670E1296E70D729BA
:1016B0007670CE297E70C4298770BB298F70B129BE
:1016C0009770A7299F709E29A7709429AF708B29C6
:1016D000B8708129C0707829C8706E29D0706529CA
:1016E000D8705B29E0705129E8704829F0703E29D4
:1016F000F970352901712B290971212911711829D6
:1017000019710E29217104292971FB283171F128E1
:101710003971E7284171DE284971D4285171CA28EE
:101720005971C1286171B7286971AD287171A428F8
:1017300079719A28817190288971862891717D2804
:1017400099717328A1716928A9716028B17156280F
:10175000B9714C28C0714228C8713828D0712F281F
:10176000D8712528E0711B28E8711128F07108282C
:10177000F871FE27FF71F4270772EA270F72E0273E
:101780001772D6271F72CD272772C3272E72B9274B
:101790003672AF273E72A52746729B274E7291275D
:1017A000557288275D727E27657274276D726A276D
:1017B000747260277C72562784724C278B72422782
:1017C000937238279B722E27A3722427AA721A2796
:1017D000B2721127BA720727C172FD26C972F326A9
:1017E000D072E926D872DF26E072D526E772CB26C2
:1017F000EF72C126F772B726FE72AD260673A326D6
:101800000D73992615738F261D73852624737B26E9
:101810002C737126337366263B735C264273522603
:101820004A73482651733E265973342660732A261C
:10183000687320266F73162677730C267E73022634
:101840008673F8258D73ED259573E3259C73D92553
:10185000A373CF25AB73C525B273BB25BA73B1256E
:10186000C173A625C8739C25D0739225D77388258C
:10187000DF737E25E6737425ED736925F5735F25A7
:10188000FC73552503744B250B74412512743625C2
:1018900019742C2520742225287418252F740D25E1
:1018A000367403253E74F9244574EF244C74E42403
:1018B0005374DA245B74D0246274C5246974BB2425
:1018C0007074B1247774A7247F749C248674922446
:1018D0008D74882494747D249B747324A274692469
:1018E000AA745E24B1745424B8744A24BF743F248B
:1018F000C6743524CD742B24D4742024DB741624B0
:10190000E2740B24EA740124F174F723F874EC23D5
:10191000FF74E2230675D7230D75CD231475C323F9
:101920001B75B8232275AE232975A323307599231F
:1019300037758E233E75842345757A234C756F2346
:10194000537565235A755A2361755023677545236E
:101950006E753B23757530237C75262383751B2399
:101960008A751123917506239875FC229F75F122C3
:10197000A575E722AC75DC22B375D222BA75C722F1
:10198000C175BC22C875B222CE75A722D5759D221D
:10199000DC759222E3758822EA757D22F075722249
:1019A000F7756822FE755D22057653220B76482274
:1019B00012763D22197633222076282226761E22A0
:1019C0002D761322347608223A76FE214176F321D1
:1019D0004876E8214E76DE215576D3215C76C82103
:1019E0006276BE216976B3216F76A82176769E2134
:1019F0007D769321837688218A767D219076732166
:101A0000977668219D765D21A4765321AB76482197
:101A1000B1763D21B8763221BE762821C5761D21CA
:101A2000CB761221D2760721D876FD20DF76F22000
:101A3000E576E720EB76DC20F276D120F876C72039
:101A4000FF76BC200577B1200C77A62012779B206B
:101A5000187791201F77862025777B202C777020A0
:101A60003277652038775B203F77502045774520D7
:101A70004B773A2052772F20587724205E77192011
:101A800065770F206B7704207177F91F7777EE1F4A
:101A90007E77E31F8477D81F8A77CD1F9077C21F88
:101AA0009777B71F9D77AC1FA377A21FA977971FC2
:101AB000B0778C1FB677811FBC77761FC2776B1FFC
:101AC000C877601FCE77551FD5774A1FDB773F1F3A
:101AD000E177341FE777291FED771E1FF377131F78
:101AE000F977081FFF77FD1E0578F21E0B78E71EB9
:101AF0001278DC1E1878D11E1E78C61E2478BB1EF4
:101B00002A78B01E3078A51E36789A1E3C788F1E33
:101B10004278841E4878791E4E786E1E5478631E73
:101B20005A78581E60784D1E6678421E6B78361EB5
:101B300071782B1E7778201E7D78151E83780A1EFB
:101B40008978FF1D8F78F41D9578E91D9B78DE1D3F
:101B5000A178D31DA678C71DAC78BC1DB278B11D85
:101B6000B878A61DBE789B1DC378901DC978851DC9
:101B7000CF78791DD5786E1DDB78631DE078581D10
:101B8000E6784D1DEC78421DF278361DF7782B1D56
:101B9000FD78201D0379151D09790A1D0E79FF1C9A
:101BA0001479F31C1A79E81C1F79DD1C2579D21CE5
:101BB0002B79C61C3079BB1C3679B01C3B79A51C2F
:101BC0004179991C47798E1C4C79831C5279781C79
:101BD00058796C1C5D79611C6379561C68794B1CC3
:101BE0006E793F1C7379341C7979291C7E791E1C0F
:101BF0008479121C8979071C8F79FC1B9479F01B5E
:101C00009A79E51B9F79DA1BA579CE1BAA79C31BAC
:101C1000B079B81BB579AC1BBB79A11BC079961BF9
:101C2000C5798A1BCB797F1BD079741BD679681B49
:101C3000DB795D1BE079521BE679461BEB793B1B98
:101C4000F079301BF679241BFB79191B007A0D1BE8
:101C5000067A021B0B7AF71A107AEB1A167AE01A38
:101C60001B7AD41A207AC91A257ABE1A2B7AB21A8C
:101C7000307AA71A357A9B1A3A7A901A3F7A841AE0
:101C8000457A791A4A7A6E1A4F7A621A547A571A32
:101C9000597A4B1A5F7A401A647A341A697A291A87
:101CA0006E7A1D1A737A121A787A061A7D7AFB19DF
:101CB000827AEF19887AE4198D7AD819927ACD1937
:101CC000977AC1199C7AB619A17AAA19A67A9F198E
:101CD000AB7A9319B07A8819B57A7C19BA7A7119E6
:101CE000BF7A6519C47A5A19C97A4E19CE7A43193E
:101CF000D37A3719D87A2C19DD7A2019E27A141997
:101D0000E67A0919EB7AFD18F07AF218F57AE618F6
:101D1000FA7ADB18FF7ACF18047BC318097BB8184E
:101D20000E7BAC18127BA118177B95181C7B8918A9
:101D3000217B7E18267B72182A7B67182F7B5B1805
:101D4000347B4F18397B44183E7B3818427B2D1862
:101D5000477B21184C7B1518507B0A18557BFE17C2
:101D60005A7BF2175F7BE717637BDB17687BCF1724
:101D70006D7BC417717BB817767BAC177B7BA11783
:101D80007F7B9517847B8917887B7E178D7B7217E5
:101D9000927B6617967B5B179B7B4F179F7B431746
:101DA000A47B3717A97B2C17AD7B2017B27B1417A8
:101DB000B67B0917BB7BFD16BF7BF116C47BE5160E
:101DC000C87BDA16CD7BCE16D17BC216D67BB61673
:101DD000DA7BAB16DE7B9F16E37B9316E77B8716D9
:101DE000EC7B7C16F07B7016F57B6416F97B58163D
:101DF000FD7B4C16027C4116067C35160A7C2916A2
:101E00000F7C1D16137C1216177C06161C7CFA1507
:101E1000207CEE15247CE215297CD7152D7CCB1572
:101E2000317CBF15367CB3153A7CA7153E7C9B15DB
:101E3000427C9015467C84154B7C78154F7C6C1544
:101E4000537C6015577C54155B7C4915607C3D15AF
:101E5000647C3115687C25156C7C1915707C0D151A
:101E6000747C0115797CF6147D7CEA14817CDE1487
:101E7000857CD214897CC6148D7CBA14917CAE14F6
:101E8000957CA214997C96149D7C8B14A17C7F1464
:101E9000A57C7314A97C6714AD7C5B14B17C4F14D2
:101EA000B57C4314B97C3714BD7C2B14C17C1F1442
:101EB000C57C1314C97C0714CD7CFB13D17CF013B3
:101EC000D57CE413D97CD813DD7CCC13E07CC01323
:101ED000E47CB413E87CA813EC7C9C13F07C901396
:101EE000F47C8413F87C7813FB7C6C13FF7C601308
:101EF000037D5413077D48130B7D3C130E7D301377
:101F0000127D2413167D18131A7D0C131D7D0013EA
:101F1000217DF412257DE812287DDC122C7DD01263
:101F2000307DC412347DB812377DAC123B7DA012D7
:101F30003F7D9412427D8812467D7C12497D70124D
:101F40004D7D6412517D5812547D4C12587D4012C3
:101F50005B7D34125F7D2812637D1C12667D10123A
:101F60006A7D04126D7DF711717DEB11747DDF11B7
:101F7000787DD3117B7DC7117F7DBB11827DAF1131
:101F8000867DA311897D97118D7D8B11907D7F11A9
:101F9000937D7311977D67119A7D5A119E7D4E1125
:101FA000A17D4211A47D3611A87D2A11AB7D1E11A1
:101FB000AF7D1211B27D0611B57DFA10B97DED101D
:101FC000BC7DE110BF7DD510C27DC910C67DBD109E
:101FD000C97DB110CC7DA510D07D9910D37D8C101A
:101FE000D67D8010D97D7410DD7D6810E07D5C1099
:101FF000E37D5010E67D4410E97D3710ED7D2B1018
:10200000F07D1F10F37D1310F67D0710F97DFB0F97
:10201000FC7DEE0FFF7DE20F037ED60F067ECA0F1A
:10202000097EBE0F0C7EB20F0F7EA50F127E990F98
:10203000157E8D0F187E810F1B7E750F1E7E680F1B
:10204000217E5C0F247E500F277E440F2A7E380F9E
:102050002D7E2B0F307E1F0F337E130F367E070F22
:10206000397EFB0E3C7EEE0E3F7EE20E427ED60EA9
:10207000457ECA0E487EBD0E4A7EB10E4D7EA50E2F
:10208000507E990E537E8C0E567E800E597E740EB5
:102090005C7E680E5E7E5C0E617E4F0E647E430E3B
:1020A000677E370E6A7E2B0E6C7E1E0E6F7E120EC2
:1020B000727E060E757EF90D777EED0D7A7EE10D4E
:1020C0007D7ED50D807EC80D827EBC0D857EB00DD7
:1020D000887EA40D8A7E970D8D7E8B0D907E7F0D60
:1020E000927E720D957E660D987E5A0D9A7E4E0DEB
:1020F0009D7E410D9F7E350DA27E290DA57E1C0D76
:10210000A77E100DAA7E040DAC7EF80CAF7EEB0C02
:10211000B17EDF0CB47ED30CB67EC60CB97EBA0C91
:10212000BB7EAE0CBE7EA10CC07E950CC37E890C1E
:10213000C57E7C0CC87E700CCA7E640CCC7E570CAD
:10214000CF7E4B0CD17E3F0CD47E320CD67E260C3B
:10215000D87E1A0CDB7E0D0CDD7E010CE07EF50BCB
:10216000E27EE80BE47EDC0BE77ED00BE97EC30B5E
:10217000EB7EB70BED7EAB0BF07E9E0BF27E920BEF
:10218000F47E850BF77E790BF97E6D0BFB7E600B81
:10219000FD7E540B007F480B027F3B0B047F2F0B0F
:1021A000067F230B087F160B0A7F0A0B0D7FFD0AA3
:1021B0000F7FF10A117FE50A137FD80A157FCC0A39
:1021C000177FC00A197FB30A1C7FA70A1E7F9A0ACD
:1021D000207F8E0A227F820A247F750A267F690A61
:1021E000287F5C0A2A7F500A2C7F440A2E7F370AF8
:1021F000307F2B0A327F1E0A347F120A367F060A8E
:10220000387FF9093A7FED093C7FE0093E7FD40928
:10221000407FC709427FBB09437FAF09457FA209C1
:10222000477F9609497F89094B7F7D094D7F70095A
:102230004F7F6409517F5809527F4B09547F3F09F2
:10224000567F3209587F26095A7F19095B7F0D098D
:102250005D7F01095F7FF408617FE808627FDB082A
:10226000647FCF08667FC208687FB608697FA908C7
:102270006B7F9D086D7F91086E7F8408707F780862
:10228000727F6B08737F5F08757F5208777F4608FF
:10229000787F39087A7F2D087B7F20087D7F14089E
:1022A0007F7F0708807FFB07827FEF07837FE2073E
:1022B000857FD607867FC907887FBD07897FB007DE
:1022C0008B7FA4078C7F97078E7F8B078F7F7E077E
:1022D000917F7207927F6507947F5907957F4C071E
:1022E000977F4007987F3307997F27079B7F1A07BF
:1022F0009C7F0E079E7F01079F7FF506A07FE80663
:10230000A27FDC06A37FCF06A47FC306A67FB60606
:10231000A77FAA06A87F9D06AA7F9106AB7F8406A9
:10232000AC7F7806AD7F6B06AF7F5F06B07F52064D
:10233000B17F4606B27F3906B47F2D06B57F2006F1
:10234000B67F1406B77F0706B87FFB05B97FEE0599
:10235000BB7FE205BC7FD505BD7FC905BE7FBC053F
:10236000BF7FB005C07FA305C17F9705C37F8A05E6
:10237000C47F7E05C57F7105C67F6505C77F58058B
:10238000C87F4C05C97F3F05CA7F3305CB7F260533
:10239000CC7F1A05CD7F0D05CE7F0005CF7FF404DD
:1023A000D07FE704D17FDB04D27FCE04D37FC20489
:1023B000D47FB504D57FA904D57F9C04D67F900433
:1023C000D77F8304D87F7704D97F6A04DA7F5E04DD
:1023D000DB7F5104DC7F4404DC7F3804DD7F2B0489
:1023E000DE7F1F04DF7F1204E07F0604E07FF90335
:1023F000E17FED03E27FE003E37FD403E37FC703E4
:10240000E47FBB03E57FAE03E67FA103E67F950390
:10241000E77F8803E87F7C03E87F6F03E97F63033E
:10242000EA7F5603EA7F4A03EB7F3D03EC7F3003EC
:10243000EC7F2403ED7F1703ED7F0B03EE7FFE029D
:10244000EF7FF202EF7FE502F07FD902F07FCC024E
:10245000F17FC002F17FB302F27FA602F27F9A02FF
:10246000F37F8D02F37F8102F47F7402F47F6802B0
:10247000F57F5B02F57F4E02F67F4202F67F350262
:10248000F77F2902F77F1C02F77F1002F87F030213
:10249000F87FF701F97FEA01F97FDD01F97FD101CA
:1024A000FA7FC401FA7FB801FA7FAB01FB7F9F017D
:1024B000FB7F9201FB7F8601FC7F7901FC7F6C0131
:1024C000FC7F6001FC7F5301FD7F4701FD7F3A01E6
:1024D000FD7F2E01FD7F2101FE7F1401FE7F08019B
:1024E000FE7FFB00FE7FEF00FE7FE200FF7FD60055
:1024F000FF7FC900FF7FBC00FF7FB000FF7FA3000C
:10250000FF7F9700FF7F8A00FF7F7E00FF7F7100C3
:10251000FF7F6500FF7F5800FF7F4B00FF7F3F007C
:10252000FF7F3200FF7F2600FF7F1900FF7F0D0035
:10253000FF7F0000FF7FF3FFFF7FE7FFFF7FDAFFF2
:10254000FF7FCEFFFF7FC1FFFF7FB5FFFF7FA8FFAB
:10255000FF7F9BFFFF7F8FFFFF7F82FFFF7F76FF65
:10256000FF7F69FFFF7F5DFFFF7F50FFFF7F44FF1D
:10257000FF7F37FFFF7F2AFFFE7F1EFFFE7F11FFD9
:10258000FE7F05FFFE7FF8FEFE7FECFEFD7FDFFE97
:10259000FD7FD2FEFD7FC6FEFD7FB9FEFC7FADFE56
:1025A000FC7FA0FEFC7F94FEFC7F87FEFB7F7AFE13
:1025B000FB7F6EFEFB7F61FEFA7F55FEFA7F48FED1
:1025C000FA7F3CFEF97F2FFEF97F23FEF97F16FE8E
:1025D000F87F09FEF87FFDFDF77FF0FDF77FE4FD52
:1025E000F77FD7FDF67FCBFDF67FBEFDF57FB2FD11
:1025F000F57FA5FDF47F98FDF47F8CFDF37F7FFDD3
:10260000F37F73FDF27F66FDF27F5AFDF17F4DFD92
:10261000F17F40FDF07F34FDF07F27FDEF7F1BFD54
:10262000EF7F0EFDEE7F02FDED7FF5FCED7FE9FC17
:10263000EC7FDCFCEC7FD0FCEB7FC3FCEA7FB6FCDC
:10264000EA7FAAFCE97F9DFCE87F91FCE87F84FC9F
:10265000E77F78FCE67F6BFCE67F5FFCE57F52FC62
:10266000E47F45FCE37F39FCE37F2CFCE27F20FC28
:10267000E17F13FCE07F07FCE07FFAFBDF7FEEFBEE
:10268000DE7FE1FBDD7FD5FBDC7FC8FBDC7FBCFBB5
:10269000DB7FAFFBDA7FA2FBD97F96FBD87F89FB7C
:1026A000D77F7DFBD67F70FBD57F64FBD57F57FB43
:1026B000D47F4BFBD37F3EFBD27F32FBD17F25FB08
:1026C000D07F19FBCF7F0CFBCE7F00FBCD7FF3FAD1
:1026D000CC7FE6FACB7FDAFACA7FCDFAC97FC1FA9E
:1026E000C87FB4FAC77FA8FAC67F9BFAC57F8FFA66
:1026F000C47F82FAC37F76FAC17F69FAC07F5DFA30
:10270000BF7F50FABE7F44FABD7F37FABC7F2BFAF9
:10271000BB7F1EFAB97F12FAB87F05FAB77FF9F9C5
:10272000B67FECF9B57FE0F9B47FD3F9B27FC7F992
:10273000B17FBAF9B07FAEF9AF7FA1F9AD7F95F95E
:10274000AC7F88F9AB7F7CF9AA7F6FF9A87F63F92A
:10275000A77F56F9A67F4AF9A47F3DF9A37F31F9F7
:10276000A27F24F9A07F18F99F7F0BF99E7FFFF8C5
:102770009C7FF2F89B7FE6F8997FD9F8987FCDF897
:10278000977FC0F8957FB4F8947FA7F8927F9BF865
:10279000917F8EF88F7F82F88E7F75F88C7F69F835
:1027A0008B7F5CF8897F50F8887F43F8867F37F805
:1027B000857F2AF8837F1EF8827F11F8807F05F8D5
:1027C0007F7FF9F77D7FECF77B7FE0F77A7FD3F7A8
:1027D000787FC7F7777FBAF7757FAEF7737FA1F77A
:1027E000727F95F7707F88F76E7F7CF76D7F6FF74C
:1027F0006B7F63F7697F57F7687F4AF7667F3EF71D
:10280000647F31F7627F25F7617F18F75F7F0CF7F0
:102810005D7FFFF65B7FF3F65A7FE7F6587FDAF6C7
:10282000567FCEF6547FC1F6527FB5F6517FA8F69B
:102830004F7F9CF64D7F90F64B7F83F6497F77F66E
:10284000477F6AF6457F5EF6437F51F6427F45F645
:10285000407F39F63E7F2CF63C7F20F63A7F13F618
:10286000387F07F6367FFAF5347FEEF5327FE2F5F2
:10287000307FD5F52E7FC9F52C7FBCF52A7FB0F5CA
:10288000287FA4F5267F97F5247F8BF5227F7EF5A0
:10289000207F72F51E7F66F51C7F59F5197F4DF577
:1028A000177F40F5157F34F5137F28F5117F1BF551
:1028B0000F7F0FF50D7F03F50A7FF6F4087FEAF42A
:1028C000067FDDF4047FD1F4027FC5F4007FB8F405
:1028D000FD7EACF4FB7EA0F4F97E93F4F77E87F4E2
:1028E000F47E7BF4F27E6EF4F07E62F4ED7E55F4BD
:1028F000EB7E49F4E97E3DF4E77E30F4E47E24F497
:10290000E27E18F4E07E0BF4DD7EFFF3DB7EF3F372
:10291000D87EE6F3D67EDAF3D47ECEF3D17EC1F351
:10292000CF7EB5F3CC7EA9F3CA7E9CF3C87E90F32C
:10293000C57E84F3C37E77F3C07E6BF3BE7E5FF308
:10294000BB7E52F3B97E46F3B67E3AF3B47E2DF3E6
:10295000B17E21F3AF7E15F3AC7E08F3AA7EFCF2C4
:10296000A77EF0F2A57EE4F2A27ED7F29F7ECBF2A4
:102970009D7EBFF29A7EB2F2987EA6F2957E9AF282
:10298000927E8EF2907E81F28D7E75F28A7E69F261
:10299000887E5CF2857E50F2827E44F2807E38F240
:1029A0007D7E2BF27A7E1FF2777E13F2757E07F220
:1029B000727EFAF16F7EEEF16C7EE2F16A7ED5F105
:1029C000677EC9F1647EBDF1617EB1F15E7EA4F1E6
:1029D0005C7E98F1597E8CF1567E80F1537E74F1C5
:1029E000507E67F14D7E5BF14A7E4FF1487E43F1A8
:1029F000457E36F1427E2AF13F7E1EF13C7E12F189
:102A0000397E05F1367EF9F0337EEDF0307EE1F06F
:102A10002D7ED5F02A7EC8F0277EBCF0247EB0F053
:102A2000217EA4F01E7E98F01B7E8BF0187E7FF036
:102A3000157E73F0127E67F00F7E5BF00C7E4EF019
:102A4000097E42F0067E36F0037E2AF0FF7D1EF0FE
:102A5000FC7D12F0F97D05F0F67DF9EFF37DEDEFE9
:102A6000F07DE1EFED7DD5EFE97DC9EFE67DBCEFCF
:102A7000E37DB0EFE07DA4EFDD7D98EFD97D8CEFB5
:102A8000D67D80EFD37D74EFD07D67EFCC7D5BEF9B
:102A9000C97D4FEFC67D43EFC27D37EFBF7D2BEF82
:102AA000BC7D1FEFB97D13EFB57D06EFB27DFAEE69
:102AB000AF7DEEEEAB7DE2EEA87DD6EEA47DCAEE54
:102AC000A17DBEEE9E7DB2EE9A7DA6EE977D99EE3B
:102AD000937D8DEE907D81EE8D7D75EE897D69EE25
:102AE000867D5DEE827D51EE7F7D45EE7B7D39EE0C
:102AF000787D2DEE747D21EE717D15EE6D7D09EEF4
:102B00006A7DFCED667DF0ED637DE4ED5F7DD8EDE3
:102B10005B7DCCED587DC0ED547DB4ED517DA8EDCD
:102B20004D7D9CED497D90ED467D84ED427D78EDB7
:102B30003F7D6CED3B7D60ED377D54ED347D48EDA0
:102B4000307D3CED2C7D30ED287D24ED257D18ED8C
:102B5000217D0CED1D7D00ED1A7DF4EC167DE8EC79
:102B6000127DDCEC0E7DD0EC0B7DC4EC077DB8EC67
:102B7000037DACECFF7CA0ECFB7C94ECF87C88EC57
:102B8000F47C7CECF07C70ECEC7C64ECE87C58EC45
:102B9000E47C4CECE07C40ECDD7C34ECD97C28EC33
:102BA000D57C1CECD17C10ECCD7C05ECC97CF9EB20
:102BB000C57CEDEBC17CE1EBBD7CD5EBB97CC9EB11
:102BC000B57CBDEBB17CB1EBAD7CA5EBA97C99EB01
:102BD000A57C8DEBA17C81EB9D7C75EB997C6AEBF0
:102BE000957C5EEB917C52EB8D7C46EB897C3AEBDD
:102BF000857C2EEB817C22EB7D7C16EB797C0AEBCD
:102C0000747CFFEA707CF3EA6C7CE7EA687CDBEAC0
:102C1000647CCFEA607CC3EA5B7CB7EA577CACEAB1
:102C2000537CA0EA4F7C94EA4B7C88EA467C7CEAA1
:102C3000427C70EA3E7C65EA3A7C59EA367C4DEA91
:102C4000317C41EA2D7C35EA297C29EA247C1EEA84
:102C5000207C12EA1C7C06EA177CFAE9137CEEE978
:102C60000F7CE3E90A7CD7E9067CCBE9027CBFE96B
:102C7000FD7BB4E9F97BA8E9F57B9CE9F07B90E961
:102C8000EC7B84E9E77B79E9E37B6DE9DE7B61E955
:102C9000DA7B55E9D67B4AE9D17B3EE9CD7B32E947
:102CA000C87B26E9C47B1BE9BF7B0FE9BB7B03E93B
:102CB000B67BF7E8B27BECE8AD7BE0E8A97BD4E833
:102CC000A47BC9E89F7BBDE89B7BB1E8967BA5E828
:102CD000927B9AE88D7B8EE8887B82E8847B77E81C
:102CE0007F7B6BE87B7B5FE8767B54E8717B48E811
:102CF0006D7B3CE8687B31E8637B25E85F7B19E806
:102D00005A7B0EE8557B02E8507BF6E74C7BEBE7FD
:102D1000477BDFE7427BD3E73E7BC8E7397BBCE7F5
:102D2000347BB1E72F7BA5E72A7B99E7267B8EE7EB
:102D3000217B82E71C7B77E7177B6BE7127B5FE7E2
:102D40000E7B54E7097B48E7047B3DE7FF7A31E7D8
:102D5000FA7A25E7F57A1AE7F07A0EE7EB7A03E7D5
:102D6000E67AF7E6E27AECE6DD7AE0E6D87AD4E6CF
:102D7000D37AC9E6CE7ABDE6C97AB2E6C47AA6E6C7
:102D8000BF7A9BE6BA7A8FE6B57A84E6B07A78E6BF
:102D9000AB7A6DE6A67A61E6A17A56E69C7A4AE6B7
:102DA000977A3FE6927A33E68D7A28E6887A1CE6AF
:102DB000827A11E67D7A05E6787AFAE5737AEEE5AD
:102DC0006E7AE3E5697AD7E5647ACCE55F7AC0E5A7
:102DD000597AB5E5547AA9E54F7A9EE54A7A92E5A3
:102DE000457A87E53F7A7CE53A7A70E5357A65E59C
:102DF000307A59E52B7A4EE5257A42E5207A37E597
:102E00001B7A2CE5167A20E5107A15E50B7A09E590
:102E1000067AFEE4007AF3E4FB79E7E4F679DCE491
:102E2000F079D0E4EB79C5E4E679BAE4E079AEE490
:102E3000DB79A3E4D67998E4D0798CE4CB7981E48A
:102E4000C57976E4C0796AE4BB795FE4B57954E486
:102E5000B07948E4AA793DE4A57932E49F7926E483
:102E60009A791BE4947910E48F7904E48979F9E381
:102E70008479EEE37E79E2E37979D7E37379CCE381
:102E80006E79C1E36879B5E36379AAE35D799FE37D
:102E9000587994E3527988E34C797DE3477972E37A
:102EA000417967E33B795BE3367950E3307945E379
:102EB0002B793AE325792EE31F7923E31A7918E376
:102EC00014790DE30E7901E30979F6E20379EBE277
:102ED000FD78E0E2F778D5E2F278CAE2EC78BEE27B
:102EE000E678B3E2E078A8E2DB789DE2D57892E27A
:102EF000CF7887E2C9787BE2C37870E2BE7865E27A
:102F0000B8785AE2B2784FE2AC7844E2A67839E277
:102F1000A1782DE29B7822E2957817E28F780CE277
:102F2000897801E28378F6E17D78EBE17778E0E17A
:102F30007178D5E16B78CAE16678BEE16078B3E17B
:102F40005A78A8E154789DE14E7892E1487887E17B
:102F500042787CE13C7871E1367866E130785BE17B
:102F60002A7850E1247845E11E783AE118782FE17B
:102F7000127824E10B7819E105780EE1FF7703E17F
:102F8000F977F8E0F377EDE0ED77E2E0E777D7E087
:102F9000E177CCE0DB77C1E0D577B6E0CE77ABE088
:102FA000C877A0E0C27795E0BC778AE0B6777FE08B
:102FB000B07774E0A97769E0A3775EE09D7754E08D
:102FC000977749E090773EE08A7733E0847728E08E
:102FD0007E771DE0777712E0717707E06B77FCDF93
:102FE0006577F1DF5E77E7DF5877DCDF5277D1DF97
:102FF0004B77C6DF4577BBDF3F77B0DF3877A5DF9C
:1030000032779BDF2C7790DF257785DF1F777ADF9C
:1030100018776FDF127765DF0C775ADF05774FDFA0
:10302000FF7644DFF87639DFF2762FDFEB7624DFA8
:10303000E57619DFDF760EDFD87603DFD276F9DEAC
:10304000CB76EEDEC576E3DEBE76D8DEB876CEDEB3
:10305000B176C3DEAB76B8DEA476ADDE9D76A3DEB8
:10306000977698DE90768DDE8A7683DE837678DEBC
:103070007D766DDE767662DE6F7658DE69764DDEC1
:10308000627642DE5C7638DE55762DDE4E7622DEC6
:10309000487618DE41760DDE3A7602DE3476F8DDCB
:1030A0002D76EDDD2676E2DD2076D8DD1976CDDDD4
:1030B0001276C3DD0B76B8DD0576ADDDFE75A3DDDA
:1030C000F77598DDF0758EDDEA7583DDE37578DDE3
:1030D000DC756EDDD57563DDCE7559DDC8754EDDE9
:1030E000C17544DDBA7539DDB3752EDDAC7524DDEF
:1030F000A57519DD9F750FDD987504DD9175FADCF6
:103100008A75EFDC8375E5DC7C75DADC7575D0DCFF
:103110006E75C5DC6775BBDC6175B0DC5A75A6DC05
:1031200053759BDC4C7591DC457586DC3E757CDC0B
:10313000377572DC307567DC29755DDC227552DC11
:103140001B7548DC14753DDC0D7533DC067529DC18
:10315000FF741EDCF87414DCF17409DCEA74FFDB24
:10316000E274F5DBDB74EADBD474E0DBCD74D5DB31
:10317000C674CBDBBF74C1DBB874B6DBB174ACDB37
:10318000AA74A2DBA27497DB9B748DDB947483DB3F
:103190008D7478DB86746EDB7F7464DB777459DB47
:1031A00070744FDB697445DB62743BDB5B7430DB4E
:1031B000537426DB4C741CDB457411DB3E7407DB57
:1031C0003674FDDA2F74F3DA2874E8DA2074DEDA64
:1031D0001974D4DA1274CADA0B74BFDA0374B5DA6C
:1031E000FC73ABDAF573A1DAED7397DAE6738CDA78
:1031F000DF7382DAD77378DAD0736EDAC87364DA81
:10320000C1735ADABA734FDAB27345DAAB733BDA89
:10321000A37331DA9C7327DA95731DDA8D7313DA91
:10322000867308DA7E73FED97773F4D96F73EAD99F
:103230006873E0D96073D6D95973CCD95173C2D9A8
:103240004A73B8D94273AED93B73A4D933739AD9B0
:103250002C738FD9247385D91D737BD9157371D9BC
:103260000D7367D906735DD9FE7253D9F77249D9C8
:10327000EF723FD9E77235D9E0722BD9D87221D9D4
:10328000D07217D9C9720DD9C17203D9BA72F9D8DF
:10329000B272EFD8AA72E6D8A372DCD89B72D2D8E9
:1032A0009372C8D88B72BED88472B4D87C72AAD8F4
:1032B0007472A0D86D7296D865728CD85D7282D8FF
:1032C000557278D84E726FD8467265D83E725BD808
:1032D000367251D82E7247D827723DD81F7233D814
:1032E00017722AD80F7220D8077216D8FF710CD81F
:1032F000F87102D8F071F8D7E871EFD7E071E5D72F
:10330000D871DBD7D071D1D7C871C8D7C071BED73B
:10331000B971B4D7B171AAD7A971A0D7A17197D744
:1033200099718DD7917183D789717AD7817170D74F
:10333000797166D771715CD7697153D7617149D75B
:1033400059713FD7517136D749712CD7417122D766
:10335000397119D731710FD7297105D72171FCD671
:103360001971F2D61171E8D60971DFD60171D5D67F
:10337000F970CBD6F070C2D6E870B8D6E070AFD690
:10338000D870A5D6D0709BD6C87092D6C07088D69B
:10339000B8707FD6AF7075D6A7706CD69F7062D6A6
:1033A000977059D68F704FD6877045D67E703CD6B1
:1033B000767032D66E7029D666701FD65D7016D6BE
:1033C00055700CD64D7003D64570F9D53C70F0D5CC
:1033D0003470E6D52C70DDD52470D4D51B70CAD5D9
:1033E0001370C1D50B70B7D50270AED5FA6FA4D5E6
:1033F000F26F9BD5EA6F92D5E16F88D5D96F7FD5F3
:10340000D06F75D5C86F6CD5C06F63D5B76F59D500
:10341000AF6F50D5A76F47D59E6F3DD5966F34D50A
:103420008D6F2AD5856F21D57D6F18D5746F0ED518
:103430006C6F05D5636FFCD45B6FF3D4526FE9D426
:103440004A6FE0D4416FD7D4396FCDD4306FC4D434
:10345000286FBBD4206FB2D4176FA8D40E6F9FD43F
:10346000066F96D4FD6E8DD4F56E83D4EC6E7AD44F
:10347000E46E71D4DB6E68D4D36E5FD4CA6E55D45B
:10348000C26E4CD4B96E43D4B06E3AD4A86E31D467
:103490009F6E28D4976E1ED48E6E15D4856E0CD474
:1034A0007D6E03D4746EFAD36B6EF1D3636EE8D382
:1034B0005A6EDFD3516ED5D3496ECCD3406EC3D391
:1034C000376EBAD32F6EB1D3266EA8D31D6E9FD39D
:1034D000156E96D30C6E8DD3036E84D3FA6D7BD3A9
:1034E000F26D72D3E96D69D3E06D60D3D76D57D3B8
:1034F000CF6D4ED3C66D45D3BD6D3CD3B46D33D3C4
:10350000AB6D2AD3A36D21D39A6D18D3916D0FD3D0
:10351000886D06D37F6DFDD2766DF4D26E6DEBD2E1
:10352000656DE2D25C6DD9D2536DD1D24A6DC8D2ED
:10353000416DBFD2386DB6D22F6DADD2276DA4D2FA
:103540001E6D9BD2156D92D20C6D8AD2036D81D205
:10355000FA6C78D2F16C6FD2E86C66D2DF6C5DD217
:10356000D66C55D2CD6C4CD2C46C43D2BB6C3AD223
:10357000B26C31D2A96C29D2A06C20D2976C17D230
:103580008E6C0ED2856C06D27C6CFDD1736CF4D13E
:103590006A6CEBD1616CE3D1586CDAD14F6CD1D14C
:1035A000466CC9D13D6CC0D1346CB7D12B6CAFD156
:1035B000216CA6D1186C9DD10F6C95D1066C8CD165
:1035C000FD6B83D1F46B7BD1EB6B72D1E26B69D174
:1035D000D86B61D1CF6B58D1C66B50D1BD6B47D181
:1035E000B46B3ED1AB6B36D1A16B2DD1986B25D18D
:1035F0008F6B1CD1866B14D17D6B0BD1736B03D198
:103600006A6BFAD0616BF2D0586BE9D04E6BE0D0A8
:10361000456BD8D03C6BD0D0336BC7D0296BBFD0B3
:10362000206BB6D0176BAED00D6BA5D0046B9DD0C0
:10363000FB6A94D0F26A8CD0E86A83D0DF6A7BD0D0
:10364000D66A73D0CC6A6AD0C36A62D0B96A59D0DC
:10365000B06A51D0A76A49D09D6A40D0946A38D0E8
:103660008B6A30D0816A27D0786A1FD06E6A16D0F4
:10367000656A0ED05C6A06D0526AFECF496AF5CF01
:103680003F6AEDCF366AE5CF2C6ADCCF236AD4CF10
:103690001A6ACCCF106AC4CF076ABBCFFD69B3CF1B
:1036A000F469ABCFEA69A3CFE1699ACFD76992CF2A
:1036B000CE698ACFC46982CFBB6979CFB16971CF36
:1036C000A76969CF9E6961CF946959CF8B6951CF42
:1036D000816948CF786940CF6E6938CF656930CF4E
:1036E0005B6928CF516920CF486918CF3E6910CF58
:1036F000356907CF2B69FFCE2169F7CE1869EFCE68
:103700000E69E7CE0469DFCEFB68D7CEF168CFCE75
:10371000E768C7CEDE68BFCED468B7CECA68AFCE82
:10372000C168A7CEB7689FCEAD6897CEA4688FCE8C
:103730009A6887CE90687FCE866877CE7D686FCE98
:10374000736867CE69685FCE606857CE56684FCEA3
:103750004C6847CE426840CE386838CE2F6830CEAD
:10376000256828CE1B6820CE116818CE086810CEB8
:10377000FE6708CEF46701CEEA67F9CDE067F1CDC8
:10378000D667E9CDCD67E1CDC367D9CDB967D2CDD5
:10379000AF67CACDA567C2CD9B67BACD9167B2CDE1
:1037A0008867ABCD7E67A3CD74679BCD6A6793CDE9
:1037B00060678CCD566784CD4C677CCD426775CDF4
:1037C00038676DCD2E6765CD24675DCD1A6756CD00
:1037D00011674ECD076746CDFD663FCDF36637CD09
:1037E000E96630CDDF6628CDD56620CDCB6619CD14
:1037F000C16611CDB76609CDAD6602CDA366FACC20
:103800009966F3CC8F66EBCC8566E3CC7B66DCCC2B
:103810007166D4CC6666CDCC5C66C5CC5266BECC37
:103820004866B6CC3E66AFCC3466A7CC2A66A0CC40
:10383000206698CC166691CC0C6689CC026682CC48
:10384000F8657ACCED6573CCE3656BCCD96564CC57
:10385000CF655DCCC56555CCBB654ECCB16546CC5E
:10386000A6653FCC9C6538CC926530CC886529CC68
:103870007E6521CC74651ACC696513CC5F650BCC71
:10388000556504CC4B65FDCB4165F5CB3665EECB7C
:103890002C65E7CB2265E0CB1865D8CB0D65D1CB85
:1038A0000365CACBF964C2CBEF64BBCBE464B4CB91
:1038B000DA64ADCBD064A5CBC5649ECBBB6497CB9B
:1038C000B16490CBA76489CB9C6481CB92647ACBA2
:1038D000886473CB7D646CCB736465CB69645ECBA9
:1038E0005E6456CB54644FCB4A6448CB3F6441CBB3
:1038F00035643ACB2B6433CB20642CCB166425CBB8
:103900000B641ECB016416CBF7630FCBEC6308CBC3
:10391000E26301CBD763FACACD63F3CAC363ECCACF
:10392000B863E5CAAE63DECAA363D7CA9963D0CAD7
:103930008E63C9CA8463C2CA7A63BBCA6F63B4CADE
:103940006563ADCA5A63A6CA50639FCA456399CAE4
:103950003B6392CA30638BCA266384CA1B637DCAE9
:10396000116376CA06636FCAFC6268CAF16261CAF3
:10397000E7625BCADC6254CAD2624DCAC76246CAF9
:10398000BC623FCAB26238CAA76232CA9D622BCA01
:10399000926224CA88621DCA7D6216CA726210CA07
:1039A000686209CA5D6202CA5362FBC94862F5C90E
:1039B0003D62EEC93362E7C92862E0C91E62DAC916
:1039C0001362D3C90862CCC9FE61C6C9F361BFC91D
:1039D000E861B8C9DE61B2C9D361ABC9C861A4C925
:1039E000BE619EC9B36197C9A86191C99E618AC928
:1039F000936183C988617DC97D6176C9736170C92E
:103A0000686169C95D6163C953615CC9486155C931
:103A10003D614FC9326148C9286142C91D613BC936
:103A2000126135C907612EC9FD6028C9F26021C93C
:103A3000E7601BC9DC6015C9D1600EC9C76008C941
:103A4000BC6001C9B160FBC8A660F4C89B60EEC849
:103A50009160E8C88660E1C87B60DBC87060D4C84C
:103A60006560CEC85B60C8C85060C1C84560BBC84F
:103A70003A60B5C82F60AEC82460A8C81960A2C853
:103A80000F609BC8046095C8F95F8FC8EE5F89C856
:103A9000E35F82C8D85F7CC8CD5F76C8C25F70C85C
:103AA000B75F69C8AC5F63C8A25F5DC8975F57C85E
:103AB0008C5F50C8815F4AC8765F44C86B5F3EC860
:103AC000605F38C8555F32C84A5F2BC83F5F25C862
:103AD000345F1FC8295F19C81E5F13C8135F0DC864
:103AE000085F07C8FD5E01C8F25EFBC7E75EF5C769
:103AF000DC5EEEC7D15EE8C7C65EE2C7BB5EDCC770
:103B0000B05ED6C7A55ED0C79A5ECAC78F5EC4C76F
:103B1000845EBEC7795EB8C76E5EB2C7635EACC76F
:103B2000585EA6C74D5EA0C7425E9AC7365E95C76F
:103B30002B5E8FC7205E89C7155E83C70A5E7DC76F
:103B4000FF5D77C7F45D71C7E95D6BC7DE5D65C773
:103B5000D35D5FC7C75D5AC7BC5D54C7B15D4EC773
:103B6000A65D48C79B5D42C7905D3DC7855D37C771
:103B7000795D31C76E5D2BC7635D25C7585D20C772
:103B80004D5D1AC7425D14C7365D0EC72B5D09C770
:103B9000205D03C7155DFDC60A5DF7C6FF5CF2C672
:103BA000F35CECC6E85CE6C6DD5CE1C6D25CDBC675
:103BB000C65CD5C6BB5CD0C6B05CCAC6A55CC5C673
:103BC000995CBFC68E5CB9C6835CB4C6785CAEC671
:103BD0006C5CA8C6615CA3C6565C9DC64B5C98C66F
:103BE0003F5C92C6345C8DC6295C87C61E5C82C66B
:103BF000125C7CC6075C77C6FC5B71C6F05B6CC66A
:103C0000E55B66C6DA5B61C6CE5B5BC6C35B56C668
:103C1000B85B50C6AC5B4BC6A15B45C6965B40C665
:103C20008A5B3BC67F5B35C6745B30C6685B2AC661
:103C30005D5B25C6525B20C6465B1AC63B5B15C65C
:103C4000305B10C6245B0AC6195B05C60D5B00C657
:103C5000025BFAC5F75AF5C5EB5AF0C5E05AEAC55A
:103C6000D45AE5C5C95AE0C5BE5ADBC5B25AD5C556
:103C7000A75AD0C59B5ACBC5905AC6C5845AC1C550
:103C8000795ABBC56E5AB6C5625AB1C5575AACC54A
:103C90004B5AA7C5405AA1C5345A9CC5295A97C545
:103CA0001D5A92C5125A8DC5065A88C5FB5983C53F
:103CB000EF597EC5E45978C5D85973C5CD596EC53D
:103CC000C15969C5B65964C5AA595FC59F595AC536
:103CD000935955C5885950C57C594BC5715946C52E
:103CE000655941C55A593CC54E5937C5435932C526
:103CF00037592DC52C5928C5205923C514591EC51F
:103D000009591AC5FD5815C5F25810C5E6580BC516
:103D1000DB5806C5CF5801C5C358FCC4B858F7C412
:103D2000AC58F2C4A158EEC49558E9C48958E4C40B
:103D30007E58DFC47258DAC46758D6C45B58D1C401
:103D40004F58CCC44458C7C43858C2C42D58BEC4F8
:103D50002158B9C41558B4C40A58B0C4FE57ABC4EE
:103D6000F257A6C4E757A1C4DB579DC4CF5798C4E8
:103D7000C45793C4B8578FC4AC578AC4A15785C4DD
:103D8000955781C489577CC47E5778C4725773C4D1
:103D900066576EC45B576AC44F5765C4435761C4C6
:103DA00037575CC42C5757C4205753C414574EC4BC
:103DB00009574AC4FD5645C4F15641C4E5563CC4B2
:103DC000DA5638C4CE5633C4C2562FC4B6562AC4A7
:103DD000AB5626C49F5622C493561DC4875619C499
:103DE0007C5614C4705610C464560BC4585607C48D
:103DF0004C5603C44156FEC33556FAC32956F6C382
:103E00001D56F1C31256EDC30656E9C3FA55E4C375
:103E1000EE55E0C3E255DCC3D755D7C3CB55D3C36A
:103E2000BF55CFC3B355CAC3A755C6C39B55C2C35D
:103E30009055BEC38455BAC37855B5C36C55B1C34C
:103E40006055ADC35455A9C34955A5C33D55A0C33D
:103E500031559CC3255598C3195594C30D5590C32E
:103E600001558CC3F65487C3EA5483C3DE547FC321
:103E7000D2547BC3C65477C3BA5473C3AE546FC312
:103E8000A2546BC3965467C38B5463C37F545FC300
:103E900073545BC3675457C35B5453C34F544FC3EE
:103EA00043544BC3375447C32B5443C31F543FC3DE
:103EB00013543BC3075437C3FB5333C3F0532FC3CF
:103EC000E4532BC3D85327C3CC5323C3C05320C3BD
:103ED000B4531CC3A85318C39C5314C3905310C3AA
:103EE00084530CC3785308C36C5305C3605301C398
:103EF0005453FDC24853F9C23C53F5C23053F2C289
:103F00002453EEC21853EAC20C53E6C20053E3C274
:103F1000F452DFC2E852DBC2DC52D8C2D052D4C263
:103F2000C452D0C2B852CCC2AC52C9C2A052C5C24F
:103F30009452C1C28852BEC27C52BAC27052B7C239
:103F40006452B3C25852AFC24C52ACC24052A8C223
:103F50003452A5C22852A1C21C529DC210529AC20C
:103F6000045296C2F75193C2EB518FC2DF518CC2FB
:103F7000D35188C2C75185C2BB5181C2AF517EC2E5
:103F8000A3517AC2975177C28B5173C27F5170C2CD
:103F900073516DC2675169C25A5166C24E5162C2B5
:103FA00042515FC236515CC22A5158C21E5155C29D
:103FB000125151C206514EC2FA504BC2ED5047C287
:103FC000E15044C2D55041C2C9503EC2BD503AC270
:103FD000B15037C2A55034C2995030C28C502DC256
:103FE00080502AC2745027C2685023C25C5020C23D
:103FF00050501DC244501AC2375017C22B5013C222
:104000001F5010C213500DC207500AC2FB4F07C207
:10401000EE4F04C2E24F01C2D64FFDC1CA4FFAC1F2
:10402000BE4FF7C1B24FF4C1A54FF1C1994FEEC1D8
:104030008D4FEBC1814FE8C1754FE5C1684FE2C1BB
:104040005C4FDFC1504FDCC1444FD9C1384FD6C19E
:104050002B4FD3C11F4FD0C1134FCDC1074FCAC182
:10406000FB4EC7C1EE4EC4C1E24EC1C1D64EBEC169
:10407000CA4EBBC1BD4EB8C1B14EB6C1A54EB3C14B
:10408000994EB0C18C4EADC1804EAAC1744EA7C12D
:10409000684EA4C15C4EA2C14F4E9FC1434E9CC10D
:1040A000374E99C12B4E96C11E4E94C1124E91C1EE
:1040B000064E8EC1F94D8BC1ED4D89C1E14D86C1D2
:1040C000D54D83C1C84D80C1BC4D7EC1B04D7BC1B3
:1040D000A44D78C1974D76C18B4D73C17F4D70C192
:1040E000724D6EC1664D6BC15A4D68C14E4D66C171
:1040F000414D63C1354D61C1294D5EC11C4D5BC150
:10410000104D59C1044D56C1F84C54C1EB4C51C12E
:10411000DF4C4FC1D34C4CC1C64C4AC1BA4C47C10D
:10412000AE4C45C1A14C42C1954C40C1894C3DC1EA
:104130007C4C3BC1704C38C1644C36C1574C34C1C7
:104140004B4C31C13F4C2FC1324C2CC1264C2AC1A3
:104150001A4C28C10D4C25C1014C23C1F54B20C17F
:10416000E84B1EC1DC4B1CC1D04B19C1C34B17C15E
:10417000B74B15C1AB4B13C19E4B10C1924B0EC137
:10418000854B0CC1794B09C16D4B07C1604B05C113
:10419000544B03C1484B00C13B4BFEC02F4BFCC0EE
:1041A000234BFAC0164BF8C00A4BF6C0FD4AF3C0C9
:1041B000F14AF1C0E54AEFC0D84AEDC0CC4AEBC0A5
:1041C000C04AE9C0B34AE7C0A74AE4C09A4AE2C07D
:1041D0008E4AE0C0824ADEC0754ADCC0694ADAC055
:1041E0005C4AD8C0504AD6C0444AD4C0374AD2C02C
:1041F0002B4AD0C01E4ACEC0124ACCC0064ACAC002
:10420000F949C8C0ED49C6C0E049C4C0D449C2C0DC
:10421000C749C0C0BB49BEC0AF49BDC0A249BBC0B1
:104220009649B9C08949B7C07D49B5C07049B3C086
:104230006449B1C05849AFC04B49AEC03F49ACC05A
:104240003249AAC02649A8C01949A6C00D49A5C02F
:104250000149A3C0F448A1C0E8489FC0DB489EC004
:10426000CF489CC0C2489AC0B64898C0A94897C0D9
:104270009D4895C0914893C0844892C0784890C0AA
:104280006B488EC05F488DC052488BC0464889C07D
:10429000394888C02D4886C0204885C0144883C04E
:1042A000074881C0FB4780C0EF477EC0E2477DC022
:1042B000D6477BC0C9477AC0BD4778C0B04777C0F2
:1042C000A44775C0974774C08B4772C07E4771C0C2
:1042D00072476FC065476EC059476CC04C476BC092
:1042E000404769C0334768C0274767C01A4765C061
:1042F0000E4764C0014762C0F54661C0E84660C031
:10430000DC465EC0CF465DC0C3465CC0B6465AC000
:10431000AA4659C09D4658C0914656C0844655C0CD
:10432000784654C06B4653C05F4651C0524650C099
:1043300046464FC039464EC02D464CC020464BC065
:1043400014464AC0074649C0FB4548C0EE4547C031
:10435000E24545C0D54544C0C94543C0BC4542C0FF
:10436000B04541C0A34540C097453FC08A453DC0C8
:104370007E453CC071453BC065453AC0584539C093
:104380004C4538C03F4537C0334536C0264535C05B
:104390001A4534C00D4533C0004532C0F44431C025
:1043A000E74430C0DB442FC0CE442EC0C2442DC0F1
:1043B000B5442CC0A9442BC09C442BC090442AC0B7
:1043C000834429C0774428C06A4427C05E4426C07D
:1043D000514425C0444424C0384424C02B4423C045
:1043E0001F4422C0124421C0064420C0F94320C00B
:1043F000ED431FC0E0431EC0D4431DC0C7431DC0D2
:10440000BB431CC0AE431BC0A1431AC095431AC096
:10441000884319C07C4318C06F4318C0634317C05A
:10442000564316C04A4316C03D4315C0304314C01E
:10443000244314C0174313C00B4313C0FE4212C0E1
:10444000F24211C0E54211C0D94210C0CC4210C0A6
:10445000C0420FC0B3420FC0A6420EC09A420EC067
:104460008D420DC081420DC074420CC068420CC028
:104470005B420BC04E420BC042420AC035420AC0EA
:10448000294209C01C4209C0104209C0034208C0A9
:10449000F74108C0EA4107C0DD4107C0D14107C06C
:1044A000C44106C0B84106C0AB4106C09F4105C02B
:1044B000924105C0864105C0794104C06C4104C0E9
:1044C000604104C0534104C0474103C03A4103C0A6
:1044D0002E4103C0214103C0144102C0084102C063
:1044E000FB4002C0EF4002C0E24002C0D64001C023
:1044F000C94001C0BC4001C0B04001C0A34001C0E0
:10450000974001C08A4001C07E4000C0714000C099
:10451000654000C0584000C04B4000C03F4000C054
:10452000324000C0264000C0194000C00D4000C00D
:1045300000000000920E493CB10AC93C2BC3163D55
:104540002EFB483D752B7B3D04A9963D80B6AF3DC3
:1045500036BDC83D2FBCE13D73B2FA3D87CF093E61
:104560008340163EB5AB223EA2102F3ECF6E3B3E9F
:10457000C2C5473E0115543E135C603E7F9A6C3EB7
:10458000CCCF783EC07D823E938E883E229A8E3E6E
:1045900032A0943E86A09A3EE59AA03E128FA63E97
:1045A000D47CAC3EEF63B23E2A44B83E491DBE3EC9
:1045B00015EFC33E53B9C93ECA7BCF3E4136D53E07
:1045C00080E8DA3E4F92E03E7533E63EBBCBEB3EF1
:1045D000EA5AF13ECBE0F63E275DFC3EE4E7003FC1
:1045E0003D9C033F824B063F9BF5083F6B9A0B3F78
:1045F000DA390E3FCDD3103F2A68133FD9F6153F65
:10460000C07F183FC6021B3FD17F1D3FCBF61F3F27
:104610009967223F25D2243F5636273F1594293FDC
:104620004AEB2B3FDE3B2E3FBB85303FC9C8323FB4
:10463000F304353F233A373F4268393F3B8F3B3FD6
:10464000F9AE3D3F67C73F3F70D8413F01E2433F6E
:1046500003E4453F65DE473F12D1493FF8BB4B3F7E
:10466000029F4D3F207A4F3F3D4D513F4918533FE8
:1046700031DB543FE595563F5348583F6AF2593F66
:104680001A945B3F532D5D3F05BE5E3F2146603F60
:1046900097C5613F5A3C633F59AA643F880F663F04
:1046A000D86B673F3CBF683FA7096A3F0C4B6B3F25
:1046B0005E836C3F93B26D3F9ED86E3F73F56F3F44
:1046C0000809713F5213723F4714733FDD0B743F6B
:1046D0000BFA743FC6DE753F07BA763FC58B773F4E
:1046E000F853783F9812793F9DC7793F02737A3F1C
:1046F000BE147B3FCDAC7B3F283B7C3FC9BF7C3F9A
:10470000AC3A7D3FCCAB7D3F23137E3FB0707E3F04
:104710006DC47E3F580E7F3F6D4E7F3FAB847F3F21
:104720000FB17F3F97D37F3F43EC7F3F11FB7F3F2C
:104730000000803F11FB7F3F43EC7F3F97D37F3FDB
:104740000FB17F3FAB847F3F6D4E7F3F580E7F3F61
:104750006DC47E3FB0707E3F23137E3FCCAB7D3F68
:10476000AC3A7D3FC9BF7C3F283B7C3FCDAC7B3F13
:10477000BE147B3F02737A3F9DC7793F9812793F01
:10478000F853783FC58B773F07BA763FC6DE753F53
:104790000BFA743FDD0B743F4714733F5213723FA3
:1047A0000809713F73F56F3F9ED86E3F93B26D3F1E
:1047B0005E836C3F0C4B6B3FA7096A3F3CBF683F71
:1047C000D86B673F880F663F59AA643F5A3C633FE6
:1047D00097C5613F2146603F05BE5E3F532D5D3F5B
:1047E0001A945B3F6AF2593F5348583FE595563F4C
:1047F00031DB543F4918533F3D4D513F207A4F3FE5
:10480000029F4D3FF8BB4B3F12D1493F65DE473F0A
:1048100003E4453F01E2433F70D8413F67C73F3F54
:10482000F9AE3D3F3B8F3B3F4268393F233A373F2C
:10483000F304353FC9C8323FBB85303FDE3B2E3FD6
:104840004AEB2B3F1594293F5636273F25D2243F6C
:104850009967223FCBF61F3FD17F1D3FC6021B3F0A
:10486000C07F183FD9F6153F2A68133FCDD3103FBC
:10487000DA390E3F6B9A0B3F9BF5083F824B063FA0
:104880003D9C033FE4E7003F275DFC3ECBE0F63E66
:10489000EA5AF13EBBCBEB3E7533E63E4F92E03E2B
:1048A00080E8DA3E4136D53ECA7BCF3E53B9C93E99
:1048B00015EFC33E491DBE3E2A44B83EEF63B23EEB
:1048C000D47CAC3E128FA63EE59AA03E86A09A3ECE
:1048D00032A0943E229A8E3E938E883EC07D823EC8
:1048E000CCCF783E7F9A6C3E135C603E0115543EFF
:1048F000C2C5473ECF6E3B3EA2102F3EB5AB223E17
:104900008340163E87CF093E73B2FA3D2FBCE13D8E
:1049100036BDC83D80B6AF3D04A9963D752B7B3DA5
:104920002EFB483D2BC3163DB10AC93C920E493CB3
:1049300000000000920E49BCB10AC9BC2BC316BDD1
:104940002EFB48BD752B7BBD04A996BD80B6AFBDBF
:1049500036BDC8BD2FBCE1BD73B2FABD87CF09BE5D
:10496000834016BEB5AB22BEA2102FBECF6E3BBE9B
:10497000C2C547BE011554BE135C60BE7F9A6CBEB3
:10498000CCCF78BEC07D82BE938E88BE229A8EBE6A
:1049900032A094BE86A09ABEE59AA0BE128FA6BE93
:1049A000D47CACBEEF63B2BE2A44B8BE491DBEBEC5
:1049B00015EFC3BE53B9C9BECA7BCFBE4136D5BE03
:1049C00080E8DABE4F92E0BE7533E6BEBBCBEBBEED
:1049D000EA5AF1BECBE0F6BE275DFCBEE4E700BFBD
:1049E0003D9C03BF824B06BF9BF508BF6B9A0BBF74
:1049F000DA390EBFCDD310BF2A6813BFD9F615BF61
:104A0000C07F18BFC6021BBFD17F1DBFCBF61FBF23
:104A1000996722BF25D224BF563627BF159429BFD8
:104A20004AEB2BBFDE3B2EBFBB8530BFC9C832BFB0
:104A3000F30435BF233A37BF426839BF3B8F3BBFD2
:104A4000F9AE3DBF67C73FBF70D841BF01E243BF6A
:104A500003E445BF65DE47BF12D149BFF8BB4BBF7A
:104A6000029F4DBF207A4FBF3D4D51BF491853BFE4
:104A700031DB54BFE59556BF534858BF6AF259BF62
:104A80001A945BBF532D5DBF05BE5EBF214660BF5C
:104A900097C561BF5A3C63BF59AA64BF880F66BF00
:104AA000D86B67BF3CBF68BFA7096ABF0C4B6BBF21
:104AB0005E836CBF93B26DBF9ED86EBF73F56FBF40
:104AC000080971BF521372BF471473BFDD0B74BF67
:104AD0000BFA74BFC6DE75BF07BA76BFC58B77BF4A
:104AE000F85378BF981279BF9DC779BF02737ABF18
:104AF000BE147BBFCDAC7BBF283B7CBFC9BF7CBF96
:104B0000AC3A7DBFCCAB7DBF23137EBFB0707EBF00
:104B10006DC47EBF580E7FBF6D4E7FBFAB847FBF1D
:104B20000FB17FBF97D37FBF43EC7FBF11FB7FBF28
:104B3000000080BF11FB7FBF43EC7FBF97D37FBFD7
:104B40000FB17FBFAB847FBF6D4E7FBF580E7FBF5D
:104B50006DC47EBFB0707EBF23137EBFCCAB7DBF64
:104B6000AC3A7DBFC9BF7CBF283B7CBFCDAC7BBF0F
:104B7000BE147BBF02737ABF9DC779BF981279BFFD
:104B8000F85378BFC58B77BF07BA76BFC6DE75BF4F
:104B90000BFA74BFDD0B74BF471473BF521372BF9F
:104BA000080971BF73F56FBF9ED86EBF93B26DBF1A
:104BB0005E836CBF0C4B6BBFA7096ABF3CBF68BF6D
:104BC000D86B67BF880F66BF59AA64BF5A3C63BFE2
:104BD00097C561BF214660BF05BE5EBF532D5DBF57
:104BE0001A945BBF6AF259BF534858BFE59556BF48
:104BF00031DB54BF491853BF3D4D51BF207A4FBFE1
:104C0000029F4DBFF8BB4BBF12D149BF65DE47BF06
:104C100003E445BF01E243BF70D841BF67C73FBF50
:104C2000F9AE3DBF3B8F3BBF426839BF233A37BF28
:104C3000F30435BFC9C832BFBB8530BFDE3B2EBFD2
:104C40004AEB2BBF159429BF563627BF25D224BF68
:104C5000996722BFCBF61FBFD17F1DBFC6021BBF06
:104C6000C07F18BFD9F615BF2A6813BFCDD310BFB8
:104C7000DA390EBF6B9A0BBF9BF508BF824B06BF9C
:104C80003D9C03BFE4E700BF275DFCBECBE0F6BE62
:104C9000EA5AF1BEBBCBEBBE7533E6BE4F92E0BE27
:104CA00080E8DABE4136D5BECA7BCFBE53B9C9BE95
:104CB00015EFC3BE491DBEBE2A44B8BEEF63B2BEE7
:104CC000D47CACBE128FA6BEE59AA0BE86A09ABECA
:104CD00032A094BE229A8EBE938E88BEC07D82BEC4
:104CE000CCCF78BE7F9A6CBE135C60BE011554BEFB
:104CF000C2C547BECF6E3BBEA2102FBEB5AB22BE13
:104D0000834016BE87CF09BE73B2FABD2FBCE1BD8A
:104D100036BDC8BD80B6AFBD04A996BD752B7BBDA1
:104D20002EFB48BD2BC316BDB10AC9BC920E49BCAF
:104D30000000008000000020DE7D2B1EC6259F1C89
:104D40003C294A1B70BD201A61551A19E791301889
:104D500047975E17669EA01667AAF3155555551519
:104D6000E9ABC31462133D145136C0133DF64B1327
:104D7000C660DF1246A7791252181A12A01AC01183
:104D8000F5286B11E5CE1A1131A6CE10A35486106A
:104D9000488A4110000000104476C10F24B4850FEA
:104DA0006D864C0FEFBE150FDF33E10E55BFAE0E13
:104DB000D23E7E0EFF7F0000FF7FC900FD7F920183
:104DC000FA7F5B02F67F2403F07FED03E97FB604F0
:104DD000E17F7F05D87F4706CE7F1007C27FD907C6
:104DE000B57FA208A77F6A09977F330A877FFB0AEE
:104DF000757FC30B627F8B0C4D7F530D387F1B0E6D
:104E0000217FE30E097FAB0FF07E7210D57E391142
:104E1000BA7E01129D7EC8127F7E8E135F7E55146E
:104E20003F7E1B151D7EE215FA7DA816D67D6D17F7
:104E3000B07D33188A7DF818627DBD19397D821ADC
:104E40000F7D471BE37C0B1CB77CCF1C897C931D1B
:104E50005A7C561E297C191FF87BDC1FC57B9F20BE
:104E6000927B61215D7B2322267BE522EF7AA623BC
:104E7000B67A67247D7A2825427AE825057AA8261D
:104E8000C87967278A7926284A79E5280979A329E4
:104E9000C778612A84781F2B4078DC2BFA77982C0E
:104EA000B477552D6C77112E2377CC2ED976872F9A
:104EB0008E7641304176FB30F475B531A5756E3292
:104EC000557526330475DE33B27496345F744D35F0
:104ED0000B740436B573BA365F736F3707732438B3
:104EE000AF72D83855728C39FA71403A9E71F23AE5
:104EF0004171A53BE270563C8370073D2370B83D7D
:104F0000C16F683E5F6F173FFB6EC53F966E734083
:104F1000306E2141CA6DCE41626D7A42F96C2543F3
:104F20008F6CD043246C7A44B86B24454A6BCD45D2
:104F3000DC6A75466D6A1C47FD69C3478C69694820
:104F400019690F49A668B4493268584ABD67FB4AD7
:104F500046679E4BCF663F4C5766E14CDD65814D01
:104F60006365214EE864BF4E6C645E4FEF63FB4F98
:104F700071639750F26233517162CE51F16169529F
:104F80006F610253EC609B5368603354E35FCA5413
:104F90005E5F6055D75EF555505E8A56C75D1D57FA
:104FA0003E5DB057B45C4258295CD4589D5B64594F
:104FB000105BF359825A825AF359105B64599D5B16
:104FC000D458295C4258B45CB0573E5D1D57C75D4C
:104FD0008A56505EF555D75E60555E5FCA54E35FF2
:104FE000335468609B53EC6002536F616952F16106
:104FF000CE5171623351F26297507163FB4FEF6390
:105000005E4F6C64BF4EE864214E6365814DDD6583
:10501000E14C57663F4CCF669E4B4667FB4ABD67E7
:10502000584A3268B449A6680F49196969488C69B9
:10503000C347FD691C476D6A7546DC6ACD454A6BFE
:105040002445B86B7A44246CD0438F6C2543F96CAB
:105050007A42626DCE41CA6D2141306E7340966EC8
:10506000C53FFB6E173F5F6F683EC16FB83D237051
:10507000073D8370563CE270A53B4171F23A9E7148
:10508000403AFA718C395572D838AF7224380773A8
:105090006F375F73BA36B57304360B744D355F7472
:1050A0009634B274DE330475263355756E32A575A9
:1050B000B531F475FB30417641308E76872FD97645
:1050C000CC2E2377112E6C77552DB477982CFA7748
:1050D000DC2B40781F2B8478612AC778A3290979B3
:1050E000E5284A7926288A796727C879A826057A83
:1050F000E825427A28257D7A6724B67AA623EF7AB6
:10510000E522267B23225D7B6121927B9F20C57B4C
:10511000DC1FF87B191F297C561E5A7C931D897C45
:10512000CF1CB77C0B1CE37C471B0F7D821A397D9B
:10513000BD19627DF8188A7D3318B07D6D17D67D54
:10514000A816FA7DE2151D7E1B153F7E55145F7E65
:105150008E137F7EC8129D7E0112BA7E3911D57ED4
:105160007210F07EAB0F097FE30E217F1B0E387F9C
:10517000530D4D7F8B0C627FC30B757FFB0A877FBE
:10518000330A977F6A09A77FA208B57FD907C27F34
:105190001007CE7F4706D87F7F05E17FB604E97F01
:1051A000ED03F07F2403F67F5B02FA7F9201FD7F1F
:1051B000C900FF7F0000FF7F36FFFF7F6DFEFD7F90
:1051C000A4FDFA7FDBFCF67F12FCF07F49FBE97F50
:1051D00080FAE17FB8F9D87FEFF8CE7F26F8C27F5A
:1051E0005DF7B57F95F6A77FCCF5977F04F5877FB0
:1051F0003CF4757F74F3627FACF24D7FE4F1387F4D
:105200001CF1217F54F0097F8DEFF07EC6EED57E34
:10521000FEEDBA7E37ED9D7E71EC7F7EAAEB5F7E60
:10522000E4EA3F7E1DEA1D7E57E9FA7D92E8D67DCD
:10523000CCE7B07D07E78A7D42E6627D7DE5397D7A
:10524000B8E40F7DF4E3E37C30E3B77C6CE2897C67
:10525000A9E15A7CE6E0297C23E0F87B60DFC57B8E
:105260009EDE927BDCDD5D7B1ADD267B59DCEF7AEE
:1052700098DBB67AD7DA7D7A17DA427A57D9057A87
:1052800098D8C879D9D78A791AD74A795CD6097952
:105290009ED5C778E0D4847823D4407867D3FA7752
:1052A000AAD2B477EED16C7733D1237778D0D97680
:1052B000BECF8E7604CF41764ACEF47591CDA575DA
:1052C000D9CC557521CC047569CBB274B2CA5F7460
:1052D000FBC90B7445C9B57390C85F73DBC707730F
:1052E00027C7AF7273C65572BFC5FA710DC59E71DF
:1052F0005AC44171A9C3E270F8C2837047C22370D7
:1053000097C1C16FE8C05F6F3AC0FB6E8CBF966EED
:10531000DEBE306E31BECA6D85BD626DDABCF96C21
:105320002FBC8F6C85BB246CDBBAB86B32BA4A6B6E
:105330008AB9DC6AE3B86D6A3CB8FD6996B78C69D6
:10534000F0B619694BB6A668A7B5326804B5BD6753
:1053500061B44667C0B3CF661EB357667EB2DD65E3
:10536000DEB1636540B1E864A1B06C6404B0EF6382
:1053700068AF7163CCAEF26231AE716296ADF1612D
:10538000FDAC6F6164ACEC60CCAB686035ABE35FE7
:105390009FAA5E5F0AAAD75E75A9505EE2A8C75DA4
:1053A0004FA83E5DBDA7B45C2BA7295C9BA69D5B67
:1053B0000CA6105B7DA5825AEFA4F35962A4645930
:1053C000D6A3D4584BA34258C1A2B05738A21D57F8
:1053D000AFA18A5628A1F555A1A060551CA0CA54BA
:1053E000979F3354139F9B53909E02530E9E695276
:1053F0008E9DCE510D9D33518E9C9750109CFB4F2E
:10540000939B5E4F179BBF4E9C9A214E229A814DD3
:10541000A899E14C30993F4CB9989E4B4298FB4A71
:10542000CD97584A5997B449E6960F4973966948FB
:105430000296C34792951C4723957546B594CD4572
:1054400047942445DB937A447093D04306932543D5
:105450009D927A423592CE41CF912141699173401C
:105460000491C53FA090173F3E90683EDC8FB83D49
:105470007C8F073D1D8F563CBE8EA53B618EF23A58
:10548000058E403AAA8D8C39508DD838F88C243846
:10549000A08C6F374A8CBA36F48B0436A08B4D350E
:1054A0004D8B9634FB8ADE33AA8A26335A8A6E32B3
:1054B0000B8AB531BE89FB30718941302689872F2F
:1054C000DC88CC2E9388112E4B88552D0588982C7E
:1054D000BF87DC2B7B871F2B3887612AF686A329A1
:1054E000B586E5287586262837866727FA85A82693
:1054F000BD85E82582852825498567241085A62352
:10550000D984E522A28423226D8461213A849F20DC
:105510000784DC1FD683191FA583561E7683931D2F
:105520004883CF1C1C830B1CF082471BC682821A47
:105530009D82BD197582F8184F82331829826D1724
:105540000582A816E281E215C0811B15A0815514C1
:1055500080818E136281C812458101122A8139111E
:105560000F817210F680AB0FDE80E30EC7801B0E3A
:10557000B280530D9D808B0C8A80C30B7880FB0A10
:105580006880330A58806A094A80A2083D80D9079A
:1055900031801007278047061E807F051680B604DD
:1055A0000F80ED030980240305805B0202809201D5
:1055B0000080C90000800000008036FF02806DFE80
:1055C0000580A4FD0980DBFC0F8012FC168049FBDE
:1055D0001E8080FA2780B8F93180EFF83D8026F8E8
:1055E0004A805DF7588095F66880CCF5788004F5A0
:1055F0008A803CF49D8074F3B280ACF2C780E4F101
:10560000DE801CF1F68054F00F818DEF2A81C6EE0A
:105610004581FEED628137ED808171ECA081AAEBBE
:10562000C081E4EAE2811DEA058257E9298292E815
:105630004F82CCE7758207E79D8242E6C6827DE510
:10564000F082B8E41C83F4E3488330E376836CE2B1
:10565000A583A9E1D683E6E0078423E03A8460DFEE
:105660006D849EDEA284DCDDD9841ADD108559DCD0
:10567000498598DB8285D7DABD8517DAFA8557D94F
:10568000378698D87586D9D7B5861AD7F6865CD668
:1056900038879ED57B87E0D4BF8723D4058867D31E
:1056A0004B88AAD29388EED1DC8833D1268978D072
:1056B0007189BECFBE8904CF0B8A4ACE5A8A91CD5A
:1056C000AA8AD9CCFB8A21CC4D8B69CBA08BB2CADC
:1056D000F48BFBC94A8C45C9A08C90C8F88CDBC7F9
:1056E000508D27C7AA8D73C6058EBFC5618E0DC5A7
:1056F000BE8E5AC41D8FA9C37C8FF8C2DC8F47C2EF
:105700003E9097C1A090E8C004913AC069918CBFC7
:10571000CF91DEBE359231BE9D9285BD0693DABC37
:1057200070932FBCDB9385BB4794DBBAB59432BA38
:1057300023958AB99295E3B802963CB8739696B7CA
:10574000E696F0B659974BB6CD97A7B5429804B5F3
:10575000B99861B43099C0B3A8991EB3229A7EB2A9
:105760009C9ADEB1179B40B1939BA1B0109C04B0F2
:105770008E9C68AF0D9DCCAE8E9D31AE0E9E96ADCB
:10578000909EFDAC139F64AC979FCCAB1CA035AB37
:10579000A1A09FAA28A10AAAAFA175A938A2E2A830
:1057A000C1A24FA84BA3BDA7D6A32BA762A49BA6BB
:1057B000EFA40CA67DA57DA50CA6EFA49BA662A4D4
:1057C0002BA7D6A3BDA74BA34FA8C1A2E2A838A27E
:1057D00075A9AFA10AAA28A19FAAA1A035AB1CA0B8
:1057E000CCAB979F64AC139FFDAC909E96AD0E9E84
:1057F00031AE8E9DCCAE0D9D68AF8E9C04B0109CDA
:10580000A1B0939B40B1179BDEB19C9A7EB2229AC5
:105810001EB3A899C0B3309961B4B99804B5429841
:10582000A7B5CD974BB65997F0B6E69696B773964F
:105830003CB80296E3B892958AB9239532BAB594EA
:10584000DBBA479485BBDB932FBC7093DABC06931D
:1058500085BD9D9231BE3592DEBECF918CBF6991E0
:105860003AC00491E8C0A09097C13E9047C2DC8F37
:10587000F8C27C8FA9C31D8F5AC4BE8E0DC5618E20
:10588000BFC5058E73C6AA8D27C7508DDBC7F88CA0
:1058900090C8A08C45C94A8CFBC9F48BB2CAA08BB6
:1058A00069CB4D8B21CCFB8AD9CCAA8A91CD5A8A5F
:1058B0004ACE0B8A04CFBE89BECF718978D02689A3
:1058C00033D1DC88EED19388AAD24B8867D3058880
:1058D00023D4BF87E0D47B879ED538875CD6F686F5
:1058E0001AD7B586D9D7758698D8378657D9FA8505
:1058F00017DABD85D7DA828598DB498559DC1085B2
:105900001ADDD984DCDDA2849EDE6D8460DF3A84FA
:1059100023E00784E6E0D683A9E1A5836CE27683E1
:1059200030E34883F4E31C83B8E4F0827DE5C6826B
:1059300042E69D8207E77582CCE74F8292E8298292
:1059400057E905821DEAE281E4EAC081AAEBA08161
:1059500071EC808137ED6281FEED4581C6EE2A81D2
:105960008DEF0F8154F0F6801CF1DE80E4F1C780EA
:10597000ACF2B28074F39D803CF48A8004F57880A8
:10598000CCF5688095F658805DF74A8026F83D8012
:10599000EFF83180B8F9278080FA1E8049FB168025
:1059A00012FC0F80DBFC0980A4FD05806DFE0280E7
:1059B00036FF0080FF7F0000D87F4706627F8B0C98
:1059C0009D7EC8128A7DF818297C191F7D7A2825AA
:1059D00084781F2B4176FB30B573BA36E270563CA3
:1059E000CA6DCE416D6A1C47CF663F4CF26233519F
:1059F000D75EF555825A825AF555D75E3351F26219
:105A00003F4CCF661C476D6ACE41CA6D563CE27072
:105A1000BA36B573FB3041761F2B847828257D7A02
:105A2000191F297CF8188A7DC8129D7E8B0C627F15
:105A30004706D87F0000FF7FB8F9D87F74F3627FF4
:105A400037ED9D7E07E78A7DE6E0297CD7DA7D7A0F
:105A5000E0D4847804CF417645C9B573A9C3E27018
:105A600031BECA6DE3B86D6AC0B3CF66CCAEF26228
:105A70000AAAD75E7DA5825A28A1F5550D9D3351FE
:105A800030993F4C92951C473592CE411D8F563C24
:105A90004A8CBA36BE89FB307B871F2B828528252E
:105AA000D683191F7582F8186281C8129D808B0CED
:105AB00027804706008000002780B8F99D8074F396
:105AC000628137ED758207E7D683E6E08285D7DA13
:105AD0007B87E0D4BE8904CF4A8C45C91D8FA9C3FA
:105AE000359231BE9295E3B83099C0B30D9DCCAEDE
:105AF00028A10AAA7DA57DA50AAA28A1CCAE0D9D44
:105B0000C0B33099E3B8929531BE3592A9C31D8FC9
:105B100045C94A8C04CFBE89E0D47B87D7DA828519
:105B2000E6E0D68307E7758237ED628174F39D80E6
:105B3000B8F92780FF7F00004176FB30825A825AF5
:105B4000FB3041760000FF7F04CF41767DA5825A6D
:105B5000BE89FB3000800000BE8904CF7DA57DA5F5
:105B600004CFBE89FF7F0000FF7F6400FF7FC90074
:105B7000FE7F2D01FD7F9201FC7FF601FA7F5B0223
:105B8000F87FBF02F67F2403F37F8803F07FED03E5
:105B9000ED7F5104E97FB604E57F1A05E17F7F05BB
:105BA000DD7FE305D87F4706D37FAC06CE7F1007A5
:105BB000C87F7507C27FD907BC7F3D08B57FA208A3
:105BC000AE7F0609A77F6A099F7FCE09977F330AB8
:105BD0008F7F970A877FFB0A7E7F5F0B757FC30BE2
:105BE0006B7F270C627F8B0C587FEF0C4D7F530D22
:105BF000437FB70D387F1B0E2D7F7F0E217FE30E75
:105C0000157F470F097FAB0FFD7E0E10F07E7210DF
:105C1000E37ED610D57E3911C87E9D11BA7E011261
:105C2000AB7E64129D7EC8128E7E2B137F7E8E13F8
:105C30006F7EF2135F7E55144F7EB8143F7E1B15A6
:105C40002E7E7F151D7EE2150C7E4516FA7DA81668
:105C5000E87D0A17D67D6D17C37DD017B07D331848
:105C60009D7D96188A7DF818767D5B19627DBD1939
:105C70004E7D201A397D821A247DE41A0F7D471B40
:105C8000F97CA91BE37C0B1CCD7C6D1CB77CCF1C65
:105C9000A07C311D897C931D717CF51D5A7C561E9C
:105CA000427CB81E297C191F117C7B1FF87BDC1FEE
:105CB000DF7B3E20C57B9F20AC7B0021927B612156
:105CC000777BC2215D7B2322427B8422267BE522D7
:105CD0000B7B4523EF7AA623D37A0724B67A672471
:105CE0009A7AC7247D7A28255F7A8825427AE82522
:105CF000247A4826057AA826E7790727C8796727EE
:105D0000A979C7278A7926286A7986284A79E528D1
:105D10002A7944290979A329E878022AC778612ACF
:105D2000A678C02A84781F2B62787D2B4078DC2BE4
:105D30001D783A2CFA77982CD777F72CB477552D15
:105D40009077B32D6C77112E47776E2E2377CC2E5C
:105D5000FE76292FD976872FB376E42F8E764130C1
:105D600068769E304176FB301B765831F475B5313C
:105D7000CC751132A5756E327D75CA3255752633D4
:105D80002D7582330475DE33DB743A34B274963485
:105D90008974F2345F744D353574A8350B7404364C
:105DA000E0735F36B573BA368A7314375F736F3733
:105DB0003373CA3707732438DB727E38AF72D83832
:105DC0008272323955728C392772E639FA71403A4B
:105DD000CC71993A9E71F23A6F714C3B4171A53B7F
:105DE0001271FD3BE270563CB370AF3C8370073DCF
:105DF0005370603D2370B83DF26F103EC16F683E36
:105E0000906FBF3E5F6F173F2D6F6E3FFB6EC53FBC
:105E1000C96E1D40966E7340636ECA40306E21415C
:105E2000FD6D7741CA6DCE41966D2442626D7A4216
:105E30002D6DD042F96C2543C46C7B438F6CD043ED
:105E4000596C2544246C7A44EE6BCF44B86B2445DE
:105E5000816B78454A6BCD45136B2146DC6A7546EC
:105E6000A56AC9466D6A1C47356A7047FD69C34714
:105E7000C46916488C6969485369BC4819690F4957
:105E8000E0686149A668B4496C68064A3268584AB5
:105E9000F767A94ABD67FB4A82674C4B46679E4B32
:105EA0000B67EF4BCF663F4C9366904C5766E14CC7
:105EB0001A66314DDD65814DA065D14D6365214E7A
:105EC0002665704EE864BF4EAA640F4F6C645E4F47
:105ED0002D64AC4FEF63FB4FB06349507163975033
:105EE0003163E550F2623351B26281517162CE5139
:105EF00031621C52F1616952B061B5526F61025357
:105F00002D614E53EC609B53AA60E7536860335495
:105F100026607E54E35FCA54A05F15555E5F6055EE
:105F20001A5FAB55D75EF555935E4056505E8A5664
:105F30000B5ED456C75D1D57835D67573E5DB057F6
:105F4000F95CF957B45C42586E5C8B58295CD458A4
:105F5000E35B1C599D5B6459565BAC59105BF3596C
:105F6000C95A3B5A825A825A3B5AC95AF359105B52
:105F7000AC59565B64599D5B1C59E35BD458295C52
:105F80008B586E5C4258B45CF957F95CB0573E5D73
:105F90006757835D1D57C75DD4560B5E8A56505EAA
:105FA0004056935EF555D75EAB551A5F60555E5F00
:105FB0001555A05FCA54E35F7E5426603354686071
:105FC000E753AA609B53EC604E532D6102536F61FF
:105FD000B552B0616952F1611C523162CE517162A9
:105FE0008151B2623351F262E5503163975071636F
:105FF0004950B063FB4FEF63AC4F2D645E4F6C6450
:106000000F4FAA64BF4EE864704E2665214E63654B
:10601000D14DA065814DDD65314D1A66E14C576665
:10602000904C93663F4CCF66EF4B0B679E4B466799
:106030004C4B8267FB4ABD67A94AF767584A3268EA
:10604000064A6C68B449A6686149E0680F49196955
:10605000BC48536969488C691648C469C347FD69DF
:106060007047356A1C476D6AC946A56A7546DC6A81
:106070002146136BCD454A6B7845816B2445B86B3F
:10608000CF44EE6B7A44246C2544596CD0438F6C1A
:106090007B43C46C2543F96CD0422D6D7A42626D0E
:1060A0002442966DCE41CA6D7741FD6D2141306E1F
:1060B000CA40636E7340966E1D40C96EC53FFB6E4D
:1060C0006E3F2D6F173F5F6FBF3E906F683EC16F91
:1060D000103EF26FB83D2370603D5370073D8370F2
:1060E000AF3CB370563CE270FD3B1271A53B417171
:1060F0004C3B6F71F23A9E71993ACC71403AFA7109
:10610000E63927728C39557232398272D838AF72BB
:106110007E38DB7224380773CA3733736F375F7387
:1061200014378A73BA36B5735F36E07304360B746E
:10613000A83535744D355F74F23489749634B27471
:106140003A34DB74DE33047582332D75263355758E
:10615000CA327D756E32A5751132CC75B531F475C4
:1061600058311B76FB3041769E30687641308E7612
:10617000E42FB376872FD976292FFE76CC2E23777E
:106180006E2E4777112E6C77B32D9077552DB477FF
:10619000F72CD777982CFA773A2C1D78DC2B40789F
:1061A0007D2B62781F2B8478C02AA678612AC77855
:1061B000022AE878A329097944292A79E5284A7925
:1061C00086286A7926288A79C727A9796727C8790E
:1061D0000727E779A826057A4826247AE825427A0F
:1061E00088255F7A28257D7AC7249A7A6724B67A2B
:1061F0000724D37AA623EF7A45230B7BE522267B5F
:106200008422427B23225D7BC221777B6121927BAA
:106210000021AC7B9F20C57B3E20DF7BDC1FF87B11
:106220007B1F117C191F297CB81E427C561E5A7C8C
:10623000F51D717C931D897C311DA07CCF1CB77C22
:106240006D1CCD7C0B1CE37CA91BF97C471B0F7DCF
:10625000E41A247D821A397D201A4E7DBD19627D93
:106260005B19767DF8188A7D96189D7D3318B07D70
:10627000D017C37D6D17D67D0A17E87DA816FA7D65
:1062800045160C7EE2151D7E7F152E7E1B153F7E6A
:10629000B8144F7E55145F7EF2136F7E8E137F7E8F
:1062A0002B138E7EC8129D7E6412AB7E0112BA7EC5
:1062B0009D11C87E3911D57ED610E37E7210F07E16
:1062C0000E10FD7EAB0F097F470F157FE30E217F78
:1062D0007F0E2D7F1B0E387FB70D437F530D4D7FF3
:1062E000EF0C587F8B0C627F270C6B7FC30B757F85
:1062F0005F0B7E7FFB0A877F970A8F7F330A977F2A
:10630000CE099F7F6A09A77F0609AE7FA208B57FE5
:106310003D08BC7FD907C27F7507C87F1007CE7FB5
:10632000AC06D37F4706D87FE305DD7F7F05E17F9D
:106330001A05E57FB604E97F5104ED7FED03F07F98
:106340008803F37F2403F67FBF02F87F5B02FA7FA6
:10635000F601FC7F9201FD7F2D01FE7FC900FF7FCA
:106360006400FF7F0000FF7F9BFFFF7F36FFFF7F02
:10637000D2FEFE7F6DFEFD7F09FEFC7FA4FDFA7F4D
:1063800040FDF87FDBFCF67F77FCF37F12FCF07FAB
:10639000AEFBED7F49FBE97FE5FAE57F80FAE17F1F
:1063A0001CFADD7FB8F9D87F53F9D37FEFF8CE7FA1
:1063B0008AF8C87F26F8C27FC2F7BC7F5DF7B57F39
:1063C000F9F6AE7F95F6A77F31F69F7FCCF5977FE4
:1063D00068F58F7F04F5877FA0F47E7F3CF4757F9E
:1063E000D8F36B7F74F3627F10F3587FACF24D7F6C
:1063F00048F2437FE4F1387F80F12D7F1CF1217F4B
:10640000B8F0157F54F0097FF1EFFD7E8DEFF07E3F
:1064100029EFE37EC6EED57E62EEC87EFEEDBA7E43
:106420009BEDAB7E37ED9D7ED4EC8E7E71EC7F7E56
:106430000DEC6F7EAAEB5F7E47EB4F7EE4EA3F7E7A
:1064400080EA2E7E1DEA1D7EBAE90C7E57E9FA7DB0
:10645000F5E8E87D92E8D67D2FE8C37DCCE7B07DF6
:1064600069E79D7D07E78A7DA4E6767D42E6627D49
:10647000DFE54E7D7DE5397D1BE5247DB8E40F7DAC
:1064800056E4F97CF4E3E37C92E3CD7C30E3B77C23
:10649000CEE2A07C6CE2897C0AE2717CA9E15A7CA4
:1064A00047E1427CE6E0297C84E0117C23E0F87B34
:1064B000C1DFDF7B60DFC57BFFDEAC7B9EDE927BD6
:1064C0003DDE777BDCDD5D7B7BDD427B1ADD267B81
:1064D000BADC0B7B59DCEF7AF8DBD37A98DBB67A3F
:1064E00038DB9A7AD7DA7D7A77DA5F7A17DA427A06
:1064F000B7D9247A57D9057AF8D8E77998D8C879DE
:1065000038D8A979D9D78A7979D76A791AD74A79BF
:10651000BBD62A795CD60979FDD5E8789ED5C778AF
:106520003FD5A678E0D4847882D4627823D44078AA
:10653000C5D31D7867D3FA7708D3D777AAD2B477B3
:106540004CD29077EED16C7791D1477733D12377C6
:10655000D6D0FE7678D0D9761BD0B376BECF8E76E5
:1065600061CF687604CF4176A7CE1B764ACEF4750C
:10657000EECDCC7591CDA57535CD7D75D9CC557544
:106580007DCC2D7521CC0475C5CBDB7469CBB27481
:106590000DCB8974B2CA5F7457CA3574FBC90B74CA
:1065A000A0C9E07345C9B573EBC88A7390C85F731F
:1065B00035C83373DBC7077381C7DB7227C7AF7278
:1065C000CDC6827273C6557219C62772BFC5FA71DD
:1065D00066C5CC710DC59E71B3C46F715AC441714B
:1065E00002C41271A9C3E27050C3B370F8C28370C1
:1065F0009FC2537047C22370EFC1F26F97C1C16F42
:1066000040C1906FE8C05F6F91C02D6F3AC0FB6EC4
:10661000E2BFC96E8CBF966E35BF636EDEBE306E54
:1066200088BEFD6D31BECA6DDBBD966D85BD626DE8
:106630002FBD2D6DDABCF96C84BCC46C2FBC8F6C83
:10664000DABB596C85BB246C30BBEE6BDBBAB86B24
:1066500087BA816B32BA4A6BDEB9136B8AB9DC6ACE
:1066600036B9A56AE3B86D6A8FB8356A3CB8FD697A
:10667000E9B7C46996B78C6943B75369F0B619692D
:106680009EB6E0684BB6A668F9B56C68A7B53268E7
:1066900056B5F76704B5BD67B3B4826761B44667A2
:1066A00010B40B67C0B3CF666FB393661EB3576663
:1066B000CEB21A667EB2DD652EB2A065DEB163652C
:1066C0008FB1266540B1E864F0B0AA64A1B06C64F3
:1066D00053B02D6404B0EF63B6AFB06368AF7163BD
:1066E0001AAF3163CCAEF2627EAEB26231AE71628D
:1066F000E3AD316296ADF1614AADB061FDAC6F6161
:10670000B1AC2D6164ACEC6018ACAA60CCAB686035
:1067100081AB266035ABE35FEAAAA05F9FAA5E5F0C
:1067200054AA1A5F0AAAD75EBFA9935E75A9505EE4
:106730002BA90B5EE2A8C75D98A8835D4FA83E5DBC
:1067400006A8F95CBDA7B45C74A76E5C2BA7295C96
:10675000E3A6E35B9BA69D5B53A6565B0CA6105B72
:10676000C4A5C95A7DA5825A36A53B5AEFA4F35950
:10677000A9A4AC5962A464591CA41C59D6A3D4582A
:1067800091A38B584BA3425806A3F957C1A2B05707
:106790007CA2675738A21D57F4A1D456AFA18A56E0
:1067A0006CA1405628A1F555E5A0AB55A1A06055B8
:1067B0005FA015551CA0CA54D99F7E54979F33548F
:1067C000559FE753139F9B53D29E4E53909E025367
:1067D0004F9EB5520E9E6952CE9D1C528E9DCE513B
:1067E0004D9D81510D9D3351CE9CE5508E9C97500F
:1067F0004F9C4950109CFB4FD29BAC4F939B5E4FDC
:10680000559B0F4F179BBF4ED99A704E9C9A214EA5
:106810005F9AD14D229A814DE599314DA899E14C6D
:106820006C99904C30993F4CF498EF4BB9989E4B33
:106830007D984C4B4298FB4A0898A94ACD97584AF4
:106840009397064A5997B4491F976149E6960F49AD
:10685000AC96BC48739669483B9616480296C34767
:10686000CA95704792951C475A95C9462395754617
:10687000EC942146B594CD457E94784547942445C3
:106880001194CF44DB937A44A69325447093D0436C
:106890003B937B4306932543D292D0429D927A420A
:1068A000699224423592CE4102927741CF912141A3
:1068B0009C91CA406991734036911D400491C53F37
:1068C000D2906E3FA090173F6F90BF3E3E90683EC3
:1068D0000D90103EDC8FB83DAC8F603D7C8F073D46
:1068E0004C8FAF3C1D8F563CED8EFD3BBE8EA53BC5
:1068F000908E4C3B618EF23A338E993A058E403A37
:10690000D88DE639AA8D8C397D8D3239508DD838A5
:10691000248D7E38F88C2438CC8CCA37A08C6F3705
:10692000758C14374A8CBA361F8C5F36F48B04365C
:10693000CA8BA835A08B4D35768BF2344D8B9634AF
:10694000248B3A34FB8ADE33D28A8233AA8A2633F6
:10695000828ACA325A8A6E32338A11320B8AB53130
:10696000E4895831BE89FB3097899E307189413066
:106970004C89E42F2689872F0189292FDC88CC2E8A
:10698000B8886E2E9388112E6F88B32D4B88552DA5
:106990002888F72C0588982CE2873A2CBF87DC2BB7
:1069A0009D877D2B7B871F2B5987C02A3887612ABB
:1069B0001787022AF686A329D5864429B586E528B5
:1069C00095868628758626285686C72737866727A0
:1069D00018860727FA85A826DB854826BD85E82581
:1069E000A0858825828528256585C7244985672453
:1069F0002C8507241085A623F4844523D984E52219
:106A0000BD848422A28423228884C2216D846121D2
:106A1000538400213A849F2020843E200784DC1F79
:106A2000EE837B1FD683191FBD83B81EA583561E18
:106A30008E83F51D7683931D5F83311D4883CF1CA4
:106A400032836D1C1C830B1C0683A91BF082471B21
:106A5000DB82E41AC682821AB182201A9D82BD1995
:106A600089825B197582F818628296184F823318F2
:106A70003C82D01729826D1717820A170582A81643
:106A8000F3814516E281E215D1817F15C0811B1586
:106A9000B081B814A08155149081F21380818E13B7
:106AA00071812B136281C8125481641245810112D5
:106AB00037819D112A8139111C81D6100F817210E6
:106AC00002810E10F680AB0FEA80470FDE80E30EE6
:106AD000D2807F0EC7801B0EBC80B70DB280530DD5
:106AE000A780EF0C9D808B0C9480270C8A80C30BB1
:106AF00081805F0B7880FB0A7080970A6880330A78
:106B00006080CE0958806A09518006094A80A2082F
:106B100043803D083D80D9073780750731801007D5
:106B20002C80AC06278047062280E3051E807F0567
:106B30001A801A051680B604128051040F80ED03E6
:106B40000C808803098024030780BF0205805B0254
:106B50000380F6010280920101802D010080C900AE
:106B6000008064000080000000809BFF008036FFF2
:106B70000180D2FE02806DFE038009FE0580A4FD27
:106B8000078040FD0980DBFC0C8077FC0F8012FC45
:106B90001280AEFB168049FB1A80E5FA1E8080FA4F
:106BA00022801CFA2780B8F92C8053F93180EFF845
:106BB00037808AF83D8026F84380C2F74A805DF727
:106BC0005180F9F6588095F6608031F66880CCF5F2
:106BD000708068F5788004F58180A0F48A803CF4A8
:106BE0009480D8F39D8074F3A78010F3B280ACF248
:106BF000BC8048F2C780E4F1D28080F1DE801CF1D5
:106C0000EA80B8F0F68054F00281F1EF0F818DEF49
:106C10001C8129EF2A81C6EE378162EE4581FEEDA7
:106C200054819BED628137ED7181D4EC808171ECF0
:106C300090810DECA081AAEBB08147EBC081E4EA22
:106C4000D18180EAE2811DEAF381BAE9058257E940
:106C50001782F5E8298292E83C822FE84F82CCE740
:106C6000628269E7758207E78982A4E69D8242E62F
:106C7000B182DFE5C6827DE5DB821BE5F082B8E408
:106C8000068356E41C83F4E3328392E3488330E3C3
:106C90005F83CEE276836CE28E830AE2A583A9E16C
:106CA000BD8347E1D683E6E0EE8384E0078423E0FA
:106CB0002084C1DF3A8460DF5384FFDE6D849EDE72
:106CC00088843DDEA284DCDDBD847BDDD9841ADDD1
:106CD000F484BADC108559DC2C85F8DB498598DB17
:106CE000658538DB8285D7DAA08577DABD8517DA46
:106CF000DB85B7D9FA8557D91886F8D8378698D85A
:106D0000568638D87586D9D7958679D7B5861AD755
:106D1000D586BBD6F6865CD61787FDD538879ED537
:106D200059873FD57B87E0D49D8782D4BF8723D402
:106D3000E287C5D3058867D3288808D34B88AAD2B1
:106D40006F884CD29388EED1B88891D1DC8833D14A
:106D50000189D6D0268978D04C891BD07189BECFC5
:106D6000978961CFBE8904CFE489A7CE0B8A4ACE2A
:106D7000338AEECD5A8A91CD828A35CDAA8AD9CC72
:106D8000D28A7DCCFB8A21CC248BC5CB4D8B69CBA1
:106D9000768B0DCBA08BB2CACA8B57CAF48BFBC9BA
:106DA0001F8CA0C94A8C45C9758CEBC8A08C90C8B3
:106DB000CC8C35C8F88CDBC7248D81C7508D27C794
:106DC0007D8DCDC6AA8D73C6D88D19C6058EBFC55B
:106DD000338E66C5618E0DC5908EB3C4BE8E5AC407
:106DE000ED8E02C41D8FA9C34C8F50C37C8FF8C297
:106DF000AC8F9FC2DC8F47C20D90EFC13E9097C110
:106E00006F9040C1A090E8C0D29091C004913AC068
:106E10003691E2BF69918CBF9C9135BFCF91DEBEA8
:106E2000029288BE359231BE6992DBBD9D9285BDCE
:106E3000D2922FBD0693DABC3B9384BC70932FBCD7
:106E4000A693DABBDB9385BB119430BB4794DBBAC6
:106E50007E9487BAB59432BAEC94DEB923958AB998
:106E60005A9536B99295E3B8CA958FB802963CB850
:106E70003B96E9B7739696B7AC9643B7E696F0B6ED
:106E80001F979EB659974BB69397F9B5CD97A7B56F
:106E9000089856B5429804B57D98B3B4B99861B4D2
:106EA000F49810B43099C0B36C996FB3A8991EB31D
:106EB000E599CEB2229A7EB25F9A2EB29C9ADEB14A
:106EC000D99A8FB1179B40B1559BF0B0939BA1B05D
:106ED000D29B53B0109C04B04F9CB6AF8E9C68AF51
:106EE000CE9C1AAF0D9DCCAE4D9D7EAE8E9D31AE2B
:106EF000CE9DE3AD0E9E96AD4F9E4AAD909EFDACED
:106F0000D29EB1AC139F64AC559F18AC979FCCAB8D
:106F1000D99F81AB1CA035AB5FA0EAAAA1A09FAA14
:106F2000E5A054AA28A10AAA6CA1BFA9AFA175A97E
:106F3000F4A12BA938A2E2A87CA298A8C1A24FA8CC
:106F400006A306A84BA3BDA791A374A7D6A32BA7FE
:106F50001CA4E3A662A49BA6A9A453A6EFA40CA616
:106F600036A5C4A57DA57DA5C4A536A50CA6EFA410
:106F700053A6A9A49BA662A4E3A61CA42BA7D6A3F0
:106F800074A791A3BDA74BA306A806A34FA8C1A2AF
:106F900098A87CA2E2A838A22BA9F4A175A9AFA158
:106FA000BFA96CA10AAA28A154AAE5A09FAAA1A0E2
:106FB000EAAA5FA035AB1CA081ABD99FCCAB979F51
:106FC00018AC559F64AC139FB1ACD29EFDAC909EA3
:106FD0004AAD4F9E96AD0E9EE3ADCE9D31AE8E9DD9
:106FE0007EAE4D9DCCAE0D9D1AAFCE9C68AF8E9CF3
:106FF000B6AF4F9C04B0109C53B0D29BA1B0939BF2
:10700000F0B0559B40B1179B8FB1D99ADEB19C9AD5
:107010002EB25F9A7EB2229ACEB2E5991EB3A8999B
:107020006FB36C99C0B3309910B4F49861B4B99847
:10703000B3B47D9804B5429856B50898A7B5CD97D6
:10704000F9B593974BB659979EB61F97F0B6E6964B
:1070500043B7AC9696B77396E9B73B963CB80296A1
:107060008FB8CA95E3B8929536B95A958AB92395DF
:10707000DEB9EC9432BAB59487BA7E94DBBA479401
:1070800030BB119485BBDB93DABBA6932FBC709306
:1070900084BC3B93DABC06932FBDD29285BD9D92F2
:1070A000DBBD699231BE359288BE0292DEBECF91C1
:1070B00035BF9C918CBF6991E2BF36913AC0049173
:1070C00091C0D290E8C0A09040C16F9097C13E900F
:1070D000EFC10D9047C2DC8F9FC2AC8FF8C27C8F8E
:1070E00050C34C8FA9C31D8F02C4ED8E5AC4BE8EEF
:1070F000B3C4908E0DC5618E66C5338EBFC5058E37
:1071000019C6D88D73C6AA8DCDC67D8D27C7508D63
:1071100081C7248DDBC7F88C35C8CC8C90C8A08C77
:10712000EBC8758C45C94A8CA0C91F8CFBC9F48B70
:1071300057CACA8BB2CAA08B0DCB768B69CB4D8B4D
:10714000C5CB248B21CCFB8A7DCCD28AD9CCAA8A10
:1071500035CD828A91CD5A8AEECD338A4ACE0B8ABA
:10716000A7CEE48904CFBE8961CF9789BECF71894C
:107170001BD04C8978D02689D6D0018933D1DC88C0
:1071800091D1B888EED193884CD26F88AAD24B881F
:1071900008D3288867D30588C5D3E28723D4BF875F
:1071A00082D49D87E0D47B873FD559879ED5388789
:1071B000FDD517875CD6F686BBD6D5861AD7B58699
:1071C00079D79586D9D7758638D8568698D8378690
:1071D000F8D8188657D9FA85B7D9DB8517DABD856F
:1071E00077DAA085D7DA828538DB658598DB498533
:1071F000F8DB2C8559DC1085BADCF4841ADDD984DF
:107200007BDDBD84DCDDA2843DDE88849EDE6D8472
:10721000FFDE538460DF3A84C1DF208423E00784EB
:1072200084E0EE83E6E0D68347E1BD83A9E1A58350
:107230000AE28E836CE27683CEE25F8330E348839A
:1072400092E33283F4E31C8356E40683B8E4F082CD
:107250001BE5DB827DE5C682DFE5B18242E69D82E9
:10726000A4E6898207E7758269E76282CCE74F82EC
:107270002FE83C8292E82982F5E8178257E90582D7
:10728000BAE9F3811DEAE28180EAD181E4EAC081B2
:1072900047EBB081AAEBA0810DEC908171EC80816D
:1072A000D4EC718137ED62819BED5481FEED458117
:1072B00062EE3781C6EE2A8129EF1C818DEF0F81A6
:1072C000F1EF028154F0F680B8F0EA801CF1DE8024
:1072D00080F1D280E4F1C78048F2BC80ACF2B28089
:1072E00010F3A78074F39D80D8F394803CF48A80D7
:1072F000A0F4818004F5788068F57080CCF5688012
:1073000031F6608095F65880F9F651805DF74A8035
:10731000C2F7438026F83D808AF83780EFF8318045
:1073200053F92C80B8F927801CFA228080FA1E803D
:10733000E5FA1A8049FB1680AEFB128012FC0F8022
:1073400077FC0C80DBFC098040FD0780A4FD0580F4
:1073500009FE03806DFE0280D2FE018036FF0080B0
:107360009BFF0080FF7F0000F67F2403D87F470645
:10737000A77F6A09627F8B0C097FAB0F9D7EC812C5
:107380001D7EE2158A7DF818E37C0B1C297C191FF1
:107390005D7B23227D7A28258A79262884781F2BF5
:1073A0006C77112E4176FB300475DE33B573BA3637
:1073B00055728C39E270563C5F6F173FCA6DCE41F3
:1073C000246C7A446D6A1C47A668B449CF663F4C6A
:1073D000E864BF4EF2623351EC609B53D75EF555C3
:1073E000B45C4258825A825A4258B45CF555D75E12
:1073F0009B53EC603351F262BF4EE8643F4CCF6662
:10740000B449A6681C476D6A7A44246CCE41CA6DA3
:10741000173F5F6F563CE2708C395572BA36B573C0
:10742000DE330475FB304176112E6C771F2B847888
:1074300026288A7928257D7A23225D7B191F297CBD
:107440000B1CE37CF8188A7DE2151D7EC8129D7E18
:10745000AB0F097F8B0C627F6A09A77F4706D87F35
:107460002403F67F0000FF7FDBFCF67FB8F9D87FAE
:1074700095F6A77F74F3627F54F0097F37ED9D7E08
:107480001DEA1D7E07E78A7DF4E3E37CE6E0297CC4
:10749000DCDD5D7BD7DA7D7AD9D78A79E0D4847850
:1074A000EED16C7704CF417621CC047545C9B57314
:1074B00073C65572A9C3E270E8C05F6F31BECA6D72
:1074C00085BB246CE3B86D6A4BB6A668C0B3CF66C3
:1074D00040B1E864CCAEF26264ACEC600AAAD75E5C
:1074E000BDA7B45C7DA5825A4BA3425828A1F5558F
:1074F000139F9B530D9D3351179BBF4E30993F4CAB
:107500005997B44992951C47DB937A443592CE4102
:10751000A090173F1D8F563CAA8D8C394A8CBA36E5
:10752000FB8ADE33BE89FB309388112E7B871F2BAD
:107530007586262882852825A2842322D683191FB2
:107540001C830B1C7582F818E281E2156281C81257
:10755000F680AB0F9D808B0C58806A092780470608
:1075600009802403008000000980DBFC2780B8F933
:10757000588095F69D8074F3F68054F0628137ED63
:10758000E2811DEA758207E71C83F4E3D683E6E017
:10759000A284DCDD8285D7DA7586D9D77B87E0D4F3
:1075A0009388EED1BE8904CFFB8A21CC4A8C45C991
:1075B000AA8D73C61D8FA9C3A090E8C0359231BEB5
:1075C000DB9385BB9295E3B859974BB63099C0B31E
:1075D000179B40B10D9DCCAE139F64AC28A10AAAA5
:1075E0004BA3BDA77DA57DA5BDA74BA30AAA28A136
:1075F00064AC139FCCAE0D9D40B1179BC0B33099C6
:107600004BB65997E3B8929585BBDB9331BE359263
:10761000E8C0A090A9C31D8F73C6AA8D45C94A8C26
:1076200021CCFB8A04CFBE89EED19388E0D47B873E
:10763000D9D77586D7DA8285DCDDA284E6E0D683E9
:10764000F4E31C8307E775821DEAE28137ED62816E
:1076500054F0F68074F39D8095F65880B8F9278031
:10766000DBFC0980FF7F00008A7DF8184176FB3043
:107670006D6A1C47825A825A1C476D6AFB304176FC
:10768000F8188A7D0000FF7F07E78A7D04CF4176E6
:10769000E3B86D6A7DA5825A92951C47BE89FB307E
:1076A0007582F81800800000758207E7BE8904CF54
:1076B0009295E3B87DA57DA5E3B8929504CFBE89E8
:1076C00007E77582FF7F0000FF7F3200FF7F6400C5
:1076D000FF7F9600FF7FC900FF7FFB00FE7F2D012B
:1076E000FE7F5F01FD7F9201FC7FC401FC7FF601FC
:1076F000FB7F2802FA7F5B02F97F8D02F87FBF02D1
:10770000F77FF102F67F2403F47F5603F37F8803AB
:10771000F27FBA03F07FED03EE7F1F04ED7F51048B
:10772000EB7F8304E97FB604E77FE804E57F1A0571
:10773000E37F4C05E17F7F05DF7FB105DD7FE3055A
:10774000DA7F1506D87F4706D67F7A06D37FAC0648
:10775000D07FDE06CE7F1007CB7F4207C87F75073C
:10776000C57FA707C27FD907BF7F0B08BC7F3D0835
:10777000B87F6F08B57FA208B17FD408AE7F060935
:10778000AA7F3809A77F6A09A37F9C099F7FCE093A
:107790009B7F000A977F330A937F650A8F7F970A42
:1077A0008B7FC90A877FFB0A827F2D0B7E7F5F0B51
:1077B000797F910B757FC30B707FF50B6B7F270C67
:1077C000677F590C627F8B0C5D7FBD0C587FEF0C7F
:1077D000537F210D4D7F530D487F850D437FB70D9E
:1077E0003D7FE90D387F1B0E327F4D0E2D7F7F0EC2
:1077F000277FB10E217FE30E1B7F150F157F470FEB
:107800000F7F790F097FAB0F037FDD0FFD7E0E1019
:10781000F67E4010F07E7210E97EA410E37ED61052
:10782000DC7E0811D57E3911CF7E6B11C87E9D118B
:10783000C17ECF11BA7E0112B37E3212AB7E6412CA
:10784000A47E96129D7EC812957EF9128E7E2B1311
:10785000867E5D137F7E8E13777EC0136F7EF2135C
:10786000677E23145F7E5514577E87144F7EB814AD
:10787000477EEA143F7E1B15377E4D152E7E7F1501
:10788000267EB0151D7EE215147E13160C7E45165D
:10789000037E7616FA7DA816F17DD916E87D0A17C3
:1078A000DF7D3C17D67D6D17CD7D9F17C37DD0172B
:1078B000BA7D0218B07D3318A77D64189D7D961897
:1078C000947DC7188A7DF818807D2A19767D5B190A
:1078D0006C7D8C19627DBD19587DEF194E7D201A83
:1078E000437D511A397D821A2F7DB31A247DE41A03
:1078F000197D161B0F7D471B047D781BF97CA91B86
:10790000EE7CDA1BE37C0B1CD87C3C1CCD7C6D1C14
:10791000C27C9E1CB77CCF1CAB7C001DA07C311DA3
:10792000947C621D897C931D7D7CC41D717CF51D3A
:10793000667C251E5A7C561E4E7C871E427CB81ED5
:10794000367CE91E297C191F1D7C4A1F117C7B1F78
:10795000057CAC1FF87BDC1FEB7B0D20DF7B3E2022
:10796000D27B6E20C57B9F20B97BD020AC7B0021D1
:107970009F7B3121927B6121847B9221777BC22185
:107980006A7BF3215D7B23224F7B5422427B84223E
:10799000347BB422267BE522197B15230B7B452300
:1079A000FD7A7623EF7AA623E17AD623D37A0724C9
:1079B000C57A3724B67A6724A87A97249A7AC72496
:1079C0008B7AF7247D7A28256E7A58255F7A882568
:1079D000507AB825427AE825337A1826247A482640
:1079E000157A7826057AA826F679D826E779072722
:1079F000D8793727C8796727B9799727A979C72709
:107A00009979F6278A7926287A7956286A798628F4
:107A10005A79B5284A79E5283A7915292A794429E5
:107A2000197974290979A329F978D329E878022AE0
:107A3000D878322AC778612AB678912AA678C02ADF
:107A40009578EF2A84781F2B73784E2B62787D2BE4
:107A50005178AD2B4078DC2B2E780B2C1D783A2CEE
:107A60000C78692CFA77982CE977C82CD777F72C03
:107A7000C577262DB477552DA277842D9077B32D19
:107A80007E77E22D6C77112E5A773F2E47776E2E38
:107A900035779D2E2377CC2E1077FB2EFE76292F5F
:107AA000EB76582FD976872FC676B52FB376E42F8D
:107AB000A07613308E7641307B76703068769E30BB
:107AC0005476CD304176FB302E762A311B765831F4
:107AD00007768631F475B531E075E331CC75113236
:107AE000B9754032A5756E3291759C327D75CA327A
:107AF0006975F83255752633417554332D758233C7
:107B00001975B0330475DE33F0740C34DB743A3419
:107B1000C7746834B27496349E74C4348974F23471
:107B200074741F355F744D354A747B353574A835D0
:107B30002074D6350B740436F6733136E0735F3635
:107B4000CB738C36B573BA36A073E7368A731437A5
:107B5000757342375F736F3749739C373373CA3716
:107B60001D73F73707732438F1725138DB727E3892
:107B7000C572AB38AF72D838987206398272323912
:107B80006B725F3955728C393E72B9392772E6399A
:107B90001172133AFA71403AE3716C3ACC71993A26
:107BA000B571C63A9E71F23A86711F3B6F714C3BBC
:107BB0005871783B4171A53B2971D13B1271FD3B56
:107BC000FA702A3CE270563CCB70833CB370AF3CF9
:107BD0009B70DB3C8370073D6B70333D5370603DA1
:107BE0003B708C3D2370B83D0A70E43DF26F103E4F
:107BF000DA6F3C3EC16F683EA96F933E906FBF3E07
:107C0000776FEB3E5F6F173F466F433F2D6F6E3FC1
:107C1000146F9A3FFB6EC53FE26EF13FC96E1D4087
:107C2000AF6E4840966E73407D6E9F40636ECA4053
:107C30004A6EF640306E2141176E4C41FD6D774122
:107C4000E36DA241CA6DCE41B06DF941966D2442FB
:107C50007C6D4F42626D7A42486DA5422D6DD042D7
:107C6000136DFA42F96C2543DE6C5043C46C7B43C0
:107C7000A96CA5438F6CD043746CFB43596C2544AD
:107C80003F6C5044246C7A44096CA544EE6BCF449D
:107C9000D36BFA44B86B24459C6B4E45816B784599
:107CA000666BA3454A6BCD452F6BF745136B214699
:107CB000F86A4B46DC6A7546C16A9F46A56AC946A2
:107CC000896AF3466D6A1C47516A4647356A7047B0
:107CD000196A9A47FD69C347E169ED47C4691648C7
:107CE000A86940488C6969486F6993485369BC48E2
:107CF0003669E64819690F49FD683849E068614905
:107D0000C3688A49A668B4498968DD496C68064A2F
:107D10004F682F4A3268584A1568814AF767A94A5E
:107D2000DA67D24ABD67FB4A9F67244B82674C4B98
:107D30006467754B46679E4B2967C64B0B67EF4BD5
:107D4000ED66174CCF663F4CB166684C9366904C1D
:107D50007566B84C5766E14C3966094D1A66314D67
:107D6000FC65594DDD65814DBF65A94DA065D14DBF
:107D70008265F94D6365214E4565484E2665704E16
:107D80000765984EE864BF4EC964E74EAA640F4F7A
:107D90008B64364F6C645E4F4D64854F2D64AC4FE1
:107DA0000E64D44FEF63FB4FCF632250B063495052
:107DB00090637050716397505163BF503163E550C9
:107DC00011630C51F2623351D2625A51B262815145
:107DD0009262A8517162CE515162F55131621C52CA
:107DE00011624252F1616952D0618F52B061B55255
:107DF0008F61DC526F6102534E6128532D614E53E7
:107E00000D617553EC609B53CB60C153AA60E7537F
:107E100089600D54686033544760585426607E541E
:107E20000460A454E35FCA54C25FEF54A05F1555C9
:107E30007F5F3A555E5F60553C5F85551A5FAB5575
:107E4000F95ED055D75EF555B55E1A56935E40562D
:107E5000715E6556505E8A562D5EAF560B5ED456E7
:107E6000E95DF956C75D1D57A55D4257835D6757AC
:107E7000605D8C573E5DB0571B5DD557F95CF95777
:107E8000D65C1E58B45C4258915C67586E5C8B5847
:107E90004B5CAF58295CD458065CF858E35B1C591E
:107EA000C05B40599D5B6459795B8859565BAC59FE
:107EB000335BD059105BF359EC5A175AC95A3B5AE5
:107EC000A55A5E5A825A825A5E5AA55A3B5AC95AD4
:107ED000175AEC5AF359105BD059335BAC59565BC7
:107EE0008859795B64599D5B4059C05B1C59E35BC1
:107EF000F858065CD458295CAF584B5C8B586E5CC4
:107F00006758915C4258B45C1E58D65CF957F95CCE
:107F1000D5571B5DB0573E5D8C57605D6757835DDD
:107F20004257A55D1D57C75DF956E95DD4560B5EF6
:107F3000AF562D5E8A56505E6556715E4056935E12
:107F40001A56B55EF555D75ED055F95EAB551A5F3A
:107F500085553C5F60555E5F3A557F5F1555A05F64
:107F6000EF54C25FCA54E35FA45404607E54266099
:107F700058544760335468600D548960E753AA60D1
:107F8000C153CB609B53EC6075530D614E532D6113
:107F900028534E6102536F61DC528F61B552B0615C
:107FA0008F52D0616952F161425211621C523162AA
:107FB000F5515162CE517162A85192628151B26203
:107FC0005A51D2623351F2620C511163E550316360
:107FD000BF50516397507163705090634950B063C4
:107FE0002250CF63FB4FEF63D44F0E64AC4F2D6430
:107FF000854F4D645E4F6C64364F8B640F4FAA649F
:10800000E74EC964BF4EE864984E0765704E26651A
:10801000484E4565214E6365F94D8265D14DA06599
:10802000A94DBF65814DDD65594DFC65314D1A6621
:10803000094D3966E14C5766B84C7566904C9366AD
:10804000684CB1663F4CCF66174CED66EF4B0B6743
:10805000C64B29679E4B4667754B64674C4B8267DE
:10806000244B9F67FB4ABD67D24ADA67A94AF76784
:10807000814A1568584A32682F4A4F68064A6C6828
:10808000DD498968B449A6688A49C3686149E068DE
:108090003849FD680F491969E6483669BC48536993
:1080A00093486F6969488C694048A8691648C46953
:1080B000ED47E169C347FD699A47196A7047356A18
:1080C0004647516A1C476D6AF346896AC946A56AE4
:1080D0009F46C16A7546DC6A4B46F86A2146136BB7
:1080E000F7452F6BCD454A6BA345666B7845816B91
:1080F0004E459C6B2445B86BFA44D36BCF44EE6B72
:10810000A544096C7A44246C50443F6C2544596C56
:10811000FB43746CD0438F6CA543A96C7B43C46C48
:108120005043DE6C2543F96CFA42136DD0422D6D3D
:10813000A542486D7A42626D4F427C6D2442966D35
:10814000F941B06DCE41CA6DA241E36D7741FD6D3D
:108150004C41176E2141306EF6404A6ECA40636E44
:108160009F407D6E7340966E4840AF6E1D40C96E55
:10817000F13FE26EC53FFB6E9A3F146F6E3F2D6F6D
:10818000433F466F173F5F6FEB3E776FBF3E906F89
:10819000933EA96F683EC16F3C3EDA6F103EF26FAE
:1081A000E43D0A70B83D23708C3D3B70603D5370D8
:1081B000333D6B70073D8370DB3C9B70AF3CB3700D
:1081C000833CCB70563CE2702A3CFA70FD3B127146
:1081D000D13B2971A53B4171783B58714C3B6F7184
:1081E0001F3B8671F23A9E71C63AB571993ACC71CD
:1081F0006C3AE371403AFA71133A1172E639277218
:10820000B9393E728C3955725F396B72323982726C
:1082100006399872D838AF72AB38C5727E38DB72C7
:108220005138F17224380773F7371D73CA37337327
:108230009C3749736F375F734237757314378A738E
:10824000E736A073BA36B5738C36CB735F36E073FE
:108250003136F67304360B74D6352074A835357470
:108260007B354A744D355F741F357474F2348974EC
:10827000C4349E749634B2746834C7743A34DB7470
:108280000C34F074DE330475B033197582332D75F8
:108290005433417526335575F8326975CA327D7588
:1082A0009C3291756E32A5754032B9751132CC751C
:1082B000E331E075B531F4758631077658311B76B8
:1082C0002A312E76FB304176CD3054769E3068765A
:1082D00070307B7641308E761330A076E42FB37603
:1082E000B52FC676872FD976582FEB76292FFE76B5
:1082F000FB2E1077CC2E23779D2E35776E2E477769
:108300003F2E5A77112E6C77E22D7E77B32D907722
:10831000842DA277552DB477262DC577F72CD777E6
:10832000C82CE977982CFA77692C0C783A2C1D78B0
:108330000B2C2E78DC2B4078AD2B51787D2B62787E
:108340004E2B73781F2B8478EF2A9578C02AA67855
:10835000912AB678612AC778322AD878022AE87832
:10836000D329F978A32909797429197944292A7913
:1083700015293A79E5284A79B5285A7986286A79FB
:1083800056287A7926288A79F6279979C727A979EC
:108390009727B9796727C8793727D8790727E779E1
:1083A000D826F679A826057A7826157A4826247ADA
:1083B0001826337AE825427AB825507A88255F7ADC
:1083C00058256E7A28257D7AF7248B7AC7249A7AE5
:1083D0009724A87A6724B67A3724C57A0724D37AF3
:1083E000D623E17AA623EF7A7623FD7A45230B7B09
:1083F0001523197BE522267BB422347B8422427B21
:1084000054224F7B23225D7BF3216A7BC221777B41
:108410009221847B6121927B31219F7B0021AC7B67
:10842000D020B97B9F20C57B6E20D27B3E20DF7B96
:108430000D20EB7BDC1FF87BAC1F057C7B1F117CC8
:108440004A1F1D7C191F297CE91E367CB81E427C00
:10845000871E4E7C561E5A7C251E667CF51D717C3F
:10846000C41D7D7C931D897C621D947C311DA07C84
:10847000001DAB7CCF1CB77C9E1CC27C6D1CCD7CD0
:108480003C1CD87C0B1CE37CDA1BEE7CA91BF97C22
:10849000781B047D471B0F7D161B197DE41A247D74
:1084A000B31A2F7D821A397D511A437D201A4E7DD1
:1084B000EF19587DBD19627D8C196C7D5B19767D35
:1084C0002A19807DF8188A7DC718947D96189D7D9D
:1084D0006418A77D3318B07D0218BA7DD017C37D0C
:1084E0009F17CD7D6D17D67D3C17DF7D0A17E87D80
:1084F000D916F17DA816FA7D7616037E45160C7EF8
:108500001316147EE2151D7EB015267E7F152E7E75
:108510004D15377E1B153F7EEA14477EB8144F7EFB
:108520008714577E55145F7E2314677EF2136F7E87
:10853000C013777E8E137F7E5D13867E2B138E7E17
:10854000F912957EC8129D7E9612A47E6412AB7EAF
:108550003212B37E0112BA7ECF11C17E9D11C87E48
:108560006B11CF7E3911D57E0811DC7ED610E37EEB
:10857000A410E97E7210F07E4010F67E0E10FD7E93
:10858000DD0F037FAB0F097F790F0F7F470F157F3B
:10859000150F1B7FE30E217FB10E277F7F0E2D7FEE
:1085A0004D0E327F1B0E387FE90D3D7FB70D437FA7
:1085B000850D487F530D4D7F210D537FEF0C587F64
:1085C000BD0C5D7F8B0C627F590C677F270C6B7F26
:1085D000F50B707FC30B757F910B797F5F0B7E7FEF
:1085E0002D0B827FFB0A877FC90A8B7F970A8F7FBB
:1085F000650A937F330A977F000A9B7FCE099F7F8E
:108600009C09A37F6A09A77F3809AA7F0609AE7F64
:10861000D408B17FA208B57F6F08B87F3D08BC7F42
:108620000B08BF7FD907C27FA707C57F7507C87F23
:108630004207CB7F1007CE7FDE06D07FAC06D37F0C
:108640007A06D67F4706D87F1506DA7FE305DD7FF9
:10865000B105DF7F7F05E17F4C05E37F1A05E57FEC
:10866000E804E77FB604E97F8304EB7F5104ED7FE4
:108670001F04EE7FED03F07FBA03F27F8803F37FE0
:108680005603F47F2403F67FF102F77FBF02F87FE1
:108690008D02F97F5B02FA7F2802FB7FF601FC7FE7
:1086A000C401FC7F9201FD7F5F01FE7F2D01FE7FF3
:1086B000FB00FF7FC900FF7F9600FF7F6400FF7F04
:1086C0003200FF7F0000FF7FCDFFFF7F9BFFFF7F1A
:1086D00069FFFF7F36FFFF7F04FFFF7FD2FEFE7F33
:1086E000A0FEFE7F6DFEFD7F3BFEFC7F09FEFC7F52
:1086F000D7FDFB7FA4FDFA7F72FDF97F40FDF87F77
:108700000EFDF77FDBFCF67FA9FCF47F77FCF37F9F
:1087100045FCF27F12FCF07FE0FBEE7FAEFBED7FCD
:108720007CFBEB7F49FBE97F17FBE77FE5FAE57F01
:10873000B3FAE37F80FAE17F4EFADF7F1CFADD7F38
:10874000EAF9DA7FB8F9D87F85F9D67F53F9D37F74
:1087500021F9D07FEFF8CE7FBDF8CB7F8AF8C87FB4
:1087600058F8C57F26F8C27FF4F7BF7FC2F7BC7FF9
:1087700090F7B87F5DF7B57F2BF7B17FF9F6AE7F45
:10878000C7F6AA7F95F6A77F63F6A37F31F69F7F92
:10879000FFF59B7FCCF5977F9AF5937F68F58F7FE8
:1087A00036F58B7F04F5877FD2F4827FA0F47E7F3D
:1087B0006EF4797F3CF4757F0AF4707FD8F36B7F99
:1087C000A6F3677F74F3627F42F35D7F10F3587FF7
:1087D000DEF2537FACF24D7F7AF2487F48F2437F5E
:1087E00016F23D7FE4F1387FB2F1327F80F12D7FC8
:1087F0004EF1277F1CF1217FEAF01B7FB8F0157F37
:1088000086F00F7F54F0097F22F0037FF1EFFD7EA9
:10881000BFEFF67E8DEFF07E5BEFE97E29EFE37E22
:10882000F7EEDC7EC6EED57E94EECF7E62EEC87E9D
:1088300030EEC17EFEEDBA7ECDEDB37E9BEDAB7E1C
:1088400069EDA47E37ED9D7E06ED957ED4EC8E7E9F
:10885000A2EC867E71EC7F7E3FEC777E0DEC6F7E26
:10886000DCEB677EAAEB5F7E78EB577E47EB4F7EB3
:1088700015EB477EE4EA3F7EB2EA377E80EA2E7E41
:108880004FEA267E1DEA1D7EECE9147EBAE90C7ED5
:1088900089E9037E57E9FA7D26E9F17DF5E8E87D6F
:1088A000C3E8DF7D92E8D67D60E8CD7D2FE8C37D0B
:1088B000FDE7BA7DCCE7B07D9BE7A77D69E79D7DAD
:1088C00038E7947D07E78A7DD5E6807DA4E6767D4E
:1088D00073E66C7D42E6627D10E6587DDFE54E7DF5
:1088E000AEE5437D7DE5397D4CE52F7D1BE5247D9F
:1088F000E9E4197DB8E40F7D87E4047D56E4F97C52
:1089000025E4EE7CF4E3E37CC3E3D87C92E3CD7C06
:1089100061E3C27C30E3B77CFFE2AB7CCEE2A07CBB
:108920009DE2947C6CE2897C3BE27D7C0AE2717C76
:10893000DAE1667CA9E15A7C78E14E7C47E1427C31
:1089400016E1367CE6E0297CB5E01D7C84E0117CF4
:1089500053E0057C23E0F87BF2DFEB7BC1DFDF7BBC
:1089600091DFD27B60DFC57B2FDFB97BFFDEAC7B85
:10897000CEDE9F7B9EDE927B6DDE847B3DDE777B51
:108980000CDE6A7BDCDD5D7BABDD4F7B7BDD427B20
:108990004BDD347B1ADD267BEADC197BBADC0B7BF2
:1089A00089DCFD7A59DCEF7A29DCE17AF8DBD37ACD
:1089B000C8DBC57A98DBB67A68DBA87A38DB9A7AA6
:1089C00008DB8B7AD7DA7D7AA7DA6E7A77DA5F7A84
:1089D00047DA507A17DA427AE7D9337AB7D9247A64
:1089E00087D9157A57D9057A27D9F679F8D8E7794A
:1089F000C8D8D87998D8C87968D8B97938D8A97931
:108A000009D89979D9D78A79A9D77A7979D76A791A
:108A10004AD75A791AD74A79EAD63A79BBD62A7907
:108A20008BD619795CD609792CD6F978FDD5E878FA
:108A3000CDD5D8789ED5C7786ED5B6783FD5A678EF
:108A400010D59578E0D48478B1D4737882D46278E4
:108A500052D4517823D44078F4D32E78C5D31D78DE
:108A600096D30C7867D3FA7737D3E97708D3D777DB
:108A7000D9D2C577AAD2B4777BD2A2774CD29077DD
:108A80001DD27E77EED16C77C0D15A7791D14777DE
:108A900062D1357733D1237704D11077D6D0FE76E3
:108AA000A7D0EB7678D0D9764AD0C6761BD0B376ED
:108AB000ECCFA076BECF8E768FCF7B7661CF6876F7
:108AC00032CF547604CF4176D5CE2E76A7CE1B7604
:108AD00079CE07764ACEF4751CCEE075EECDCC7516
:108AE000BFCDB97591CDA57563CD917535CD7D752A
:108AF00007CD6975D9CC5575ABCC41757DCC2D753D
:108B00004FCC197521CC0475F3CBF074C5CBDB7455
:108B100097CBC77469CBB2743BCB9E740DCB897471
:108B2000E0CA7474B2CA5F7484CA4A7457CA35748E
:108B300029CA2074FBC90B74CEC9F673A0C9E073AF
:108B400073C9CB7345C9B57318C9A073EBC88A73D1
:108B5000BDC8757390C85F7363C8497335C83373F4
:108B600008C81D73DBC70773AEC7F17281C7DB721C
:108B700054C7C57227C7AF72F9C69872CDC6827244
:108B8000A0C66B7273C6557246C63E7219C627726E
:108B9000ECC51172BFC5FA7193C5E37166C5CC719E
:108BA00039C5B5710DC59E71E0C48671B3C46F71CE
:108BB00087C458715AC441712EC4297102C41271FC
:108BC000D5C3FA70A9C3E2707CC3CB7050C3B37035
:108BD00024C39B70F8C28370CCC26B709FC2537069
:108BE00073C23B7047C223701BC20A70EFC1F26FA1
:108BF000C3C1DA6F97C1C16F6CC1A96F40C1906FDB
:108C000014C1776FE8C05F6FBCC0466F91C02D6F15
:108C100065C0146F3AC0FB6E0EC0E26EE2BFC96E53
:108C2000B7BFAF6E8CBF966E60BF7D6E35BF636E93
:108C300009BF4A6EDEBE306EB3BE176E88BEFD6DD4
:108C40005DBEE36D31BECA6D06BEB06DDBBD966D17
:108C5000B0BD7C6D85BD626D5ABD486D2FBD2D6D5B
:108C600005BD136DDABCF96CAFBCDE6C84BCC46CA2
:108C70005ABCA96C2FBC8F6C04BC746CDABB596CE9
:108C8000AFBB3F6C85BB246C5ABB096C30BBEE6B31
:108C900005BBD36BDBBAB86BB1BA9C6B87BA816B7F
:108CA0005CBA666B32BA4A6B08BA2F6BDEB9136BCB
:108CB000B4B9F86A8AB9DC6A60B9C16A36B9A56A1A
:108CC0000CB9896AE3B86D6AB9B8516A8FB8356A68
:108CD00065B8196A3CB8FD6912B8E169E9B7C469B9
:108CE000BFB7A86996B78C696CB76F6943B753690A
:108CF00019B73669F0B61969C7B6FD689EB6E0685F
:108D000075B6C3684BB6A66822B68968F9B56C68B3
:108D1000D0B54F68A7B532687EB5156856B5F76708
:108D20002DB5DA6704B5BD67DBB49F67B3B482675E
:108D30008AB4646761B4466739B4296710B40B67B5
:108D4000E8B3ED66C0B3CF6697B3B1666FB3936611
:108D500047B375661EB35766F6B23966CEB21A6669
:108D6000A6B2FC657EB2DD6556B2BF652EB2A065C7
:108D700006B28265DEB16365B7B145658FB1266520
:108D800067B1076540B1E86418B1C964F0B0AA647E
:108D9000C9B08B64A1B06C647AB04D6453B02D64DB
:108DA0002BB00E6404B0EF63DDAFCF63B6AFB0633A
:108DB0008FAF906368AF716340AF51631AAF316397
:108DC000F3AE1163CCAEF262A5AED2627EAEB262F9
:108DD00057AE926231AE71620AAE5162E3AD31625A
:108DE000BDAD116296ADF16170ADD0614AADB061BB
:108DF00023AD8F61FDAC6F61D7AC4E61B1AC2D611D
:108E00008AAC0D6164ACEC603EACCB6018ACAA607F
:108E1000F2AB8960CCAB6860A7AB476081AB2660E2
:108E20005BAB046035ABE35F10ABC25FEAAAA05F47
:108E3000C5AA7F5F9FAA5E5F7AAA3C5F54AA1A5FA9
:108E40002FAAF95E0AAAD75EE5A9B55EBFA9935E0F
:108E50009AA9715E75A9505E50A92D5E2BA90B5E73
:108E600006A9E95DE2A8C75DBDA8A55D98A8835DD8
:108E700073A8605D4FA83E5D2AA81B5D06A8F95C3B
:108E8000E1A7D65CBDA7B45C98A7915C74A76E5CA3
:108E900050A74B5C2BA7295C07A7065CE3A6E35B06
:108EA000BFA6C05B9BA69D5B77A6795B53A6565B6E
:108EB0002FA6335B0CA6105BE8A5EC5AC4A5C95AD3
:108EC000A1A5A55A7DA5825A5AA55E5A36A53B5A38
:108ED00013A5175AEFA4F359CCA4D059A9A4AC599F
:108EE00086A4885962A464593FA440591CA41C5903
:108EF000F9A3F858D6A3D458B4A3AF5891A38B586C
:108F00006EA367584BA3425829A31E5806A3F957CE
:108F1000E4A2D557C1A2B0579FA28C577CA2675735
:108F20005AA2425738A21D5716A2F956F4A1D45698
:108F3000D2A1AF56AFA18A568EA165566CA14056FC
:108F40004AA11A5628A1F55506A1D055E5A0AB5562
:108F5000C3A08555A1A0605580A03A555FA01555C6
:108F60003DA0EF541CA0CA54FB9FA454D99F7E542B
:108F7000B89F5854979F3354769F0D54559FE7538D
:108F8000349FC153139F9B53F29E7553D29E4E53F1
:108F9000B19E2853909E0253709EDC524F9EB55254
:108FA0002F9E8F520E9E6952EE9D4252CE9D1C52B4
:108FB000AE9DF5518E9DCE516D9DA8514D9D815117
:108FC0002D9D5A510D9D3351EE9C0C51CE9CE55078
:108FD000AE9CBF508E9C97506F9C70504F9C4950D8
:108FE000309C2250109CFB4FF19BD44FD29BAC4F36
:108FF000B29B854F939B5E4F749B364F559B0F4F93
:10900000369BE74E179BBF4EF89A984ED99A704EF2
:10901000BA9A484E9C9A214E7D9AF94D5F9AD14D4D
:10902000409AA94D229A814D039A594DE599314DA7
:10903000C699094DA899E14C8A99B84C6C99904C05
:109040004E99684C30993F4C1299174CF498EF4B5D
:10905000D698C64BB9989E4B9B98754B7D984C4BB8
:109060006098244B4298FB4A2598D24A0898A94A0E
:10907000EA97814ACD97584AB0972F4A9397064A64
:109080007697DD495997B4493C978A491F976149BA
:1090900002973849E6960F49C996E648AC96BC480F
:1090A0009096934873966948579640483B96164861
:1090B0001E96ED470296C347E6959A47CA957047B4
:1090C000AE95464792951C477695F3465A95C94604
:1090D0003E959F462395754607954B46EC94214651
:1090E000D094F745B594CD459994A3457E947845A1
:1090F00063944E45479424452C94FA441194CF44EC
:10910000F693A544DB937A44C0935044A693254438
:109110008B93FB437093D0435693A5433B937B4380
:109120002193504306932543EC92FA42D292D042C7
:10913000B792A5429D927A4283924F42699224420D
:109140004F92F9413592CE411C92A2410292774151
:10915000E8914C41CF912141B591F6409C91CA4094
:1091600082919F40699173405091484036911D40D3
:109170001D91F13F0491C53FEB909A3FD2906E3F15
:10918000B990433FA090173F8890EB3E6F90BF3E51
:109190005690933E3E90683E25903C3E0D90103E8A
:1091A000F58FE43DDC8FB83DC48F8C3DAC8F603DC6
:1091B000948F333D7C8F073D648FDB3C4C8FAF3CFD
:1091C000348F833C1D8F563C058F2A3CED8EFD3B32
:1091D000D68ED13BBE8EA53BA78E783B908E4C3B66
:1091E000798E1F3B618EF23A4A8EC63A338E993A97
:1091F0001C8E6C3A058E403AEE8D133AD88DE639C6
:10920000C18DB939AA8D8C39948D5F397D8D3239F4
:10921000678D0639508DD8383A8DAB38248D7E381D
:109220000E8D5138F88C2438E28CF737CC8CCA3745
:10923000B68C9C37A08C6F378A8C4237758C14376C
:109240005F8CE7364A8CBA36348C8C361F8C5F368E
:10925000098C3136F48B0436DF8BD635CA8BA835B2
:10926000B58B7B35A08B4D358B8B1F35768BF234D0
:10927000618BC4344D8B9634388B6834248B3A34EC
:109280000F8B0C34FB8ADE33E68AB033D28A82330A
:10929000BE8A5433AA8A2633968AF832828ACA3220
:1092A0006E8A9C325A8A6E32468A4032338A113232
:1092B0001F8AE3310B8AB531F8898631E489583148
:1092C000D1892A31BE89FB30AB89CD3097899E3058
:1092D00084897030718941305F8913304C89E42F63
:1092E0003989B52F2689872F1489582F0189292F6D
:1092F000EF88FB2EDC88CC2ECA889D2EB8886E2E77
:10930000A5883F2E9388112E8188E22D6F88B32D7A
:109310005D88842D4B88552D3A88262D2888F72C7A
:109320001688C82C0588982CF387692CE2873A2C7C
:10933000D1870B2CBF87DC2BAE87AD2B9D877D2B78
:109340008C874E2B7B871F2B6A87EF2A5987C02A71
:109350004987912A3887612A2787322A1787022A64
:109360000687D329F686A329E6867429D58644295B
:10937000C5861529B586E528A586B528958686284B
:1093800085865628758626286686F6275686C72738
:109390004686972737866727278637271886072721
:1093A0000986D826FA85A826EA857826DB85482608
:1093B000CC851826BD85E825AF85B825A0858825EC
:1093C00091855825828528257485F7246585C724CD
:1093D00057859724498567243A8537242C850724A7
:1093E0001E85D6231085A62302857623F484452383
:1093F000E6841523D984E522CB84B422BD8484225B
:10940000B0845422A28423229584F3218884C2212B
:109410007B8492216D8461216084312153840021F9
:109420004684D0203A849F202D846E2020843E20C4
:1094300014840D200784DC1FFA83AC1FEE837B1F8E
:10944000E2834A1FD683191FC983E91EBD83B81E54
:10945000B183871EA583561E9983251E8E83F51D15
:109460008283C41D7683931D6B83621D5F83311DD0
:109470005483001D4883CF1C3D839E1C32836D1C8A
:1094800027833C1C1C830B1C1183DA1B0683A91B3E
:10949000FB82781BF082471BE682161BDB82E41AF4
:1094A000D082B31AC682821ABC82511AB182201AA3
:1094B000A782EF199D82BD1993828C1989825B194D
:1094C0007F822A197582F8186B82C71862829618F3
:1094D000588264184F823318458202183C82D01794
:1094E00032829F1729826D1720823C1717820A1734
:1094F0000E82D9160582A816FC817616F3814516D0
:10950000EB811316E281E215D981B015D1817F1567
:10951000C8814D15C0811B15B881EA14B081B814FB
:10952000A8818714A0815514988123149081F21387
:109530008881C01380818E1379815D1371812B1313
:109540006A81F9126281C8125B8196125481641299
:109550004C813212458101123E81CF1137819D111C
:1095600030816B112A813911238108111C81D61099
:109570001681A4100F8172100981401002810E1013
:10958000FC80DD0FF680AB0FF080790FEA80470F8B
:10959000E480150FDE80E30ED880B10ED2807F0EFE
:1095A000CD804D0EC7801B0EC280E90DBC80B70D6B
:1095B000B780850DB280530DAC80210DA780EF0CD4
:1095C000A280BD0C9D808B0C9880590C9480270C38
:1095D0008F80F50B8A80C30B8680910B81805F0B97
:1095E0007D802D0B7880FB0A7480C90A7080970AF1
:1095F0006C80650A6880330A6480000A6080CE0946
:109600005C809C0958806A09558038095180060998
:109610004E80D4084A80A20847806F0843803D08E6
:1096200040800B083D80D9073A80A707378075072F
:1096300034804207318010072F80DE062C80AC0674
:1096400029807A0627804706258015062280E305B3
:109650002080B1051E807F051C804C051A801A05EC
:109660001880E8041680B604148083041280510424
:1096700011801F040F80ED030D80BA030C80880356
:109680000B805603098024030880F1020780BF0283
:1096900006808D0205805B02048028020380F601AB
:1096A0000380C4010280920101805F0101802D01CD
:1096B0000080FB000080C9000080960000806400EC
:1096C00000803200008000000080CDFF00809BFF02
:1096D000008069FF008036FF008004FF0180D2FE19
:1096E0000180A0FE02806DFE03803BFE038009FE28
:1096F0000480D7FD0580A4FD068072FD078040FD33
:1097000008800EFD0980DBFC0B80A9FC0C8077FC37
:109710000D8045FC0F8012FC1180E0FB1280AEFB37
:1097200014807CFB168049FB188017FB1A80E5FA31
:109730001C80B3FA1E8080FA20804EFA22801CFA28
:109740002580EAF92780B8F9298085F92C8053F91A
:109750002F8021F93180EFF83480BDF837808AF806
:109760003A8058F83D8026F84080F4F74380C2F7ED
:10977000478090F74A805DF74E802BF75180F9F6CD
:109780005580C7F6588095F65C8063F6608031F6A8
:109790006480FFF56880CCF56C809AF5708068F580
:1097A000748036F5788004F57D80D2F48180A0F451
:1097B00086806EF48A803CF48F800AF49480D8F31B
:1097C0009880A6F39D8074F3A28042F3A78010F3E3
:1097D000AC80DEF2B280ACF2B7807AF2BC8048F2A4
:1097E000C28016F2C780E4F1CD80B2F1D28080F160
:1097F000D8804EF1DE801CF1E480EAF0EA80B8F017
:10980000F08086F0F68054F0FC8022F00281F1EFC7
:109810000981BFEF0F818DEF16815BEF1C8129EF6E
:109820002381F7EE2A81C6EE308194EE378162EE15
:109830003E8130EE4581FEED4C81CDED54819BEDB6
:109840005B8169ED628137ED6A8106ED7181D4EC4F
:109850007981A2EC808171EC88813FEC90810DECE4
:109860009881DCEBA081AAEBA88178EBB08147EB73
:10987000B88115EBC081E4EAC881B2EAD18180EAFF
:10988000D9814FEAE2811DEAEB81ECE9F381BAE983
:10989000FC8189E9058257E90E8226E91782F5E8FD
:1098A0002082C3E8298292E8328260E83C822FE875
:1098B0004582FDE74F82CCE758829BE7628269E7E9
:1098C0006B8238E7758207E77F82D5E68982A4E656
:1098D000938273E69D8242E6A78210E6B182DFE5BD
:1098E000BC82AEE5C6827DE5D0824CE5DB821BE51D
:1098F000E682E9E4F082B8E4FB8287E4068356E47A
:10990000118325E41C83F4E32783C3E3328392E3CA
:109910003D8361E3488330E35483FFE25F83CEE21B
:109920006B839DE276836CE282833BE28E830AE264
:109930009983DAE1A583A9E1B18378E1BD8347E1A9
:10994000C98316E1D683E6E0E283B5E0EE8384E0E6
:10995000FA8353E0078423E01484F2DF2084C1DF1C
:109960002D8491DF3A8460DF46842FDF5384FFDE4D
:109970006084CEDE6D849EDE7B846DDE88843DDE79
:1099800095840CDEA284DCDDB084ABDDBD847BDDA0
:10999000CB844BDDD9841ADDE684EADCF484BADCBE
:1099A000028589DC108559DC1E8529DC2C85F8DBD5
:1099B0003A85C8DB498598DB578568DB658538DBE8
:1099C000748508DB8285D7DA9185A7DAA08577DAF6
:1099D000AF8547DABD8517DACC85E7D9DB85B7D9FE
:1099E000EA8587D9FA8557D9098627D91886F8D8FC
:1099F0002786C8D8378698D8468668D8568638D8F5
:109A0000668609D87586D9D78586A9D7958679D7E8
:109A1000A5864AD7B5861AD7C586EAD6D586BBD6D7
:109A2000E6868BD6F6865CD606872CD61787FDD5BC
:109A30002787CDD538879ED549876ED559873FD59D
:109A40006A8710D57B87E0D48C87B1D49D8782D478
:109A5000AE8752D4BF8723D4D187F4D3E287C5D34E
:109A6000F38796D3058867D3168837D3288808D319
:109A70003A88D9D24B88AAD25D887BD26F884CD2E3
:109A800081881DD29388EED1A588C0D1B88891D1A4
:109A9000CA8862D1DC8833D1EF8804D10189D6D05D
:109AA0001489A7D0268978D039894AD04C891BD00F
:109AB0005F89ECCF7189BECF84898FCF978961CFC1
:109AC000AB8932CFBE8904CFD189D5CEE489A7CE68
:109AD000F88979CE0B8A4ACE1F8A1CCE338AEECD06
:109AE000468ABFCD5A8A91CD6E8A63CD828A35CDA2
:109AF000968A07CDAA8AD9CCBE8AABCCD28A7DCC35
:109B0000E68A4FCCFB8A21CC0F8BF3CB248BC5CBC1
:109B1000388B97CB4D8B69CB618B3BCB768B0DCB49
:109B20008B8BE0CAA08BB2CAB58B84CACA8B57CACA
:109B3000DF8B29CAF48BFBC9098CCEC91F8CA0C945
:109B4000348C73C94A8C45C95F8C18C9758CEBC8B5
:109B50008A8CBDC8A08C90C8B68C63C8CC8C35C824
:109B6000E28C08C8F88CDBC70E8DAEC7248D81C788
:109B70003A8D54C7508D27C7678DF9C67D8DCDC6E8
:109B8000948DA0C6AA8D73C6C18D46C6D88D19C640
:109B9000EE8DECC5058EBFC51C8E93C5338E66C594
:109BA0004A8E39C5618E0DC5798EE0C4908EB3C4DE
:109BB000A78E87C4BE8E5AC4D68E2EC4ED8E02C424
:109BC000058FD5C31D8FA9C3348F7CC34C8F50C361
:109BD000648F24C37C8FF8C2948FCCC2AC8F9FC299
:109BE000C48F73C2DC8F47C2F58F1BC20D90EFC1CB
:109BF0002590C3C13E9097C156906CC16F9040C1F3
:109C0000889014C1A090E8C0B990BCC0D29091C017
:109C1000EB9065C004913AC01D910EC03691E2BF31
:109C20005091B7BF69918CBF829160BF9C9135BF45
:109C3000B59109BFCF91DEBEE891B3BE029288BE56
:109C40001C925DBE359231BE4F9206BE6992DBBD5D
:109C50008392B0BD9D9285BDB7925ABDD2922FBD61
:109C6000EC9205BD0693DABC2193AFBC3B9384BC58
:109C700056935ABC70932FBC8B9304BCA693DABB4B
:109C8000C093AFBBDB9385BBF6935ABB119430BB3B
:109C90002C9405BB4794DBBA6394B1BA7E9487BA1F
:109CA00099945CBAB59432BAD09408BAEC94DEB9FF
:109CB0000795B4B923958AB93E9560B95A9536B9D6
:109CC00076950CB99295E3B8AE95B9B8CA958FB8A8
:109CD000E69565B802963CB81E9612B83B96E9B771
:109CE0005796BFB7739696B790966CB7AC9643B736
:109CF000C99619B7E696F0B60297C7B61F979EB6F3
:109D00003C9775B659974BB6769722B69397F9B5A7
:109D1000B097D0B5CD97A7B5EA977EB5089856B558
:109D200025982DB5429804B56098DBB47D98B3B4FE
:109D30009B988AB4B99861B4D69839B4F49810B4A1
:109D40001299E8B33099C0B34E9997B36C996FB339
:109D50008A9947B3A8991EB3C699F6B2E599CEB2CF
:109D6000039AA6B2229A7EB2409A56B25F9A2EB257
:109D70007D9A06B29C9ADEB1BA9AB7B1D99A8FB1E0
:109D8000F89A67B1179B40B1369B18B1559BF0B05C
:109D9000749BC9B0939BA1B0B29B7AB0D29B53B0D5
:109DA000F19B2BB0109C04B0309CDDAF4F9CB6AF44
:109DB0006F9C8FAF8E9C68AFAE9C40AFCE9C1AAFAD
:109DC000EE9CF3AE0D9DCCAE2D9DA5AE4D9D7EAE11
:109DD0006D9D57AE8E9D31AEAE9D0AAECE9DE3AD6C
:109DE000EE9DBDAD0E9E96AD2F9E70AD4F9E4AADC1
:109DF000709E23AD909EFDACB19ED7ACD29EB1AC0F
:109E0000F29E8AAC139F64AC349F3EAC559F18AC55
:109E1000769FF2AB979FCCABB89FA7ABD99F81AB96
:109E2000FB9F5BAB1CA035AB3DA010AB5FA0EAAACB
:109E300080A0C5AAA1A09FAAC3A07AAAE5A054AAFF
:109E400006A12FAA28A10AAA4AA1E5A96CA1BFA927
:109E50008EA19AA9AFA175A9D2A150A9F4A12BA94D
:109E600016A206A938A2E2A85AA2BDA87CA298A868
:109E70009FA273A8C1A24FA8E4A22AA806A306A87D
:109E800029A3E1A74BA3BDA76EA398A791A374A78D
:109E9000B4A350A7D6A32BA7F9A307A71CA4E3A696
:109EA0003FA4BFA662A49BA686A477A6A9A453A696
:109EB000CCA42FA6EFA40CA613A5E8A536A5C4A58F
:109EC0005AA5A1A57DA57DA5A1A55AA5C4A536A580
:109ED000E8A513A50CA6EFA42FA6CCA453A6A9A46D
:109EE00077A686A49BA662A4BFA63FA4E3A61CA453
:109EF00007A7F9A32BA7D6A350A7B4A374A791A330
:109F000098A76EA3BDA74BA3E1A729A306A806A304
:109F10002AA8E4A24FA8C1A273A89FA298A87CA2D5
:109F2000BDA85AA2E2A838A206A916A22BA9F4A19C
:109F300050A9D2A175A9AFA19AA98EA1BFA96CA160
:109F4000E5A94AA10AAA28A12FAA06A154AAE5A018
:109F50007AAAC3A09FAAA1A0C5AA80A0EAAA5FA0CE
:109F600010AB3DA035AB1CA05BABFB9F81ABD99F79
:109F7000A7ABB89FCCAB979FF2AB769F18AC559F21
:109F80003EAC349F64AC139F8AACF29EB1ACD29EBF
:109F9000D7ACB19EFDAC909E23AD709E4AAD4F9E56
:109FA00070AD2F9E96AD0E9EBDADEE9DE3ADCE9DE8
:109FB0000AAEAE9D31AE8E9D57AE6D9D7EAE4D9D6F
:109FC000A5AE2D9DCCAE0D9DF3AEEE9C1AAFCE9CF2
:109FD00040AFAE9C68AF8E9C8FAF6F9CB6AF4F9C6E
:109FE000DDAF309C04B0109C2BB0F19B53B0D29BE2
:109FF0007AB0B29BA1B0939BC9B0749BF0B0559B53
:10A0000018B1369B40B1179B67B1F89A8FB1D99AB6
:10A01000B7B1BA9ADEB19C9A06B27D9A2EB25F9A17
:10A0200056B2409A7EB2229AA6B2039ACEB2E5996F
:10A03000F6B2C6991EB3A89947B38A996FB36C99C3
:10A0400097B34E99C0B33099E8B3129910B4F4980D
:10A0500039B4D69861B4B9988AB49B98B3B47D9852
:10A06000DBB4609804B542982DB5259856B508988C
:10A070007EB5EA97A7B5CD97D0B5B097F9B59397C8
:10A0800022B676974BB6599775B63C979EB61F97F2
:10A09000C7B60297F0B6E69619B7C99643B7AC961D
:10A0A0006CB7909696B77396BFB75796E9B73B963D
:10A0B00012B81E963CB8029665B8E6958FB8CA9558
:10A0C000B9B8AE95E3B892950CB9769536B95A956C
:10A0D00060B93E958AB92395B4B90795DEB9EC9479
:10A0E00008BAD09432BAB5945CBA999487BA7E947F
:10A0F000B1BA6394DBBA479405BB2C9430BB11947E
:10A100005ABBF69385BBDB93AFBBC093DABBA69378
:10A1100004BC8B932FBC70935ABC569384BC3B9366
:10A12000AFBC2193DABC069305BDEC922FBDD29251
:10A130005ABDB79285BD9D92B0BD8392DBBD699239
:10A1400006BE4F9231BE35925DBE1C9288BE029211
:10A15000B3BEE891DEBECF9109BFB59135BF9C91EA
:10A1600060BF82918CBF6991B7BF5091E2BF3691B9
:10A170000EC01D913AC0049165C0EB9091C0D29081
:10A18000BCC0B990E8C0A09014C1889040C16F9045
:10A190006CC1569097C13E90C3C12590EFC10D9000
:10A1A0001BC2F58F47C2DC8F73C2C48F9FC2AC8FB6
:10A1B000CCC2948FF8C27C8F24C3648F50C34C8F61
:10A1C0007CC3348FA9C31D8FD5C3058F02C4ED8E08
:10A1D0002EC4D68E5AC4BE8E87C4A78EB3C4908EAA
:10A1E000E0C4798E0DC5618E39C54A8E66C5338E41
:10A1F00093C51C8EBFC5058EECC5EE8D19C6D88DD6
:10A2000046C6C18D73C6AA8DA0C6948DCDC67D8D60
:10A21000F9C6678D27C7508D54C73A8D81C7248DE5
:10A22000AEC70E8DDBC7F88C08C8E28C35C8CC8C65
:10A2300063C8B68C90C8A08CBDC88A8CEBC8758CDE
:10A2400018C95F8C45C94A8C73C9348CA0C91F8C4E
:10A25000CEC9098CFBC9F48B29CADF8B57CACA8BBC
:10A2600084CAB58BB2CAA08BE0CA8B8B0DCB768B20
:10A270003BCB618B69CB4D8B97CB388BC5CB248B7C
:10A28000F3CB0F8B21CCFB8A4FCCE68A7DCCD28AD4
:10A29000ABCCBE8AD9CCAA8A07CD968A35CD828A24
:10A2A00063CD6E8A91CD5A8ABFCD468AEECD338A70
:10A2B0001CCE1F8A4ACE0B8A79CEF889A7CEE489B4
:10A2C000D5CED18904CFBE8932CFAB8961CF9789F2
:10A2D0008FCF8489BECF7189ECCF5F891BD04C8929
:10A2E0004AD0398978D02689A7D01489D6D0018957
:10A2F00004D1EF8833D1DC8862D1CA8891D1B88883
:10A30000C0D1A588EED193881DD281884CD26F88A8
:10A310007BD25D88AAD24B88D9D23A8808D32888C4
:10A3200037D3168867D3058896D3F387C5D3E287DA
:10A33000F4D3D18723D4BF8752D4AE8782D49D87EC
:10A34000B1D48C87E0D47B8710D56A873FD55987F5
:10A350006ED549879ED53887CDD52787FDD51787F8
:10A360002CD606875CD6F6868BD6E686BBD6D586F7
:10A37000EAD6C5861AD7B5864AD7A58679D79586EF
:10A38000A9D78586D9D7758609D8668638D85686DE
:10A3900068D8468698D83786C8D82786F8D81886C9
:10A3A00027D9098657D9FA8587D9EA85B7D9DB85B0
:10A3B000E7D9CC8517DABD8547DAAF8577DAA0858E
:10A3C000A7DA9185D7DA828508DB748538DB658565
:10A3D00068DB578598DB4985C8DB3A85F8DB2C8537
:10A3E00029DC1E8559DC108589DC0285BADCF48401
:10A3F000EADCE6841ADDD9844BDDCB847BDDBD84C9
:10A40000ABDDB084DCDDA2840CDE95843DDE888487
:10A410006DDE7B849EDE6D84CEDE6084FFDE538441
:10A420002FDF468460DF3A8491DF2D84C1DF2084F2
:10A43000F2DF148423E0078453E0FA8384E0EE83A0
:10A44000B5E0E283E6E0D68316E1C98347E1BD8348
:10A4500078E1B183A9E1A583DAE199830AE28E83E9
:10A460003BE282836CE276839DE26B83CEE25F8384
:10A47000FFE2548330E3488361E33D8392E3328318
:10A48000C3E32783F4E31C8325E4118356E40683A6
:10A4900087E4FB82B8E4F082E9E4E6821BE5DB8234
:10A4A0004CE5D0827DE5C682AEE5BC82DFE5B182B7
:10A4B00010E6A78242E69D8273E69382A4E6898233
:10A4C000D5E67F8207E7758238E76B8269E76282AB
:10A4D0009BE75882CCE74F82FDE745822FE83C821C
:10A4E00060E8328292E82982C3E82082F5E8178288
:10A4F00026E90E8257E9058289E9FC81BAE9F381F0
:10A50000ECE9EB811DEAE2814FEAD98180EAD18151
:10A51000B2EAC881E4EAC08115EBB88147EBB081AB
:10A5200078EBA881AAEBA081DCEB98810DEC9081FF
:10A530003FEC888171EC8081A2EC7981D4EC71814F
:10A5400006ED6A8137ED628169ED5B819BED548197
:10A55000CDED4C81FEED458130EE3E8162EE3781DE
:10A5600094EE3081C6EE2A81F7EE238129EF1C811B
:10A570005BEF16818DEF0F81BFEF0981F1EF028153
:10A5800022F0FC8054F0F68086F0F080B8F0EA808B
:10A59000EAF0E4801CF1DE804EF1D88080F1D280B8
:10A5A000B2F1CD80E4F1C78016F2C28048F2BC80DF
:10A5B0007AF2B780ACF2B280DEF2AC8010F3A78002
:10A5C00042F3A28074F39D80A6F39880D8F3948020
:10A5D0000AF48F803CF48A806EF48680A0F4818037
:10A5E000D2F47D8004F5788036F5748068F570804B
:10A5F0009AF56C80CCF56880FFF5648031F6608058
:10A6000063F65C8095F65880C7F65580F9F6518060
:10A610002BF74E805DF74A8090F74780C2F7438062
:10A62000F4F7408026F83D8058F83A808AF8378061
:10A63000BDF83480EFF8318021F92F8053F92C8058
:10A6400085F92980B8F92780EAF925801CFA22804B
:10A650004EFA208080FA1E80B3FA1C80E5FA1A8038
:10A6600017FB188049FB16807CFB1480AEFB128020
:10A67000E0FB118012FC0F8045FC0D8077FC0C8004
:10A68000A9FC0B80DBFC09800EFD088040FD0780E3
:10A6900072FD0680A4FD0580D7FD048009FE0380BD
:10A6A0003BFE03806DFE0280A0FE0180D2FE018091
:10A6B00004FF008036FF008069FF00809BFF008060
:10A6C000CDFF0080FF7F0000FD7F9201F67F240315
:10A6D000E97FB604D87F4706C27FD907A77F6A09FA
:10A6E000877FFB0A627F8B0C387F1B0E097FAB0FC5
:10A6F000D57E39119D7EC8125F7E55141D7EE215F0
:10A70000D67D6D178A7DF818397D821AE37C0B1C83
:10A71000897C931D297C191FC57B9F205D7B23228B
:10A72000EF7AA6237D7A2825057AA8268A79262815
:10A730000979A32984781F2BFA77982C6C77112E2E
:10A74000D976872F4176FB30A5756E320475DE33DE
:10A750005F744D35B573BA360773243855728C392A
:10A760009E71F23AE270563C2370B83D5F6F173F1E
:10A77000966E7340CA6DCE41F96C2543246C7A44C1
:10A780004A6BCD456D6A1C478C696948A668B44917
:10A79000BD67FB4ACF663F4CDD65814DE864BF4E27
:10A7A000EF63FB4FF2623351F1616952EC609B53EE
:10A7B000E35FCA54D75EF555C75D1D57B45C425878
:10A7C0009D5B6459825A825A64599D5B4258B45CBD
:10A7D0001D57C75DF555D75ECA54E35F9B53EC60C8
:10A7E0006952F1613351F262FB4FEF63BF4EE8648F
:10A7F000814DDD653F4CCF66FB4ABD67B449A66815
:10A8000069488C691C476D6ACD454A6B7A44246C53
:10A810002543F96CCE41CA6D7340966E173F5F6F4A
:10A82000B83D2370563CE270F23A9E718C395572F5
:10A8300024380773BA36B5734D355F74DE3304754B
:10A840006E32A575FB304176872FD976112E6C7745
:10A85000982CFA771F2B8478A329097926288A79DE
:10A86000A826057A28257D7AA623EF7A23225D7B08
:10A870009F20C57B191F297C931D897C0B1CE37CC1
:10A88000821A397DF8188A7D6D17D67DE2151D7EF6
:10A8900055145F7EC8129D7E3911D57EAB0F097F9E
:10A8A0001B0E387F8B0C627FFB0A877F6A09A77FAC
:10A8B000D907C27F4706D87FB604E97F2403F67F15
:10A8C0009201FD7F0000FF7F6DFEFD7FDBFCF67FC8
:10A8D00049FBE97FB8F9D87F26F8C27F95F6A77FB4
:10A8E00004F5877F74F3627FE4F1387F54F0097FC9
:10A8F000C6EED57E37ED9D7EAAEB5F7E1DEA1D7EFE
:10A9000092E8D67D07E78A7D7DE5397DF4E3E37C37
:10A910006CE2897CE6E0297C60DFC57BDCDD5D7B69
:10A9200059DCEF7AD7DA7D7A57D9057AD9D78A797F
:10A930005CD60979E0D4847867D3FA77EED16C7766
:10A9400078D0D97604CF417691CDA57521CC047508
:10A95000B2CA5F7445C9B573DBC7077373C6557256
:10A960000DC59E71A9C3E27047C22370E8C05F6F36
:10A970008CBF966E31BECA6DDABCF96C85BB246C97
:10A9800032BA4A6BE3B86D6A96B78C694BB6A66863
:10A9900004B5BD67C0B3CF667EB2DD6540B1E86483
:10A9A00004B0EF63CCAEF26296ADF16164ACEC60E2
:10A9B00035ABE35F0AAAD75EE2A8C75DBDA7B45C6A
:10A9C0009BA69D5B7DA5825A62A464594BA3425805
:10A9D00038A21D5728A1F5551CA0CA54139F9B539C
:10A9E0000E9E69520D9D3351109CFB4F179BBF4E1D
:10A9F000229A814D30993F4C4298FB4A5997B4496D
:10AA00007396694892951C47B594CD45DB937A447B
:10AA1000069325433592CE4169917340A090173F2C
:10AA2000DC8FB83D1D8F563C618EF23AAA8D8C3971
:10AA3000F88C24384A8CBA36A08B4D35FB8ADE332D
:10AA40005A8A6E32BE89FB302689872F9388112E51
:10AA50000588982C7B871F2BF686A32975862628C8
:10AA6000FA85A826828528251085A623A28423227C
:10AA70003A849F20D683191F7683931D1C830B1C59
:10AA8000C682821A7582F81829826D17E281E21552
:10AA9000A08155146281C8122A813911F680AB0F4A
:10AAA000C7801B0E9D808B0C7880FB0A58806A093A
:10AAB0003D80D907278047061680B6040980240305
:10AAC000028092010080000002806DFE0980DBFCA4
:10AAD000168049FB2780B8F93D8026F8588095F606
:10AAE000788004F59D8074F3C780E4F1F68054F01B
:10AAF0002A81C6EE628137EDA081AAEBE2811DEAD0
:10AB0000298292E8758207E7C6827DE51C83F4E31B
:10AB100076836CE2D683E6E03A8460DFA284DCDDF3
:10AB2000108559DC8285D7DAFA8557D97586D9D749
:10AB3000F6865CD67B87E0D4058867D39388EED110
:10AB4000268978D0BE8904CF5A8A91CDFB8A21CC40
:10AB5000A08BB2CA4A8C45C9F88CDBC7AA8D73C6D4
:10AB6000618E0DC51D8FA9C3DC8F47C2A090E8C0C0
:10AB700069918CBF359231BE0693DABCDB9385BBFD
:10AB8000B59432BA9295E3B8739696B759974BB687
:10AB9000429804B53099C0B3229A7EB2179B40B157
:10ABA000109C04B00D9DCCAE0E9E96AD139F64AC70
:10ABB0001CA035AB28A10AAA38A2E2A84BA3BDA7C6
:10ABC00062A49BA67DA57DA59BA662A4BDA74BA361
:10ABD000E2A838A20AAA28A135AB1CA064AC139F36
:10ABE00096AD0E9ECCAE0D9D04B0109C40B1179B4F
:10ABF0007EB2229AC0B3309904B542984BB65997A9
:10AC000096B77396E3B8929532BAB59485BBDB9349
:10AC1000DABC069331BE35928CBF6991E8C0A09032
:10AC200047C2DC8FA9C31D8F0DC5618E73C6AA8D67
:10AC3000DBC7F88C45C94A8CB2CAA08B21CCFB8AF1
:10AC400091CD5A8A04CFBE8978D02689EED19388D7
:10AC500067D30588E0D47B875CD6F686D9D775861E
:10AC600057D9FA85D7DA828559DC1085DCDDA284D4
:10AC700060DF3A84E6E0D6836CE27683F4E31C83FB
:10AC80007DE5C68207E7758292E829821DEAE281A6
:10AC9000AAEBA08137ED6281C6EE2A8154F0F680DE
:10ACA000E4F1C78074F39D8004F5788095F65880B0
:10ACB00026F83D80B8F9278049FB1680DBFC098027
:10ACC0006DFE0280FF7F0000627F8B0C8A7DF8188A
:10ACD0007D7A28254176FB30E270563C6D6A1C4730
:10ACE000F2623351825A825A3351F2621C476D6AC2
:10ACF000563CE270FB30417628257D7AF8188A7D33
:10AD00008B0C627F0000FF7F74F3627F07E78A7D10
:10AD1000D7DA7D7A04CF4176A9C3E270E3B86D6AD1
:10AD2000CCAEF2627DA5825A0D9D335192951C479F
:10AD30001D8F563CBE89FB30828528257582F81808
:10AD40009D808B0C008000009D8074F3758207E766
:10AD50008285D7DABE8904CF1D8FA9C39295E3B847
:10AD60000D9DCCAE7DA57DA5CCAE0D9DE3B8929595
:10AD7000A9C31D8F04CFBE89D7DA828507E7758204
:10AD800074F39D8000040000B44D0108388700086A
:10AD9000E003000080000000B4590108F88E0008AC
:10ADA0007000000010000000345B0108D88F00081C
:10ADB0000C00000000080000645B0108F08F000830
:10ADC000C00700000001000064730108709F0008C4
:10ADD000F0000000200000006476010850A1000887
:10ADE0001800000000100000C476010880A10008CF
:10ADF000C00F000000020000C4A6010800C1000846
:10AE0000E001000040000000C4AC0108C0C400081C
:10AE10003800000004020800001010100410101088
:10AE200002101010080000004E6F74207468652036
:10AE300073616D6520696E20706F736974696F6EE0
:10AE40002025640D0A00000057656C636F6D652056
:10AE5000746F2074686520445350207465737420A7
:10AE60006170706C69636174696F6E210D00000020
:10AE70004C6F6164696E67207361766564206461FC
:10AE800074612E2E2E0D000052756E6E696E672055
:10AE90004453502E2E2E0D00466978656420706F45
:10AEA000696E7420696D706C656D656E746174692E
:10AEB0006F6E0D0045787065637465642066726519
:10AEC0007175656E63793A20302E3833487A202DBB
:10AED000204578747261637465642066726571756B
:10AEE000656E63793A2025660D0A000044535020B0
:10AEF0004379636C6520636F756E743A2025640D29
:10AF00000A0000000D0A4F6E6C696E6520696D7055
:10AF10006C656D656E746174696F6E0D0A0D00006D
:10AF2000436865636B2046465473206F66206F66E6
:10AF3000666C696E6520616E64206F6E6C696E650B
:10AF4000202D2045787065637465643A20312C208B
:10AF50004F75747075743A2025640D0A0000000066
:10AF60006A6F6220646F6E650D0000004F6E6C6941
:10AF70006E652065787472616374696F6E204649EE
:10AF80004E49534845440D00203D010AF3FFFFFFA1
:10AF90000500FAFFF6FFF4FFFFFF3F001700060071
:10AFA000F200AB01D3005700810065014C02B002F2
:10AFB00075023802A601D6005A0023001000EAFFED
:10AFC000E5FF0700EFFFE3FFF3FF16003000FBFF94
:10AFD000E5FFD4FFCEFFD6FFD4FFD3FFD1FFD2FFD2
:10AFE000CFFFCCFFCDFFD2FFD1FFD7FFD4FFD4FFDF
:10AFF0000000000000000000000000000000000051
:10B00000000000000000000000000000F5FFFFFF4E
:10B010000200FEFFF8FFF4FFFCFF400018000600EE
:10B02000F500AB01D60058007F005E014202AF027E
:10B0300081023C02A501DA00610025001600ECFF48
:10B04000EEFF0A00F6FFE2FFF6FF12002F00FCFF02
:10B05000E6FFD0FFCAFFD4FFD5FFD4FFD0FFD0FF5B
:10B06000CEFFCDFFCDFFCFFFD2FFDAFFD6FFD1FF5E
:10B0700000000000000000000000000000000000D0
:10B08000000000000000000000000000F5FFFDFFD0
:10B090000300FBFFF5FFF4FFFBFF44001600040074
:10B0A000F400AE01D6005700830072017002D00296
:10B0B00080025102C101D9005A0020001300E8FFAC
:10B0C000E5FF0500EFFFE1FFF2FF14003100FDFF97
:10B0D000E1FFD0FFC9FFD4FFD1FFD3FFCEFFCDFFEB
:10B0E000CDFFC9FFC9FFCDFFD0FFD6FFD6FFD1FFEF
:10B0F0000000000000000000000000000000000050
:10B10000000000000000000000000000F5FFFCFF50
:10B110000700FBFFF7FFF4FFFAFF3F0019000800EC
:10B12000F100AD01D600560080006D016402BC0242
:10B1300068024102B901D100590020000F00E8FF68
:10B14000E4FF0100E9FFDFFFF2FF12002E00F9FF2C
:10B15000E2FFD0FFCCFFD3FFD4FFD2FFD3FFD0FF5D
:10B16000D1FFCCFFCDFFD0FFD4FFD5FFD7FFD5FF58
:10B1700000000000000000000000000000000000CF
:10B18000000000000000000000000000F7FFFCFFCE
:10B190000800FCFFF5FFF6FFFBFF4200160006006B
:10B1A000F400B101D900570080005F014D02AE02EA
:10B1B0006B023802A801D500610022000D00E7FFF4
:10B1C000E6FF0200EEFFDDFFF2FF12003100FCFFA0
:10B1D000E5FFD2FFCBFFD3FFD5FFD4FFCFFFD3FFD7
:10B1E000CFFFCBFFCDFFD3FFD2FFD6FFDAFFD2FFD9
:10B1F000000000000000000000000000000000004F
:10B20000000000000000000000000000F5FFFCFF4F
:10B210000500FDFFF8FFF5FFFCFF420018000400E9
:10B22000F300B301D70056007F004F0124028502CE
:10B2300065022D029201D900630025001200E7FF8C
:10B24000E7FF0100F0FFDFFFF4FF11002D00FCFF1E
:10B25000E7FFD2FFCFFFDCFFD7FFD5FFD3FFD1FF42
:10B26000D0FFCFFFD1FFD2FFD2FFDBFFD8FFD4FF4B
:10B2700000000000000000000000000000000000CE
:10B28000000000000000000000000000F7FFFCFFCD
:10B290000600FCFFF8FFF4FFFDFF40001700080068
:10B2A000F200B201D20055007C00500129028C024C
:10B2B000660228029101D600620020001200EBFF16
:10B2C000E9FF0C00F2FFE3FFF5FF16002D00FAFF87
:10B2D000E7FFD2FFCDFFD6FFD7FFD4FFD0FFD2FFCD
:10B2E000D1FFCEFFCFFFD1FFD2FFD6FFDAFFD5FFD0
:10B2F000000000000000000000000000000000004E
:10B30000000000000000000000000000F6FFFDFF4C
:10B310000500FCFFF6FFF5FFFAFF3E0015000300F5
:10B32000F200AF01D40056007A004C0115027E02F3
:10B330006A0223028701DE00650027000E00EAFF93
:10B34000E8FF0A00F2FFE2FFF5FF14002A00FCFF0D
:10B35000E9FFD3FFCEFFD9FFD4FFD4FFCFFFD2FF49
:10B36000D1FFCCFFD0FFCFFFD1FFD5FFDBFFD7FF51
:10B3700000000000000000000000000000000000CD
:10B38000000000000000000000000000F6FFFBFFCE
:10B390000400FDFFF8FFF6FFFCFF44001900060063
:10B3A000F300B601DB0055007A0048010E027B0273
:10B3B0006C0222028201DE00690028001700EBFF08
:10B3C000EAFF1000F3FFE6FFF6FF12002D00FCFF7E
:10B3D000E6FFD3FFD1FFD6FFD7FFD2FFD2FFD4FFC6
:10B3E000D2FFD0FFD2FFD4FFD2FFD7FFDBFFD6FFC3
:10B3F000000000000000000000000000000000004D
:10B40000000000000000000000000000F4FFFBFF4F
:10B410000400FCFFF5FFF3FFFAFF410016000300F4
:10B42000F100B501D60054007C004C010C027702FB
:10B43000650219028A01DC00630022000F00E7FFA9
:10B44000E6FF0800F2FFDFFFF9FF17003100FBFF06
:10B45000E3FFD1FFCAFFD7FFD6FFD3FFD1FFD2FF53
:10B46000CFFFCBFFCDFFCEFFD1FFD7FFD7FFD7FF59
:10B4700000000000000000000000000000000000CC
:10B48000000000000000000000000000F4FFFDFFCD
:10B490000500FCFFF6FFF5FFFAFF3F00140008006F
:10B4A000F100B301D90057007D0048010302720288
:10B4B00064021D028601DE0068002C001200ECFF11
:10B4C000EBFF0E00F3FFE4FFFCFF1A003100FEFF6C
:10B4D000E8FFD3FFCFFFD3FFD3FFD3FFD1FFD3FFCD
:10B4E000D1FFCEFFD0FFD1FFD3FFD9FFD9FFD3FFCC
:10B4F000000000000000000000000000000000004C
:10B50000000000000000000000000000F4FFFCFF4D
:10B510000800FEFFF5FFF5FFF9FF3D0011000500F3
:10B52000EC00A701D000530077004901140281020A
:10B5300066021E028D01D700600022000A00E6FFAD
:10B54000E5FF0600EDFFDDFFF7FF11002500F9FF25
:10B55000DEFFD1FFCCFFD2FFD1FFD0FFCFFFD0FF66
:10B56000CAFFCAFFCDFFCEFFD0FFD5FFD4FFCFFF6C
:10B5700000000000000000000000000000000000CB
:10B58000000000000000000000000000F2FFFCFFCF
:10B590000500FEFFF6FFF6FFF9FF43001A00050065
:10B5A000F800B601DB005A007D0054011F028C0236
:10B5B00070022A029401DF00650026000F00E8FFF8
:10B5C000EAFF0C00EEFFDEFFFAFF19002E00F7FF86
:10B5D000E6FFD0FFCBFFD0FFD1FFD0FFD1FFCDFFE3
:10B5E000D0FFCEFFCCFFCEFFD0FFD6FFD6FFD2FFDD
:10B5F000000000000000000000000000000000004B
:10B60000000000000000000000000000F1FFFCFF4F
:10B610000200FDFFF6FFF4FFFBFF3C0016000400F4
:10B62000EC00B301D90055007C004401FE0170021A
:10B630006A0217028201DF0064002A001200EDFF97
:10B64000EBFF1000F5FFE1FFFAFF16002E00F9FFF7
:10B65000E7FFD4FFCAFFD5FFD4FFD1FFCFFFD3FF51
:10B66000CEFFCEFFCEFFD2FFD0FFD8FFD8FFD3FF53
:10B6700000000000000000000000000000000000CA
:10B68000000000000000000000000000F6FFFEFFC8
:10B690000500FEFFF9FFF6FFFFFF4300180006005C
:10B6A000EF00B401DC0056007C004E01170280025E
:10B6B000620220028D01DA00600026001200E8FF1D
:10B6C000E9FF0C00EEFFE5FFF7FF19003200FEFF77
:10B6D000E7FFD1FFD1FFD7FFD6FFD5FFD2FFD1FFC4
:10B6E000D0FFD0FFD1FFD2FFCFFFD7FFD8FFD3FFCE
:10B6F000000000000000000000000000000000004A
:10B70000000000000000000000000000F4FFFDFF4A
:10B710000300FAFFF4FFF6FFFBFF430018000300ED
:10B72000F000B101D80055007C00520128029002BF
:10B730005E022902A001DC00600022000C00E6FF8E
:10B74000E5FF0900EEFFE0FFFAFF1D003200FCFFFD
:10B75000E1FFCFFFCBFFD3FFD4FFD2FFD0FFD1FF5C
:10B76000D0FFCDFFCEFFCFFFD2FFD6FFD6FFD3FF56
:10B7700000000000000000000000000000000000C9
:10B78000000000000000000000000000F5FFFDFFC9
:10B790000400FDFFF4FFF2FFFAFF3E001500050074
:10B7A000F100B101D60057007A00550133029B0227
:10B7B00067022F02A101DC00620027001100EBFFED
:10B7C000E9FF0800EFFFE1FFF8FF19003500FEFF79
:10B7D000E4FFD2FFCCFFD6FFD6FFD1FFD1FFD1FFD0
:10B7E000CEFFC8FFCEFFD0FFD3FFD7FFD9FFD2FFD8
:10B7F0000000000000000000000000000000000049
:10B80000000000000000000000000000F5FFFEFF47
:10B810000300FAFFF6FFF4FFFBFF440017000400EB
:10B82000F000B201D6005800810061013A029E0288
:10B830006E023402A801DA00640027001100E9FF5B
:10B84000E6FF0700EDFFE2FFFAFF1D003300FBFFFC
:10B85000E5FFD2FFCCFFD4FFD5FFD1FFD0FFD0FF53
:10B86000CCFFCFFFCFFFCEFFD2FFD3FFD8FFD1FF5A
:10B8700000000000000000000000000000000000C8
:10B88000000000000000000000000000F5FFFAFFCB
:10B890000300FCFFF7FFF5FFFCFF43001800070063
:10B8A000F100B101D80058007F0064015002B202DB
:10B8B00071024202B701DB005E0025001000E9FFC3
:10B8C000E9FF0900F1FFE2FFFAFF1C003400FDFF71
:10B8D000E6FFD0FFCDFFD3FFD3FFD1FFD1FFD1FFD4
:10B8E000CFFFCCFFD0FFD1FFD1FFD5FFD7FFD4FFD3
:10B8F0000000000000000000000000000000000048
:10B90000000000000000000000000000F5FFFEFF46
:10B910000500FBFFF5FFF7FFFAFF46001B000400E0
:10B92000F300B301DA005C00820069015402B50241
:10B9300078023F02AF01DC0064002B001A00EDFF2B
:10B94000EBFF0A00F3FFE0FFF7FF1B003200FEFFF2
:10B95000E4FFD0FFCBFFD6FFD1FFD2FFCEFFD0FF59
:10B96000CDFFCBFFCCFFCEFFD0FFD7FFD8FFD1FF5D
:10B9700000000000000000000000000000000000C7
:10B98000000000000000000000000000F5FFFEFFC6
:10B990000200FDFFF6FFF5FFFDFF40001800060066
:10B9A000EF00AB01D20054007A005C014402AA020D
:10B9B00073023702A001D3005D0023001200EBFFE9
:10B9C000E7FF0500F0FFDFFFF7FF18003100FAFF87
:10B9D000E8FFD1FFCCFFD4FFD7FFD5FFD3FFD1FFC6
:10B9E000D0FFCCFFCDFFD1FFD3FFD5FFD7FFD2FFD4
:10B9F0000000000000000000000000000000000047
:10BA0000000000000000000000000000F3FFFEFF47
:10BA10000700FCFFF5FFF5FFFCFF410016000300E7
:10BA2000F400B001DA0059007A0062015602BB024C
:10BA30007E024102AF01D900600026001300E9FF39
:10BA4000E6FF0700EEFFE1FFF7FF19003300FCFF00
:10BA5000E4FFCFFFC8FFD1FFD2FFD3FFD1FFCFFF5D
:10BA6000CEFFCAFFCBFFD1FFD0FFD4FFD7FFD2FF5D
:10BA700000000000000000000000000000000000C6
:10BA8000000000000000000000000000F5FFFDFFC6
:10BA90000500FEFFF7FFF7FFFCFF3D001500030068
:10BAA000EC00AC01D600560079005F014B02AB02FE
:10BAB00068023402AA01D5005B0025000C00E7FFF4
:10BAC000E5FF0400EAFFDEFFF4FF1A003400020085
:10BAD000E3FFCEFFCBFFD3FFD5FFD3FFD0FFD3FFD4
:10BAE000D0FFCDFFCFFFD1FFD3FFD7FFDAFFD4FFC9
:10BAF0000000000000000000000000000000000046
:10BB0000000000000000000000000000F4FFFAFF49
:10BB10000300FDFFF4FFF6FFFAFF400017000300EB
:10BB2000EA00AC01D40058007B005C013B02A1029A
:10BB300060023402AA01D5005A001E000B00E8FF83
:10BB4000E4FF0400EBFFE1FFF9FF1B002F00FFFF04
:10BB5000E5FFD1FFCCFFD3FFD6FFD3FFD3FFD1FF4B
:10BB6000D1FFCEFFD0FFD3FFD4FFD9FFDAFFD4FF40
:10BB700000000000000000000000000000000000C5
:10BB8000000000000000000000000000F4FFFCFFC7
:10BB90000000F8FFF9FFF6FFFCFF42001800050067
:10BBA000F100B001D8005A007D0062014702AA02EC
:10BBB0006D023A02B401DD005E0025000E00E9FFCF
:10BBC000E6FF0700EEFFE1FFFAFF1C003300FCFF79
:10BBD000E2FFD0FFCBFFD1FFD5FFCEFFCFFFD0FFDD
:10BBE000CDFFCDFFCEFFD1FFCFFFD4FFD7FFD1FFD9
:10BBF0000000000000000000000000000000000045
:10BC0000000000000000000000000000F5FFFDFF44
:10BC10000300F9FFF7FFF5FFFCFF410017000500E7
:10BC2000F000AE01D60058007D005F014802AB0273
:10BC30006F023D02AC01D7005C0021000E00EBFF5B
:10BC4000EBFF0900EDFFDFFFF8FF19002F00FBFFFE
:10BC5000E4FFD2FFCDFFD2FFD4FFD1FFD1FFD1FF50
:10BC6000CFFFCBFFCDFFCFFFD1FFD6FFD7FFD1FF57
:10BC700000000000000000000000000000000000C4
:10BC8000000000000000000000000000F3FFFCFFC7
:10BC90000400FCFFF5FFF2FFFBFF4000170005006A
:10BCA000F200AB01D50057007F006C015C02BA02C4
:10BCB00073023E02B501D3005C0021000E00E4FFD8
:10BCC000E6FF0300EBFFE0FFF5FF19003200FAFF8B
:10BCD000E3FFCDFFCBFFD0FFD2FFCEFFCEFFD2FFE1
:10BCE000CCFFCAFFD0FFCDFFD0FFD5FFD6FFD1FFDD
:10BCF0000000000000000000000000000000000044
:10BD0000000000000000000000000000F5FFFCFF44
:10BD10000700FCFFF7FFF5FFFEFF420013000400E1
:10BD2000F000AB01D80058007B0064015202B5025C
:10BD300078024102AF01D9005E0022000E00E7FF49
:10BD4000E7FF0400EEFFE0FFF6FF1E003600FFFFF6
:10BD5000E6FFD0FFCAFFD2FFD4FFD2FFD1FFCFFF53
:10BD6000CDFFCBFFCCFFCEFFD2FFD4FFD6FFD1FF5C
:10BD700000000000000000000000000000000000C3
:10BD8000000000000000000000000000F4FFFCFFC5
:10BD90000700FDFFF8FFF4FF000041001900050057
:10BDA000EF00AE01D30058007D0069014F02B902D7
:10BDB00075024102B101D7005C0021000C00E9FFCF
:10BDC000E7FF0800F3FFE3FFFAFF1B003300010069
:10BDD000E7FFD2FFCDFFD4FFD3FFD5FFD0FFD3FFC6
:10BDE000D0FFCDFFCEFFD3FFD0FFD4FFDAFFD4FFCB
:10BDF0000000000000000000000000000000000043
:10BE0000000000000000000000000000F6FFFCFF42
:10BE10000600FDFFF6FFF5FFFAFF400018000800DE
:10BE2000EC00AA01D50059007D0064014C02B0026B
:10BE300072023D02B101D6005C0022000F00E9FF52
:10BE4000E7FF0800F0FFE2FFFBFF1A0034000000EC
:10BE5000E7FFD4FFCAFFD5FFD5FFD4FFD1FFD4FF42
:10BE6000CFFFD1FFCDFFD3FFD3FFD9FFDBFFD6FF3D
:10BE700000000000000000000000000000000000C2
:10BE8000000000000000000000000000F4FFF9FFC7
:10BE90000100F9FFF4FFF4FFFAFF40001500050070
:10BEA000E900A401CF005500790062014B02AD0208
:10BEB0006E023802AD01D5005B0021000F00E6FFE5
:10BEC000E5FF0500E9FFE1FFF6FF1C003100F9FF87
:10BED000E5FFD2FFCDFFD4FFD5FFD4FFCFFFD2FFC8
:10BEE000CFFFCDFFCEFFD2FFD1FFD4FFD7FFD0FFD2
:10BEF0000000000000000000000000000000000042
:10BF0000000000000000000000000000F4FFFBFF44
:10BF10000500F9FFF6FFF5FFFBFF410015000200E9
:10BF2000EB00A901D10058007A0061013B029D029B
:10BF300075023802A901D8005E001F001100E8FF59
:10BF4000E9FF0900EEFFE0FFFAFF1A003000FBFFF7
:10BF5000E3FFCEFFCBFFD2FFD4FFD2FFD3FFD3FF4F
:10BF6000CEFFCBFFCCFFCEFFD0FFD7FFDAFFD2FF53
:10BF700000000000000000000000000000000000C1
:10BF8000000000000000000000000000F6FFFEFFBF
:10BF90000600FBFFF5FFF7FFFAFF4100170007005F
:10BFA000EA00AB01D50056007B005A013702A2021D
:10BFB0007A023B02A501DA00600027001100EBFFC6
:10BFC000E9FF0B00F4FFE2FFF6FF19003100020069
:10BFD000E8FFD4FFCEFFD6FFD7FFD4FFD1FFD3FFBA
:10BFE000CFFFCEFFD0FFCFFFD3FFD8FFDAFFD5FFC3
:10BFF0000000000000000000000000000000000041
:10C00000000000000000000000000000F3FFFDFF42
:10C010000400F9FFF8FFF8FFFAFF3F0015000300E6
:10C02000E600A301D30057007A005F014902AB028A
:10C030006D023C02B401D700580021000E00E6FF5B
:10C04000E5FF0600EDFFE1FFF7FF1B002F00FBFF00
:10C05000E4FFD2FFCDFFD2FFD5FFD0FFD0FFD1FF4D
:10C06000D1FFCCFFCEFFCFFFD3FFD8FFD5FFD3FF4B
:10C0700000000000000000000000000000000000C0
:10C08000000000000000000000000000F4FFFEFFC0
:10C090000200FCFFF7FFF4FFFCFF43001500050062
:10C0A000EB00A801D20059007B0064015702B202E4
:10C0B0005F023D02BF01D500580021000800E5FFE6
:10C0C000E6FF0400ECFFDFFFF7FF1E002E00F9FF84
:10C0D000E3FFCEFFC9FFD1FFD2FFD2FFCEFFD0FFDB
:10C0E000CFFFCCFFC9FFD1FFD1FFD5FFD9FFD4FFD0
:10C0F0000000000000000000000000000000000040
:10C10000000000000000000000000000F5FF01003A
:10C1100008000100F8FFF7FFFAFF42001A000700CD
:10C12000F000B101D60059007F0060014102A00279
:10C1300061023702B101D900600025000C00E8FF60
:10C14000E7FF0500ECFFDFFFF9FF1D003100FAFFFC
:10C15000E5FFD0FFCCFFD5FFD5FFD3FFD1FFD1FF47
:10C16000CFFFCEFFCEFFD2FFD1FFD6FFD5FFD4FF4A
:10C1700000000000000000000000000000000000BF
:10C18000000000000000000000000000F3FFFBFFC3
:10C190000400FBFFF8FFF4FFFCFF4300180005005C
:10C1A000F100B501DC005900810048010902750267
:10C1B0005E0220029501E100660026000D00E8FF06
:10C1C000E6FF0700EDFFE4FFF9FF1A002E00FBFF7A
:10C1D000E7FFD1FFCBFFD0FFD5FFD2FFD1FFD0FFCC
:10C1E000CEFFCBFFCFFFD0FFD1FFD8FFD7FFD4FFCB
:10C1F000000000000000000000000000000000003F
:10C20000000000000000000000000000F5FFF9FF42
:10C210000600FBFFF4FFF3FFFBFF400017000600E2
:10C22000EC00AB01D200570077004201FC016B0229
:10C230005C0217028401DC00650027000E00EAFFA3
:10C24000ECFF0B00EFFFDFFFFAFF1B003000FEFFEB
:10C25000E5FFD2FFCEFFD2FFD3FFD3FFD1FFD4FF44
:10C26000CFFFCEFFD0FFD3FFD2FFD6FFD9FFD4FF41
:10C2700000000000000000000000000000000000BE
:10C28000000000000000000000000000F3FFFBFFC2
:10C290000600FDFFF7FFF5FFFAFF4200170003005D
:10C2A000EF00AF01D50055007A004201FB016502A5
:10C2B000600215028201E10069002B001300EAFF11
:10C2C000EBFF0E00F2FFE2FFF8FF1B002D00FCFF6A
:10C2D000E5FFD0FFCBFFD4FFD4FFD2FFD1FFD2FFC9
:10C2E000CEFFCCFFCFFFD0FFD2FFD6FFD7FFD1FFCD
:10C2F000000000000000000000000000000000003E
:10C30000000000000000000000000000F4FFFCFF3F
:10C310000500F9FFF6FFF4FFFAFF3F0015000400E7
:10C32000F000B201DB0056007E004101EB015C022F
:10C33000610213027D01E300690029000F00E8FF9C
:10C34000EAFF0900EFFFE0FFFAFF18002A00F8FFFC
:10C35000E6FFD0FFCEFFD1FFD2FFD0FFD1FFD4FF49
:10C36000CDFFCFFFCEFFD0FFD0FFD0FFD6FFD4FF51
:10C3700000000000000000000000000000000000BD
:10C38000000000000000000000000000F5FFFAFFC0
:10C390000200FAFFF5FFF3FFFAFF3D00130005006E
:10C3A000EC00AC01D200540074004301FD016C02AA
:10C3B000640214027F01DC00660027000E00E8FF23
:10C3C000EAFF0700EEFFDEFFF5FF15002800F7FF8C
:10C3D000DFFFCFFFCAFFD1FFCEFFD1FFCFFFD2FFDC
:10C3E000CFFFCBFFCFFFCEFFD0FFD2FFD5FFD2FFD5
:10C3F000000000000000000000000000000000003D
:10C40000000000000000000000000000F3FFFCFF3F
:10C410000300FBFFF4FFF4FFFAFF3A0014000500ED
:10C42000E800AB01D400520072003C01EF015F0252
:10C430005E0213027C01D700620021000E00EAFFB9
:10C44000E7FF0800EDFFDEFFF5FF16002900FAFF09
:10C45000E3FFD0FFCCFFD5FFD2FFD3FFD0FFD1FF4A
:10C46000D0FFCEFFCFFFD0FFD0FFD7FFD7FFD5FF44
:10C4700000000000000000000000000000000000BC
:10C48000000000000000000000000000F4FFFCFFBE
:10C490000200F9FFF6FFF4FFFBFF42001400050065
:10C4A000EE00AD01D8005800730046010102700291
:10C4B0006A021A028601E000690027001200EDFFFF
:10C4C000ECFF1000F0FFE1FF00001F002C00FEFF5A
:10C4D000E7FFD3FFCBFFD4FFD4FFD1FFD1FFD1FFC4
:10C4E000CBFFCCFFCFFFD1FFCFFFD8FFD6FFCEFFD2
:10C4F000000000000000000000000000000000003C
:10C50000000000000000000000000000F5FFFBFF3D
:10C510000400FBFFF7FFF5FFF9FF410017000600DD
:10C52000F300B101D80057007B00520110027A02DB
:10C5300070021C028801E30068002A001300EDFF6E
:10C54000EAFF0C00F0FFE3FFFAFF19002B00FCFFED
:10C55000E6FFD2FFCEFFD6FFD5FFD2FFD0FFD0FF40
:10C56000CFFFCBFFCEFFCFFFD1FFDAFFD8FFD4FF45
:10C5700000000000000000000000000000000000BB
:10C58000000000000000000000000000F5FFFCFFBC
:10C590000400FCFFF5FFF5FFFAFF3C001600040065
:10C5A000E900A801D10055007100460100026F02A8
:10C5B0006D0218027D01DA00640024000D00E9FF1D
:10C5C000EBFF0800EFFFDFFFF7FF10002600F8FF8A
:10C5D000E7FFD3FFCDFFD7FFD2FFD5FFD0FFD2FFBC
:10C5E000D0FFCDFFCDFFD1FFD0FFD5FFD8FFD5FFC6
:10C5F000000000000000000000000000000000003B
:10C60000000000000000000000000000F5FFFDFF3A
:10C610000300FBFFF7FFF5FFF9FF3B0012000600E8
:10C62000EC00A601D00054006F004B01100279020B
:10C63000650216028401D800600024000C00EAFFA5
:10C64000E7FF0600EEFFDEFFF1FF15002900F7FF10
:10C65000E3FFD1FFCCFFD1FFD0FFD3FFD1FFD1FF4C
:10C66000CEFFCEFFCEFFD1FFD1FFD8FFD3FFD5FF46
:10C6700000000000000000000000000000000000BA
:10C68000000000000000000000000000F5FFFBFFBC
:10C690000500FDFFF8FFF6FFFBFF3B00160005005D
:10C6A000EA00A401CB0052006F00530129028E0260
:10C6B000660227029501D1005F0020000B00E8FF11
:10C6C000E6FFFEFFEBFFDFFFF3FF17002B00F8FF95
:10C6D000E3FFD0FFCDFFD2FFD3FFD3FFD1FFD1FFC8
:10C6E000CFFFCBFFCFFFD2FFD0FFD5FFD8FFD2FFC8
:10C6F000000000000000000000000000000000003A
:10C70000000000000000000000000000F4FFFDFF3A
:10C710000400FDFFF6FFF6FFFEFF440017000600D1
:10C72000EE00AB01D300570078005A013B029C0297
:10C730006A023202A301D700620023001000EAFF60
:10C74000E7FF0600EFFFE0FFF9FF1D003200FDFFED
:10C75000E6FFD1FFCEFFD3FFD6FFD3FFD3FFD2FF3B
:10C76000CEFFCCFFCCFFD3FFD3FFD7FFD6FFD3FF45
:10C7700000000000000000000000000000000000B9
:10C78000000000000000000000000000F6FF0100B3
:10C790000500FBFFF6FFF1FFFBFF3D001200050067
:10C7A000E900A401CF005200720051013202980248
:10C7B0006B022C029801D900610021000F00E7FFF5
:10C7C000E2FF0200ECFFDFFFF3FF11002A00FAFF97
:10C7D000E4FFD1FFCAFFD2FFD4FFD4FFD3FFD1FFC4
:10C7E000CEFFCFFFCFFFD0FFD2FFD5FFD7FFD3FFC4
:10C7F0000000000000000000000000000000000039
:10C80000000000000000000000000000F4FFFCFF3A
:10C810000300FCFFF8FFF4FFF9FF3F0013000600E0
:10C82000E700A201CF0053007100590135029B02BD
:10C83000650228029D01D2005B0020000900E5FF8F
:10C84000E4FFFFFFEAFFDCFFF4FF16002A00F7FF1A
:10C85000DFFFD1FFCCFFD2FFD2FFD1FFD2FFD0FF4D
:10C86000CCFFCBFFCCFFCDFFCFFFD5FFD6FFD1FF55
:10C8700000000000000000000000000000000000B8
:10C88000000000000000000000000000F6FFFAFFBA
:10C8900006000000F7FFF4FFFAFF40001600040056
:10C8A000EE00AB01D100530073005F014802A90202
:10C8B0006F023802A701DA005D0025000C00E7FFD7
:10C8C000E4FF0200E8FFDDFFF4FF18002900FAFF93
:10C8D000DDFFCFFFCAFFD0FFD3FFD2FFCCFFCFFFDA
:10C8E000CBFFCBFFCDFFCCFFCFFFD4FFD7FFD1FFD6
:10C8F0000000000000000000000000000000000038
:10C90000000000000000000000000000F5FFFCFF38
:10C910000500FDFFF7FFF5FFFBFF3E0015000400DB
:10C92000F100AC01D40059007B005F013D02A6027A
:10C930007A023602A101DF00670029001400EAFF35
:10C94000ECFF0900EEFFE0FFF7FF1A002F000000E8
:10C95000E8FFD1FFCAFFD3FFD1FFD3FFD1FFD2FF42
:10C96000CEFFCEFFCEFFD2FFD3FFD5FFD6FFD3FF42
:10C9700000000000000000000000000000000000B7
:10C98000000000000000000000000000F4FFFDFFB8
:10C990000400FDFFF7FFF3FFFBFF45001900060051
:10C9A000F400B801DB005E007F005F013902A002E5
:10C9B00071023402A201DF0063002B001200E9FFC4
:10C9C000E9FF0900EFFFE1FFFAFF1C003300FDFF64
:10C9D000E3FFD2FFCBFFD7FFD3FFCEFFD2FFD1FFC4
:10C9E000D0FFCAFFCFFFD0FFD2FFD7FFD9FFD5FFBF
:10C9F0000000000000000000000000000000000037
:10CA0000000000000000000000000000F5FFFDFF36
:10CA10000500FDFFF8FFF4FFF8FF410014000600D9
:10CA2000EF00AC01D50052007C005D012E028B02AC
:10CA300062022B02A201DB00610027001200EAFF64
:10CA4000E9FF0A00F0FFE5FFFBFF1B002F00FCFFE2
:10CA5000E4FFD0FFCDFFD0FFD3FFCFFFD1FFD0FF4A
:10CA6000D0FFCDFFCBFFCFFFD0FFD3FFD6FFD3FF4B
:10CA700000000000000000000000000000000000B6
:10CA8000000000000000000000000000F5FFFBFFB8
:10CA90000500FCFFF8FFF4FFFAFF3E001900060056
:10CAA000EE00B401DC0059007D0056012502880229
:10CAB00067022B029B01DD0067002A001200EBFFDA
:10CAC000EBFF0A00EEFFE5FFFBFF20003100FEFF59
:10CAD000E6FFD2FFCFFFD3FFD5FFCFFFD2FFD2FFBC
:10CAE000D2FFCCFFD1FFD2FFD2FFD6FFD9FFD3FFB9
:10CAF0000000000000000000000000000000000036
:10CB0000000000000000000000000000F5FFFDFF35
:10CB10000600FAFFF6FFF5FFFAFF450017000800D0
:10CB2000F200B401D9005B0081005C012D02970284
:10CB3000720231029B01E200630029001600EDFF42
:10CB4000EBFF0C00EDFFE0FFFAFF20002E00FBFFE3
:10CB5000E1FFD2FFCBFFD1FFD7FFD4FFCFFFCFFF45
:10CB6000CCFFCCFFCBFFCEFFD1FFD4FFD5FFD4FF4E
:10CB700000000000000000000000000000000000B5
:10CB8000000000000000000000000000F2FFFEFFB7
:10CB90000700FCFFF6FFF3FFFCFF41001600060054
:10CBA000F000AF01D8005A007D005D0135029D0202
:10CBB00073023602A001DD00650028001500EAFFBF
:10CBC000ECFF0A00EEFFDDFFF9FF1E003000F9FF69
:10CBD000E3FFD1FFCAFFD0FFD2FFCFFFD0FFD1FFCD
:10CBE000CEFFCCFFCDFFCFFFD1FFD3FFD6FFD0FFCD
:10CBF0000000000000000000000000000000000035
:10CC0000000000000000000000000000F4FFFAFF38
:10CC10000300FBFFF5FFF4FFFCFF400016000600D9
:10CC2000EE00B101D90057007D005B0126028A02A7
:10CC300071022E029A01DE00630027001300ECFF50
:10CC4000EBFF0900EDFFDFFFF8FF1D003100FBFFE8
:10CC5000E3FFD0FFCDFFD4FFD4FFD2FFD3FFD0FF3F
:10CC6000D0FFCDFFD0FFD1FFD5FFD7FFD9FFD6FF33
:10CC700000000000000000000000000000000000B4
:10CC8000000000000000000000000000F5FFFDFFB4
:10CC90000800FBFFF5FFF5FFFAFF40001600050056
:10CCA000EF00B101D30059007A0055011C02810246
:10CCB000720229029101DF00660029001900ECFFD1
:10CCC000EEFF0B00F0FFE2FFFBFF1B002E00FBFF5F
:10CCD000E5FFD1FFCEFFD6FFD3FFD4FFD2FFD1FFB8
:10CCE000CFFFCFFFCFFFD2FFD3FFD9FFDAFFD4FFB3
:10CCF0000000000000000000000000000000000034
:10CD0000000000000000000000000000F3FFFCFF36
:10CD10000700FCFFF6FFF2FFFBFF410012000300DB
:10CD2000F200AE01D30056007B00580124028E02AF
:10CD300075022B029301E00067002C001400EBFF4A
:10CD4000EDFF0B00EFFFDEFFF7FF18003100FAFFE9
:10CD5000E3FFD0FFCCFFD5FFD2FFD2FFCDFFD2FF44
:10CD6000CFFFCFFFD0FFD0FFD1FFD6FFD8FFD4FF3A
:10CD700000000000000000000000000000000000B3
:10CD8000000000000000000000000000F6FFFDFFB2
:10CD90000500FCFFF6FFF2FFF9FF4000160002005D
:10CDA000ED00AE01D90057007C005D01340297020E
:10CDB000770237029E01DC00670029001300E9FFBB
:10CDC000EBFF0800EDFFDEFFF7FF18002E00FDFF70
:10CDD000E6FFD0FFCBFFD4FFD3FFD3FFD0FFCFFFC1
:10CDE000D0FFCCFFCDFFCFFFD2FFD7FFD6FFD1FFC3
:10CDF0000000000000000000000000000000000033
:10CE0000000000000000000000000000F7FFFDFF30
:10CE10000000FBFFF9FFF6FFFDFF3F001A000500D1
:10CE2000EB00AF01D60055007B0059012F029B0299
:10CE3000760233029E01DE0068002B001600ECFF34
:10CE4000EDFF0E00F3FFE2FFFAFF1B0032000200CD
:10CE5000EAFFD3FFCBFFD2FFD2FFD3FFD2FFD3FF36
:10CE6000CFFFCDFFCFFFD3FFD2FFD9FFD6FFD2FF39
:10CE700000000000000000000000000000000000B2
:10CE8000000000000000000000000000F4FFFDFFB3
:10CE90000500FCFFF8FFF6FFFBFF3F001600040053
:10CEA000EE00AF01DA0057007B004E0112027C0257
:10CEB000760225028D01E40069002D001A00EFFFC3
:10CEC000EEFF1000F2FFDFFFFBFF16002E00FAFF5F
:10CED000E5FFD2FFCDFFD4FFD6FFD3FFD3FFD5FFB1
:10CEE000D0FFCFFFCFFFD4FFD4FFD8FFD8FFD3FFB1
:10CEF0000000000000000000000000000000000032
:10CF0000000000000000000000000000F4FFFDFF32
:10CF10000400FDFFF7FFF6FFFAFF3E0017000500D3
:10CF2000EF00B101D80058007F00490109027A02E0
:10CF30007F0228028001E7006E002D001A00EDFF3D
:10CF4000F0FF0F00F4FFE5FFF9FF17002E00FDFFD3
:10CF5000E7FFD3FFCCFFD5FFD2FFD3FFD1FFD4FF34
:10CF6000D1FFCDFFCCFFD0FFD3FFD5FFD6FFD3FF3E
:10CF700000000000000000000000000000000000B1
:10CF8000000000000000000000000000F9FFFCFFAE
:10CF9000FFFFFAFFF8FFF6FFFAFF3F00170005005A
:10CFA000EF00B001D70058007C00520127029A021E
:10CFB00085023A029801E2006C002B001A00EDFF96
:10CFC000EAFF0E00F1FFE1FFF6FF19002E00FDFF62
:10CFD000E3FFD1FFCBFFD2FFD2FFD1FFCEFFD2FFC5
:10CFE000CFFFCBFFCFFFD0FFD1FFD2FFD6FFD1FFC6
:10CFF0000000000000000000000000000000000031
:10D00000000000000000000000000000F5FFFDFF30
:10D010000600FBFFF5FFF6FFFCFF420018000600CC
:10D02000EB00AD01D90058007F00560125028E02A9
:10D030006C0232029F01E100630025001000EAFF4C
:10D04000E7FF0900EDFFE2FFF7FF1B002C00FCFFEC
:10D05000E9FFD3FFCEFFD3FFD4FFD2FFD3FFD2FF30
:10D06000D1FFCFFFCFFFD3FFD2FFD8FFD8FFD5FF2F
:10D0700000000000000000000000000000000000B0
:10D08000000000000000000000000000F3FFFDFFB2
:10D090000200FCFFF7FFF3FFFBFF3E001900050055
:10D0A000F000B301D80053007E004B010702750267
:10D0B000670221028E01E200660027001200E9FFEC
:10D0C000EAFF0600F0FFE1FFF8FF19002C00FAFF6D
:10D0D000E3FFD1FFCEFFD3FFD2FFD2FFD2FFD5FFB8
:10D0E000CEFFCFFFD0FFD2FFD2FFD5FFD7FFD4FFB7
:10D0F0000000000000000000000000000000000030
:10D10000000000000000000000000000F5FFFFFF2D
:10D110000600FDFFF7FFF7FFFDFF43001A000700C1
:10D12000F100B801DE00590082003701D901550233
:10D13000720212027001EB0075002F001900EEFF61
:10D14000EFFF1000F4FFE5FFF7FF13002600FCFFE0
:10D15000EAFFD4FFCDFFD7FFD8FFD4FFD3FFD1FF25
:10D16000D1FFD0FFD1FFD3FFD6FFD5FFDCFFD6FF25
:10D1700000000000000000000000000000000000AF
:10D18000000000000000000000000000F4FFFEFFAF
:10D190000400FEFFF6FFF5FFF9FF3A00150002005C
:10D1A000F000B901DE0056007F002E01D0014E02D2
:10D1B0006F0212026B01EC00760030001200ECFFEF
:10D1C000F1FF1000F3FFE2FFF6FF12002700FBFF64
:10D1D000EAFFD3FFCFFFD9FFD2FFD6FFD1FFD5FFA4
:10D1E000CFFFCEFFCEFFD2FFD5FFD7FFD9FFD6FFAF
:10D1F000000000000000000000000000000000002F
:10D20000000000000000000000000000F2FFFAFF34
:10D210000200FAFFF3FFF5FFFCFF430017000600D2
:10D22000F000B601DE00580081003901D601570236
:10D2300073020D026C01EC007A0031001800EEFF61
:10D24000EDFF0B00F7FFE1FFF6FF10002800F7FFEE
:10D25000E5FFD2FFCEFFD3FFD3FFCFFFD0FFCFFF3D
:10D26000CEFFD0FFD0FFCEFFD2FFD4FFD8FFD3FF39
:10D2700000000000000000000000000000000000AE
:10D28000000000000000000000000000F5FF0000AA
:10D290000500FBFFF6FFF5FFFBFF3F001600020055
:10D2A000ED00B901DC0057007D002D01C3014A02E9
:10D2B00074020E026201EB007B0032001500EDFFEC
:10D2C000EEFF1000F6FFE0FFF7FF12002800FDFF61
:10D2D000EAFFD5FFD1FFD6FFD6FFD2FFD0FFD2FFA6
:10D2E000CEFFD1FFD1FFCFFFD3FFD6FFDAFFD5FFAF
:10D2F000000000000000000000000000000000002E
:10D30000000000000000000000000000F6FFFDFF2C
:10D310000300FAFFFAFFF5FFFBFF3F0011000700D3
:10D32000ED00B501DB00580079003001CA014E0262
:10D330006E020C026B01EA00750033001700ECFF6F
:10D34000EDFF0E00F5FFDFFFF6FF10002700F9FFED
:10D35000EAFFD6FFCEFFD5FFD5FFD2FFD1FFD2FF28
:10D36000D1FFCFFFCFFFD3FFD2FFD5FFD6FFD4FF32
:10D3700000000000000000000000000000000000AD
:10D38000000000000000000000000000F7FFFFFFA9
:10D390000600FCFFF6FFF7FFFAFF3D001600050050
:10D3A000ED00BA01DE0059007F002D01C3014302E8
:10D3B00067020B026E01EF0078002F001700F0FFEC
:10D3C000EFFF1000F5FFE9FFFEFF19002A00FBFF49
:10D3D000EBFFD5FFD0FFD9FFD8FFD4FFD5FFD3FF98
:10D3E000D1FFD0FFD1FFD3FFD2FFD6FFDBFFD5FFA8
:10D3F000000000000000000000000000000000002D
:10D40000000000000000000000000000F7FFFBFF2C
:10D410000300FBFFF8FFF4FFFAFF3A0013000200DD
:10D42000ED00B401DD0057007D002B01C401420274
:10D43000600208026C01EB00720031001500EAFF87
:10D44000EDFF0D00F1FFE1FFFCFF15002500F9FFE6
:10D45000E9FFD4FFCEFFD3FFD3FFD3FFCFFFD2FF2F
:10D46000CEFFCFFFD1FFD2FFD1FFD6FFD6FFD3FF34
:10D4700000000000000000000000000000000000AC
:10D48000000000000000000000000000F4FFFDFFAD
:10D490000200FBFFF5FFF7FFF9FF3E001600040056
:10D4A000E800AD01D800540078002B01C701450207
:10D4B000660209026E01E600780032001400ECFFFB
:10D4C000EEFF1000F7FFE2FFFAFF14002A00FCFF56
:10D4D000E6FFD2FFD0FFD2FFD6FFD3FFD2FFD3FFAC
:10D4E000D0FFD0FFD1FFD2FFD1FFD4FFD8FFD4FFB0
:10D4F000000000000000000000000000000000002C
:10D50000000000000000000000000000F5FFFEFF2A
:10D510000500FCFFF7FFF7FFFBFF420018000200C9
:10D52000E800B401DA00550079002101B801400299
:10D53000670209026501EC0079002E001500EAFF80
:10D54000EDFF0D00F4FFE4FFF8FF14002900FAFFDF
:10D55000EAFFD6FFCDFFD4FFD4FFD4FFD3FFD3FF24
:10D56000D1FFD1FFD2FFD2FFD4FFD6FFD8FFD5FF26
:10D5700000000000000000000000000000000000AB
:10D58000000000000000000000000000F4FFFBFFAE
:10D590000600FCFFF9FFF8FFFFFF3E001700030045
:10D5A000E900B401DB0057007C002C01D4015702D4
:10D5B0006D0215027601E800750030001700ECFFDF
:10D5C000EDFF0F00F3FFE6FFF7FF13002A00FBFF5C
:10D5D000EAFFDAFFD1FFD6FFD6FFD4FFD2FFD2FF9A
:10D5E000D1FFD2FFD0FFD2FFD3FFDAFFDCFFD7FF9E
:10D5F000000000000000000000000000000000002B
:10D60000000000000000000000000000F6FFFBFF2B
:10D610000400FBFFF7FFF6FFFBFF420014000400CD
:10D62000EB00B201DB0056007D003101E1015A023E
:10D63000630217028501EC0074002E001800E6FF5B
:10D64000EAFF0B00F3FFE8FFF9FF1B003000FDFFCE
:10D65000E8FFD2FFCEFFD3FFD3FFD3FFD1FFD0FF30
:10D66000CDFFCFFFD3FFD1FFD2FFD4FFD9FFD3FF30
:10D6700000000000000000000000000000000000AA
:10D68000000000000000000000000000F7FFFDFFA8
:10D690000500FBFFF6FFF5FFFAFF4100180003004D
:10D6A000E300A701D70053007A002E01DF015502E5
:10D6B000630211027B01E3006F002C001100EDFFFB
:10D6C000EBFF0700F2FFE6FFF7FF16002600F9FF69
:10D6D000E4FFD4FFD0FFD7FFD1FFD3FFD3FFD1FFAB
:10D6E000D1FFD0FFCFFFD3FFD5FFD9FFDCFFD2FFA3
:10D6F000000000000000000000000000000000002A
:10D70000000000000000000000000000F5FFFCFF2A
:10D710000300FDFFF7FFF6FFFDFF3E0015000500CB
:10D72000E600B201DA0058007A003001DF0157024A
:10D73000630210027C01E60072002F001400EEFF6D
:10D74000EEFF0A00F3FFE6FFF5FF12002500FAFFE7
:10D75000E7FFD6FFD0FFD5FFD5FFD5FFD4FFD2FF1F
:10D76000D0FFD2FFD2FFD3FFD6FFD9FFDBFFD6FF1A
:10D7700000000000000000000000000000000000A9
:10D78000000000000000000000000000F7FFFBFFA9
:10D790000500FCFFF7FFF4FFFDFF3F00160005004A
:10D7A000E700AA01DA0056007D003A01FD016E0291
:10D7B000660220028D01E4006D002A001300EAFFDA
:10D7C000E9FF0200F0FFE3FFF7FF15002A00000069
:10D7D000E9FFD3FFCFFFD3FFD6FFD4FFD3FFD4FFA2
:10D7E000D1FFD1FFD1FFD3FFD3FFD9FFD8FFD6FFA1
:10D7F0000000000000000000000000000000000029
:10D80000000000000000000000000000F3FFFFFF28
:10D810000400FDFFF8FFF5FFFFFF3D0015000100CC
:10D82000E000A701D20059007C0039010502720214
:10D83000630226029401E2006B0027001400EAFF55
:10D84000E8FF0100F0FFE3FFF1FF10002800F7FF01
:10D85000E2FFD3FFCDFFD3FFD5FFD1FFD2FFD3FF30
:10D86000D0FFD1FFCEFFD2FFD3FFD9FFDCFFD5FF22
:10D8700000000000000000000000000000000000A8
:10D88000000000000000000000000000F0FFFCFFAE
:10D890000500FDFFF7FFF4FFFCFF3F001600050049
:10D8A000E100A401D30053007A00340101027502A3
:10D8B00067021E028C01E000690027001100EAFFE8
:10D8C000E9FF0300EFFFDFFFEFFF0E002400F9FF89
:10D8D000E5FFD3FFCCFFD5FFD5FFD1FFD1FFCFFFB1
:10D8E000D0FFD0FFD0FFD1FFD3FFD9FFDCFFD6FFA1
:10D8F0000000000000000000000000000000000028
:10D90000000000000000000000000000F3FFFCFF2A
:10D910000100FEFFF4FFF5FFF8FF3D0013000300D8
:10D92000E300A501D1005200730038010502710225
:10D9300068021F028D01DC00670029000F00EAFF6A
:10D94000E9FF0500EDFFE1FFF4FF14002900FCFFF3
:10D95000E3FFD1FFCDFFD2FFD1FFD0FFCEFFD2FF3B
:10D96000D0FFCCFFCFFFD0FFD2FFD3FFD7FFD4FF34
:10D9700000000000000000000000000000000000A7
:10D98000000000000000000000000000F7FFFDFFA5
:10D990000400FBFFF7FFF4FFFBFF3B001000030058
:10D9A000DB009F01CD00510072003201FF017102C6
:10D9B00060021C028701D700640024000A00E8FF0F
:10D9C000E4FFFCFFE8FFDEFFEEFF0C002300F6FFA4
:10D9D000E5FFD2FFCDFFD2FFD3FFD3FFD2FFD0FFB1
:10D9E000D0FFCEFFCEFFD2FFD3FFD8FFD9FFD3FFAA
:10D9F0000000000000000000000000000000000027
:10DA0000000000000000000000000000F6FFFBFF27
:10DA10000200FBFFF6FFF4FFFCFF400015000200D0
:10DA2000DF00A201D000550077003B010A02770217
:10DA300061021F029601DA00640029000900E6FF76
:10DA4000E3FF0000E8FFDDFFF0FF0F002600F5FF19
:10DA5000E2FFD2FFCEFFD1FFD2FFD4FFD2FFD1FF32
:10DA6000D1FFCDFFCFFFD0FFD1FFD5FFD9FFD5FF2D
:10DA700000000000000000000000000000000000A6
:10DA8000000000000000000000000000F1FFFCFFAB
:10DA90000500FCFFF5FFF6FFFAFF3E00160005004B
:10DAA000DD00A201D40058007A003B010C027B0289
:10DAB000660229029A01DE00680021000D00E6FFDF
:10DAC000E7FF0000EAFFDEFFF0FF0F002700FBFF8B
:10DAD000E5FFD5FFCAFFD2FFD3FFD1FFD1FFD0FFB3
:10DAE000CBFFCEFFD0FFD0FFD3FFD7FFD9FFD4FFAE
:10DAF0000000000000000000000000000000000026
:10DB0000000000000000000000000000F6FFFCFF25
:10DB10000200FDFFF7FFF5FFF8FF3E0016000300CF
:10DB2000DD00A201D40056007A0039010B027F0209
:10DB30006B022D029D01E100670029000C00EAFF45
:10DB4000E8FF0100EFFFE0FFEFFF0F002600FAFF04
:10DB5000E9FFD4FFCEFFD2FFD2FFD4FFD4FFD3FF23
:10DB6000CFFFD1FFD1FFD1FFD3FFD8FFDEFFD4FF1E
:10DB700000000000000000000000000000000000A5
:10DB8000000000000000000000000000F1FFFCFFAA
:10DB90000500FEFFF8FFF5FFFDFF3D001400020049
:10DBA000DE00A601D80054007B0038010302760293
:10DBB000660226029501E000670025001200E7FFDB
:10DBC000E6FF0500F0FFE3FFF5FF0E002800FBFF76
:10DBD000E7FFD3FFD0FFD2FFD3FFD0FFD1FFD1FFAC
:10DBE000CFFFCFFFD0FFD0FFD0FFD5FFD9FFD7FFAA
:10DBF0000000000000000000000000000000000025
:10DC0000000000000000000000000000F5FF000020
:10DC10000400FBFFF9FFF8FFFAFF3D0015000400C8
:10DC2000DB00A401D00053007D003101FB016C0238
:10DC3000660227029501E00068002B001300EDFF4B
:10DC4000E9FF0700F1FFE4FFF3FF0F002700FCFFEF
:10DC5000E7FFD5FFD0FFD4FFD5FFD3FFD5FFD4FF1B
:10DC6000D3FFD2FFD2FFD1FFD5FFD8FFDAFFD8FF15
:10DC700000000000000000000000000000000000A4
:10DC8000000000000000000000000000F6FFFBFFA5
:10DC90000800FDFFF8FFF5FFFCFF3F001700010043
:10DCA000DA00A101D500580079002F01F0016202CD
:10DCB000630221029301E100680028001000EBFFDD
:10DCC000EAFF0500EEFFE3FFF2FF10002B00F8FF74
:10DCD000EAFFD3FFCEFFD2FFD6FFD2FFD2FFD3FFA2
:10DCE000D1FFD1FFD1FFD3FFD2FFD6FFDEFFD6FF9A
:10DCF0000000000000000000000000000000000024
:10DD0000000000000000000000000000F2FFFBFF28
:10DD10000300FCFFF5FFF6FFFBFF3B0014000200D1
:10DD2000DC00A101D30055007B002E01F5016D023E
:10DD3000650222028E01E000670027000F00EAFF63
:10DD4000E6FF0500EAFFE4FFEFFF0D002600F7FF06
:10DD5000E7FFD0FFD0FFD4FFD2FFD3FFD2FFD2FF27
:10DD6000CEFFD0FFCDFFD2FFD1FFD9FFD8FFD2FF2A
:10DD700000000000000000000000000000000000A3
:10DD8000000000000000000000000000F5FFFBFFA5
:10DD90000500FBFFF7FFF5FFFAFF40001600050046
:10DDA000DA00A301D500540079002D01ED016602CF
:10DDB000660223028F01DC00670029000F00EAFFE2
:10DDC000E7FF0400EDFFE4FFF3FF0F002100F9FF80
:10DDD000EAFFD5FFD0FFD6FFD3FFD3FFD3FFD1FF9C
:10DDE000D1FFD2FFD4FFD2FFD4FFD6FFDDFFD7FF94
:10DDF0000000000000000000000000000000000023
:10DE0000000000000000000000000000F3FFFFFF22
:10DE10000300FBFFF8FFF4FFFCFF3F0013000300CB
:10DE2000D4009F01D60055007B002B01EE01640257
:10DE30005E021D029201E100690026000E00E9FF6A
:10DE4000E8FF0100EEFFDFFFF1FF0A002000F5FF11
:10DE5000E8FFD5FFCEFFD3FFD3FFD3FFD2FFD2FF22
:10DE6000D2FFD1FFD2FFD2FFD1FFD5FFDDFFD5FF1B
:10DE700000000000000000000000000000000000A2
:10DE8000000000000000000000000000F7FFFBFFA2
:10DE90000200FDFFF6FFF6FFFDFF3F00120000004D
:10DEA000D9009D01D200520078003B0112027B0292
:10DEB00054022602A501D7005B0020000600E2FF05
:10DEC000E1FFFCFFE8FFDEFFEDFF0B002100F7FFA5
:10DED000E5FFD3FFCFFFD3FFD3FFD3FFD1FFD2FFA7
:10DEE000D0FFD0FFD4FFD3FFD0FFD8FFDCFFD7FF98
:10DEF0000000000000000000000000000000000022
:10DF0000000000000000000000000000F2FFFEFF23
:10DF10000300F7FFF6FFF6FFF9FF3E0013000300D2
:10DF2000D5009901D20054007C00310106026E0236
:10DF30004A022002A001DA00620020000900E4FF8A
:10DF4000E2FFFBFFE9FFE1FFEEFF11002000FBFF16
:10DF5000E5FFD5FFCDFFD3FFD3FFD4FFD2FFD1FF25
:10DF6000CEFFD0FFD0FFD2FFD2FFD5FFDAFFD3FF25
:10DF700000000000000000000000000000000000A1
:10DF8000000000000000000000000000F4FFF9FFA6
:10DF90000100FCFFF4FFF5FFF8FF38001300030059
:10DFA000D5009E01CE004E0075001301CA01440247
:10DFB000500209027B01DC00680022000B00E7FF31
:10DFC000E5FFFCFFE9FFDDFFEBFF04001B00F5FFB1
:10DFD000E5FFD5FFCFFFD4FFD1FFD4FFD3FFD4FFA0
:10DFE000D2FFD3FFD1FFD1FFD6FFD6FFDDFFD6FF93
:10DFF0000000000000000000000000000000000021
:10E00000000000000000000000000000F6FFFEFF1E
:10E010000400FBFFF6FFF7FFFDFF3F001A000400BE
:10E02000E000A701DB0055007C001F01CF01520278
:10E03000660213027901E40071002A001200EBFF6E
:10E04000EAFF0400ECFFE2FFEEFF04002300F9FF0B
:10E05000E9FFD5FFCEFFD7FFD6FFD5FFD3FFD6FF11
:10E06000D3FFD2FFD4FFD3FFD5FFDBFFE0FFD9FF03
:10E0700000000000000000000000000000000000A0
:10E08000000000000000000000000000F3FFFEFFA1
:10E090000600FAFFF7FFF3FFFCFF3F001700030045
:10E0A000DB009D01D300550077002901F0016402D7
:10E0B00059021A028901DB006A0025000900E6FF07
:10E0C000E4FFFBFFEBFFDEFFEFFF09001E00F8FFA0
:10E0D000E7FFD8FFCFFFD2FFD2FFD5FFD4FFD2FF9B
:10E0E000D1FFD3FFD2FFD3FFD4FFDCFFDEFFD7FF8A
:10E0F0000000000000000000000000000000000020
:10E10000000000000000000000000000F3FFF8FF26
:10E110000100FAFFF5FFF4FFF9FF3E0013000100D4
:10E12000DB00A101D3005600760033010802720221
:10E130005A0220029401DB00670025000E00E4FF74
:10E14000E3FFFDFFEBFFDCFFECFF0F002600F9FF14
:10E15000E6FFD4FFCDFFD5FFD2FFD2FFD2FFCEFF27
:10E16000D0FFCEFFD3FFD0FFD1FFD7FFD7FFD2FF25
:10E17000000000000000000000000000000000009F
:10E18000000000000000000000000000F6FFFBFFA0
:10E190000600FFFFF9FFF5FFFEFF3B001200040041
:10E1A000DE00A001D100540076002F01F8016802C2
:10E1B00061021D028A01DE006B0027001200E8FFE9
:10E1C000E9FF0100EFFFDDFFECFF08002400FAFF8C
:10E1D000E6FFD6FFCFFFD3FFD4FFD4FFD3FFD1FF9D
:10E1E000D0FFD1FFD3FFD2FFD4FFD4FFDBFFD3FF9B
:10E1F000000000000000000000000000000000001F
:10E20000000000000000000000000000F5FFFCFF1F
:10E210000200FAFFF7FFF5FFFAFF400015000400C7
:10E22000DA009F01D200540074002F010002720234
:10E23000620222029301DD006C0028001000E7FF5B
:10E24000E8FF0100ECFFE0FFEAFF0A002100F7FF12
:10E25000E7FFD3FFCEFFD2FFD3FFD3FFD3FFCFFF24
:10E26000D0FFD1FFD2FFCFFFD3FFD6FFDBFFD2FF1E
:10E27000000000000000000000000000000000009E
:10E28000000000000000000000000000F5FF00009A
:10E290000200FCFFF6FFF5FFFBFF41001500050043
:10E2A000DC009E01D50054007400310107027402A5
:10E2B0005F0222029501DC006A0028000B00E6FFE5
:10E2C000E8FF0300EBFFDEFFEFFF0A002500FAFF87
:10E2D000E7FFD5FFD1FFD5FFD2FFD2FFD3FFD2FF9B
:10E2E000D0FFD3FFD2FFD2FFD3FFD7FFDEFFD5FF92
:10E2F000000000000000000000000000000000001E
:10E30000000000000000000000000000F2FFFCFF21
:10E310000400FBFFF7FFF3FFFBFF400019000200C2
:10E32000E000A301D80058007A00380103027A0205
:10E330006E0224028E01E0006C0029001000EAFF4A
:10E34000EAFF0300EFFFE4FFEDFF06002600F8FF01
:10E35000E5FFD3FFCDFFD3FFD4FFD1FFD5FFD0FF23
:10E36000D0FFCFFFD1FFD1FFD3FFD8FFDEFFD5FF16
:10E37000000000000000000000000000000000009D
:10E38000000000000000000000000000F5FFFDFF9D
:10E390000500FAFFF6FFF5FFFCFF4100190003003E
:10E3A000E200A101D900570075002E01FA017202A6
:10E3B0007D0224027E01E10071002C001300EAFFBF
:10E3C000ECFF0400F0FFDFFFEDFF07002500F9FF81
:10E3D000E9FFD5FFCCFFD3FFD2FFD2FFD1FFCEFFA5
:10E3E000CEFFCDFFD0FFD0FFD4FFD6FFD8FFD4FFA4
:10E3F000000000000000000000000000000000001D
:10E40000000000000000000000000000F7FFFCFF1B
:10E410000500FFFFF8FFF7FFFDFF3F0015000300B9
:10E42000E2009E01D70057007C00300101027F020C
:10E430007C022B028501E20073002C001400EAFF2D
:10E44000ECFF0400EFFFE0FFEDFF04002000F8FF09
:10E45000EBFFD3FFCEFFD7FFD6FFD1FFD4FFD4FF12
:10E46000D1FFD1FFD1FFD1FFD5FFDBFFDEFFD7FF0B
:10E47000000000000000000000000000000000009C
:10E48000000000000000000000000000F3FFFDFF9E
:10E490000500FDFFF6FFF3FFFDFF3E001700000043
:10E4A000D9009C01D600550076002F0106027F029C
:10E4B0007A0229029101DF00710029001500EBFFAB
:10E4C000E7FF0200F0FFDFFFEAFF07002200F9FF8D
:10E4D000EAFFD4FFCEFFD3FFD2FFD3FFCEFFD0FFA2
:10E4E000CEFFCEFFD1FFD0FFD1FFD5FFDCFFD4FFA1
:10E4F000000000000000000000000000000000001C
:10E50000000000000000000000000000F5FF000017
:10E510000600FBFFF4FFF3FFFBFF420016000200C2
:10E52000DC009F01D50053007700360114029402ED
:10E53000830234029101DE006E002B001400E9FF1B
:10E54000E8FF0200ECFFDEFFE8FFFFFF2200F9FF1B
:10E55000E9FFD2FFCCFFD4FFD4FFD3FFD2FFD4FF1B
:10E56000CEFFCFFFD0FFCFFFD3FFD6FFDAFFD5FF1F
:10E57000000000000000000000000000000000009B
:10E58000000000000000000000000000F4FFFCFF9D
:10E590000500FDFFF6FFF5FFFDFF3F001200030041
:10E5A000DD009C01D7005500740039012302A00250
:10E5B0008C023D029901DD006F0026001300E8FF88
:10E5C000E6FF0400E9FFE1FFE6FFFFFF2300FAFF9B
:10E5D000E8FFD3FFCDFFD3FFD3FFD3FFCFFFD2FFA1
:10E5E000CEFFCDFFCFFFD1FFD2FFD5FFDCFFD3FFA2
:10E5F000000000000000000000000000000000001B
:10E60000000000000000000000000000F4FFFDFF1B
:10E610000300FBFFF7FFF3FFFBFF3E0014000200C7
:10E62000DC009701D400570072003D013002A302C4
:10E6300085023A029A01D900680028001400E9FF17
:10E64000E6FF0100EEFFE1FFE8FF00002600FBFF10
:10E65000EAFFD2FFCAFFD1FFD2FFD5FFD1FFD1FF22
:10E66000CFFFD1FFD1FFCDFFD1FFD5FFDAFFD4FF20
:10E67000000000000000000000000000000000009A
:10E68000000000000000000000000000F4FFFCFF9C
:10E690000200FDFFF7FFF6FFFBFF4000160002003F
:10E6A000DD009801D6005600730048013F02B40215
:10E6B000980242029D01D800690026001200E9FF7D
:10E6C000E5FFFDFFEBFFDEFFE5FFFCFF2400FAFFA7
:10E6D000E8FFD4FFCBFFD1FFD2FFD2FFD1FFCEFFA7
:10E6E000D0FFCEFFD1FFD0FFD2FFD7FFDDFFD5FF98
:10E6F000000000000000000000000000000000001A
:10E70000000000000000000000000000F6FFFEFF17
:10E710000500F9FFF5FFF5FFFDFF410015000300BF
:10E72000E4009C01D7005A00770049014B02C30264
:10E73000A5024D02A101DB00700029001B00E8FFCB
:10E74000E6FF0400F1FFE0FFEAFF01002300FCFF09
:10E75000EAFFD3FFCAFFD2FFD1FFD3FFD0FFD0FF24
:10E76000CEFFD0FFCFFFCEFFD1FFD6FFDCFFD4FF1F
:10E770000000000000000000000000000000000099
:10E78000000000000000000000000000F5FFF8FF9E
:10E790000500FBFFF8FFF5FFFDFF3D001700070038
:10E7A000DE009301CF005600760049014602BD020B
:10E7B000A10246029B01DA006C0026001900ECFF62
:10E7C000E9FF0100F3FFE3FFEBFFFEFF2600FEFF82
:10E7D000EDFFD4FFCCFFD3FFD3FFD3FFD4FFCEFF99
:10E7E000CDFFD0FFD0FFD2FFCFFFD5FFDBFFD8FF9B
:10E7F0000000000000000000000000000000000019
:10E80000000000000000000000000000F3FFFCFF1B
:10E810000600FCFFF7FFF3FFFDFF400015000600B8
:10E82000E2009701CF005500730042013902B202A5
:10E830009C023C029801D4006B0026001500EBFFFF
:10E84000E9FF0000EFFFE0FFE9FFFDFF2200FCFF12
:10E85000EAFFD4FFCBFFD4FFD3FFD3FFD3FFD3FF17
:10E86000CEFFCFFFD2FFD0FFD1FFD9FFDAFFD6FF17
:10E870000000000000000000000000000000000098
:10E88000000000000000000000000000F4FFFCFF9A
:10E890000500FAFFF4FFF4FFFDFF3D001300010047
:10E8A000DE009501D20053006E003D013402AA0241
:10E8B0008E023D029601DA006E0026001400E9FF88
:10E8C000E7FF0200EDFFE2FFEAFF01002300FBFF8C
:10E8D000E9FFD5FFCDFFD3FFD2FFD3FFD2FFCEFF9D
:10E8E000D0FFCFFFD1FFCEFFD3FFD5FFD9FFD6FF9B
:10E8F0000000000000000000000000000000000018
:10E90000000000000000000000000000F1FFFAFF1E
:10E910000500FBFFF5FFF5FFFAFF410014000400BE
:10E92000DC009601D300580073003E0127029F02CD
:10E93000840238029B01DA006A0027001300EAFF14
:10E94000E8FF0000EDFFE1FFE7FFFFFF2400F9FF14
:10E95000E6FFD2FFCBFFD2FFD1FFD1FFD2FFD1FF25
:10E96000D0FFCFFFD1FFCDFFD2FFD7FFDAFFD5FF1A
:10E970000000000000000000000000000000000097
:10E98000000000000000000000000000F4FFFDFF98
:10E990000300FBFFF3FFF3FFFAFF3D00120003004B
:10E9A000D6009601D300530077002F010E02860295
:10E9B0007E0230029401DE0071002B001400E9FF9A
:10E9C000E9FF0400F1FFE0FFE9FF01002400FCFF84
:10E9D000E7FFD4FFCCFFD2FFD3FFD3FFD1FFCEFFA1
:10E9E000CFFFD0FFD0FFD0FFD1FFD8FFDDFFD3FF97
:10E9F0000000000000000000000000000000000017
:10EA0000000000000000000000000000F4FFFEFF16
:10EA10000400FDFFF9FFF3FFFBFF400018000500B5
:10EA2000D8009A01D60057007A00300110028802FF
:10EA3000810236029401DE006E0029001600ECFF10
:10EA4000E8FF0400EFFFE2FFEEFF06002600FCFFF8
:10EA5000ECFFD7FFCEFFD4FFD3FFD4FFD3FFD2FF0D
:10EA6000D3FFD2FFD1FFD1FFD5FFD7FFDFFFD8FF04
:10EA70000000000000000000000000000000000096
:10EA8000000000000000000000000000F3FFFDFF98
:10EA90000700FCFFF5FFF6FFFCFF4000150000003B
:10EAA000DD009801D5005300730037012702A10251
:10EAB000950238029401DC00700029001700ECFF79
:10EAC000E9FFFFFFF4FFE1FFE9FFFCFF2500FAFF8C
:10EAD000EBFFD3FFCFFFD3FFD3FFD2FFD0FFD0FF99
:10EAE000D0FFD1FFD0FFCEFFD3FFD8FFDDFFD4FF93
:10EAF0000000000000000000000000000000000016
:10EB0000000000000000000000000000F4FFFEFF15
:10EB10000200FCFFF7FFF7FFFAFF400012000200BF
:10EB2000DD009901D1005300760038012302A202D2
:10EB300091023C029301D6006C0022001400E8FF11
:10EB4000E8FF0100F2FFDEFFE9FFFBFF2300F6FF15
:10EB5000E8FFD3FFC8FFD2FFD2FFD1FFD3FFCEFF24
:10EB6000CBFFD0FFCEFFCDFFD1FFD7FFDBFFD4FF20
:10EB70000000000000000000000000000000000095
:10EB8000000000000000000000000000F4FFFAFF99
:10EB90000100FCFFF6FFF3FFFAFF3C00100000004D
:10EBA000DB008D01CC0054006F003F013F02B70233
:10EBB00097024402A101D300650022000F00E6FF86
:10EBC000E5FFFBFFECFFDFFFE5FFFAFF1F00F7FFAC
:10EBD000E8FFD4FFCBFFD1FFD2FFCFFFCEFFCDFFA9
:10EBE000CDFFCDFFCFFFCBFFD1FFD8FFD9FFD4FFA3
:10EBF0000000000000000000000000000000000015
:10EC0000000000000000000000000000F7FFFFFF10
:10EC100008000100F9FFF6FFF9FF410016000600A9
:10EC2000D7009201CE00570077004D016402D30255
:10EC300094025A02BB01D000620020001000E5FFE0
:10EC4000E5FFFAFFE9FFDBFFE4FF00002500F9FF25
:10EC5000E7FFD2FFCBFFD3FFD4FFD2FFD1FFD2FF1C
:10EC6000D0FFCFFFCEFFD2FFD2FFD6FFDBFFD4FF16
:10EC70000000000000000000000000000000000094
:10EC8000000000000000000000000000F4FFFAFF98
:10EC90000600FBFFF6FFF5FFFDFF42001600030034
:10ECA000DB009601D0005600750052016E02D202C0
:10ECB00083025702C801D400610021000F00E8FF61
:10ECC000E3FFF7FFE8FFD9FFE5FF04002800FAFFA4
:10ECD000E5FFD2FFCBFFD1FFD0FFD3FFD1FFD0FFA5
:10ECE000CEFFCEFFD0FFCDFFD1FFD4FFDAFFD4FFA0
:10ECF0000000000000000000000000000000000014
:10ED0000000000000000000000000000F5FFF9FF17
:10ED10000500FEFFF3FFF5FFFBFF3B0012000100C3
:10ED2000DD009E01D20054007600380120029602D8
:10ED300082023B029601DB00670024001000E8FF1E
:10ED4000E7FFFBFFECFFDEFFE4FFFCFF1E00F9FF27
:10ED5000E8FFD5FFCCFFD0FFD2FFD2FFD2FFD1FF1B
:10ED6000CDFFCFFFD1FFCFFFD2FFD6FFDAFFD7FF16
:10ED70000000000000000000000000000000000093
:10ED8000000000000000000000000000F3FFFCFF96
:10ED90000400F9FFF5FFF4FFFAFF3E001400040041
:10EDA000E000A001D400520074002901F9017802AA
:10EDB000840225027901DF0077002C001500EAFFAC
:10EDC000E9FF0200F2FFE2FFE7FFF9FF1B00F9FF96
:10EDD000EDFFD5FFCCFFD5FFD2FFD1FFD1FFD3FF91
:10EDE000CEFFCFFFD3FFCFFFD0FFD4FFDAFFD5FF99
:10EDF0000000000000000000000000000000000013
:10EE0000000000000000000000000000F4FFFCFF14
:10EE10000300FCFFF7FFF5FFFAFF420014000200B9
:10EE2000E3009E01D400550073003C011A028B02DE
:10EE30007E0234029101DC006E0026000F00E6FF26
:10EE4000E7FF0000EAFFDAFFE5FFFCFF2400F9FF1F
:10EE5000EAFFD1FFCDFFD3FFD1FFD1FFCEFFD2FF1D
:10EE6000D0FFCEFFCFFFCDFFD2FFD5FFDAFFD4FF1B
:10EE70000000000000000000000000000000000092
:10EE8000000000000000000000000000F4FFFCFF94
:10EE90000300FAFFF5FFF5FFFBFF3C001400040040
:10EEA000E0009A01D100530070003A012A029C024E
:10EEB00082022D028C01D600690024000F00E6FFBB
:10EEC000E4FFFAFFE9FFDBFFE4FFFFFF1D00F5FFB2
:10EED000E6FFD2FFCCFFD3FFD5FFD2FFD3FFD1FF98
:10EEE000CFFFCEFFD0FFCFFFD2FFD4FFD8FFD4FF9C
:10EEF0000000000000000000000000000000000012
:10EF0000000000000000000000000000F6FFFEFF0F
:10EF10000400FBFFF4FFF6FFFBFF3F0015000500B8
:10EF2000E3009901D00053006D0042012C029C02C5
:10EF3000850232028E01DB00720027001200E8FF1A
:10EF4000E7FFFDFFEBFFDBFFE7FF02002100FDFF16
:10EF5000E9FFD3FFCEFFD6FFD3FFD2FFD2FFD2FF10
:10EF6000CFFFD1FFD1FFD2FFD4FFD7FFDEFFD6FF07
:10EF70000000000000000000000000000000000091
:10EF8000000000000000000000000000F2FFFFFF92
:10EF90000400FEFFF4FFF4FFF9FF3F00140004003B
:10EFA000E7009A01D0005600720048014402B20204
:10EFB0007E023C02A401DA00690023001300E8FF8E
:10EFC000E8FFFAFFEBFFDFFFEBFF07002600FAFF89
:10EFD000E6FFD3FFCBFFD3FFD3FFD1FFD0FFD0FF9E
:10EFE000CFFFCEFFD2FFD1FFD2FFD5FFDBFFD4FF93
:10EFF0000000000000000000000000000000000011
:10F00000000000000000000000000000F3FFFFFF10
:10F010000400FCFFF7FFF6FFFAFF420016000300B2
:10F02000E900A501D8005900740047014002AC0274
:10F030007E023E02A501DC00680027001300E9FF04
:10F04000E5FFFEFFEDFFDEFFEDFF0A002700FAFF00
:10F05000E9FFD0FFCBFFD3FFCFFFD2FFD2FFD1FF1D
:10F06000CEFFCEFFD0FFCFFFD0FFD7FFDFFFD4FF13
:10F070000000000000000000000000000000000090
:10F08000000000000000000000000000F6FFFEFF8E
:10F090000600FFFFF6FFF4FFFCFF3C001100030039
:10F0A000E0009D01D100570073003D012A02960245
:10F0B0006F022E029501D6006B0024001200EAFFB9
:10F0C000E7FFFDFFEAFFDDFFEBFF06002500F8FF8D
:10F0D000E7FFD3FFCEFFD5FFD4FFD6FFD6FFD2FF89
:10F0E000D0FFD1FFD1FFD1FFD5FFD7FFDCFFD7FF86
:10F0F0000000000000000000000000000000000010
:10F10000000000000000000000000000F3FFFDFF11
:10F110000300FDFFF7FFF5FFFBFF3F0014000500B4
:10F12000E3009D01D4005800780035010D027F02F4
:10F130006F022A029001DF006F002A001000E6FF34
:10F14000E9FFFDFFEBFFDEFFEEFF090025000000F9
:10F15000E9FFD5FFCDFFD4FFD1FFD0FFD3FFD0FF14
:10F16000D0FFD2FFCFFFCEFFD2FFD6FFDCFFD5FF0F
:10F17000000000000000000000000000000000008F
:10F18000000000000000000000000000F4FFFAFF93
:10F190000200F9FFF7FFF6FFFBFF3E00130001003E
:10F1A000E100A101D500550073002C010202750297
:10F1B000680224029101E20070002A000E00E7FFBD
:10F1C000E7FFFFFFEBFFDEFFEDFF07002400F9FF85
:10F1D000E8FFD4FFCFFFD4FFD3FFD2FFD3FFD2FF8E
:10F1E000CEFFCEFFD1FFD3FFD3FFD9FFDDFFD4FF8A
:10F1F000000000000000000000000000000000000F
:10F20000000000000000000000000000F2FFFAFF14
:10F210000500FBFFF6FFF4FFFAFF3E0015000300B8
:10F22000E100A301D600540075003A0118028602DD
:10F2300069022B029A01DA00670026000E00E5FF42
:10F24000E1FFFBFFEAFFDEFFEDFF09002300F6FF11
:10F25000E5FFD3FFCCFFD2FFD3FFD0FFD0FFD0FF1D
:10F26000D0FFD3FFD1FFCFFFCFFFD6FFDBFFD7FF0C
:10F27000000000000000000000000000000000008E
:10F28000000000000000000000000000F3FFFAFF93
:10F290000100FBFFF7FFF2FFFEFF3E00120002003D
:10F2A000E000A501D300560077003B0120028A024E
:10F2B0005E022D02A001DC00660026000A00E6FFC7
:10F2C000E4FFFAFFE6FFDBFFEBFF0A002700F9FF90
:10F2D000E1FFD3FFC9FFD1FFD0FFD2FFD1FFD0FFA5
:10F2E000CEFFD1FFD0FFCFFFD2FFD7FFD9FFD4FF92
:10F2F000000000000000000000000000000000000E
:10F30000000000000000000000000000F5FFFDFF0D
:10F310000300F9FFF7FFF3FFFBFF3B0017000500B9
:10F32000E100A101CF005500780047012C029102B5
:10F3300061023302A201D800640025000E00E7FF3D
:10F34000E3FFF8FFEAFFDFFFEEFF09002500F5FF0E
:10F35000E5FFD3FFCDFFD4FFD3FFD3FFD1FFD3FF12
:10F36000CFFFD2FFD3FFCFFFD2FFD4FFDCFFD5FF0B
:10F37000000000000000000000000000000000008D
:10F38000000000000000000000000000F6FFFBFF8E
:10F390000600FBFFF6FFF6FFFBFF3C001400010038
:10F3A000DC009B01CD00570071004D014502AC020D
:10F3B00073023C02AC01D900650026000F00E5FF96
:10F3C000E4FFFAFFE9FFDFFFECFF0D002400F9FF87
:10F3D000E4FFD2FFCDFFD2FFD3FFD3FFD1FFD0FF99
:10F3E000CFFFD0FFCFFFD3FFD3FFD7FFDCFFD5FF89
:10F3F000000000000000000000000000000000000D
:10F40000000000000000000000000000F4FFFBFF0F
:10F410000200FDFFF5FFF4FFFBFF40001A000400AF
:10F42000E400A501D4005B00760051014C02AF025C
:10F4300072023F02B101DA00680024000E00E8FF0A
:10F44000E3FFFDFFE8FFDBFFE8FF0C002700FBFF09
:10F45000E5FFD2FFCBFFD4FFD1FFD1FFD0FFD0FF1C
:10F46000C9FFD0FFD0FFD0FFD0FFD7FFDBFFD9FF10
:10F47000000000000000000000000000000000008C
:10F48000000000000000000000000000F3FFFCFF8F
:10F490000500FBFFF8FFF5FFFAFF40001400030032
:10F4A000E0009D01D200550073004D014C02A902FD
:10F4B00069024002B501D7005F0026000C00E6FF9C
:10F4C000E4FFFCFFE9FFDCFFEBFF0D002900F8FF84
:10F4D000E4FFD3FFCDFFD5FFD1FFD2FFCFFFD0FF99
:10F4E000CFFFCFFFCEFFD0FFD1FFD7FFDAFFD2FF94
:10F4F000000000000000000000000000000000000C
:10F50000000000000000000000000000F4FFFCFF0D
:10F510000600FFFFF4FFF3FFFBFF400015000300B0
:10F52000E2009E01D200560074004F014A02A90277
:10F5300060023B02B201D800660023000A00E2FF2D
:10F54000E3FFF7FFE5FFDDFFEDFF0C002800F5FF0F
:10F55000E6FFD2FFCDFFD0FFD2FFD1FFD2FFCEFF1B
:10F56000CAFFCEFFD0FFCDFFD3FFD6FFD9FFD4FF18
:10F57000000000000000000000000000000000008B
:10F58000000000000000000000000000F2FFFAFF91
:10F590000500FCFFF6FFF4FFFCFF41001400020031
:10F5A000E3009E01CF005600730055016302BC02C8
:10F5B00061024102BC01D2005C0021000800E1FFB1
:10F5C000DFFFF7FFE0FFD9FFEFFF0C002700F6FF9A
:10F5D000E3FFCFFFC9FFD0FFD2FFD0FFD1FFCFFFA6
:10F5E000CFFFD1FFCDFFCEFFD3FFD5FFD9FFD3FF94
:10F5F000000000000000000000000000000000000B
:10F60000000000000000000000000000F1FFFDFF0E
:10F610000600FDFFF5FFF5FFFBFF3F0017000300AD
:10F62000DD009A01CE00560072005B017302C00239
:10F6300057024102C501CE0057001D000500E2FF40
:10F64000DDFFF6FFE0FFDEFFEDFF10002B00F7FF10
:10F65000E0FFD2FFCEFFD1FFD1FFD2FFCFFFD0FF1F
:10F66000CFFFCFFFD1FFD0FFD0FFD9FFDDFFD6FF07
:10F67000000000000000000000000000000000008A
:10F68000000000000000000000000000F6FFFDFF89
:10F690000800FDFFF6FFF9FFFCFF42001800040020
:10F6A000E1009E01CF00590075005B017402C902A0
:10F6B0005B024902CB01D5005B0021000400E4FF9E
:10F6C000E0FFF4FFE4FFDEFFF0FF13002B00F8FF84
:10F6D000E7FFD2FFCEFFD2FFD3FFD3FFD2FFD4FF8D
:10F6E000D0FFD0FFD1FFD3FFD2FFD9FFDDFFD7FF7F
:10F6F000000000000000000000000000000000000A
:10F70000000000000000000000000000F4FFFDFF0A
:10F710000100FEFFF8FFF7FFFCFF400016000400A9
:10F72000DE009D01D100560076005E016802B6023F
:10F730004A023C02C701D30059001D000200E1FF4C
:10F74000DDFFF4FFE2FFDCFFECFF13002900F6FF12
:10F75000E2FFD4FFCDFFD1FFD2FFD1FFD1FFD2FF17
:10F76000CDFFCEFFCFFFD1FFD1FFD7FFD9FFD4FF11
:10F770000000000000000000000000000000000089
:10F78000000000000000000000000000F4FFFCFF8B
:10F790000300FBFFF6FFF6FFFAFF3F00150008002D
:10F7A000DA009B01CF005A00750057015D02AE02DE
:10F7B0003E023502C601D200580020000800E2FFD8
:10F7C000E1FFF7FFE2FFDEFFF3FF1A002700F8FF7B
:10F7D000E6FFD7FFD0FFD2FFD4FFD3FFD2FFD3FF86
:10F7E000D1FFD2FFD2FFD2FFD2FFD9FFDDFFD6FF7C
:10F7F0000000000000000000000000000000000009
:10F80000000000000000000000000000F3FFFDFF0A
:10F810000300FAFFF5FFF4FFFCFF3F0015000300B3
:10F82000D9009D01CD0058007A0056015A02A60267
:10F830002B022702BF01D00054001D00FFFFE1FF93
:10F84000E0FFF5FFE1FFDFFFF6FF1D002800F5FFF9
:10F85000E2FFD4FFCEFFD2FFD2FFD2FFD1FFD0FF15
:10F86000CEFFD0FFD1FFD1FFD2FFD8FFDDFFD3FF06
:10F870000000000000000000000000000000000088
:10F88000000000000000000000000000F8FFFFFF83
:10F890000600FBFFF6FFF7FFFBFF40001500070027
:10F8A000D4009801CF0055007700520152029D020A
:10F8B00026022102B701CD0051001C00FDFFDDFF33
:10F8C000DEFFF1FFE3FFE3FFF6FF1D002700F7FF78
:10F8D000E6FFD4FFD4FFD4FFD6FFD6FFD6FFD2FF7A
:10F8E000D1FFD2FFD3FFD4FFD6FFDBFFDDFFD8FF70
:10F8F0000000000000000000000000000000000008
:10F90000000000000000000000000000F3FFFBFF0B
:10F910000300FBFFF4FFF3FFF8FF3F0015000600B4
:10F92000DE009D01CE005800770059015702A50264
:10F9300033022902BE01CF0055001D00FFFFE3FF87
:10F94000DFFFF6FFE2FFE0FFF5FF1C002400F7FFFA
:10F95000E5FFD4FFCEFFD2FFD0FFD3FFD3FFD4FF0C
:10F96000D0FFD1FFD1FFD5FFD5FFD9FFD9FFD4FFFD
:10F970000000000000000000000000000000000087
:10F98000000000000000000000000000F4FFFDFF88
:10F990000800FDFFF6FFF4FFFBFF4000140003002A
:10F9A000DB009B01D10056007B0054014202920211
:10F9B0002E022202B301D40057001F000100E0FF15
:10F9C000DFFFF6FFDFFFDDFFF5FF1D002600F2FF82
:10F9D000E1FFD4FFCEFFD1FFD2FFD1FFD2FFD2FF94
:10F9E000CFFFD1FFCFFFD2FFD2FFD3FFDBFFD2FF8C
:10F9F0000000000000000000000000000000000007
:10FA0000000000000000000000000000F4FFFEFF06
:10FA10000300FBFFF4FFF5FFFCFF3F0014000500AF
:10FA2000D7009C01CD0057007B005A0157029E026F
:10FA300025022002BA01CF0051001F00FFFFE1FFA5
:10FA4000DCFFF2FFE1FFDFFFF9FF1E002600F5FFFC
:10FA5000E3FFD5FFCEFFD1FFD1FFD4FFD1FFD1FF10
:10FA6000D1FFCCFFD0FFD0FFD1FFD8FFD5FFD5FF0E
:10FA70000000000000000000000000000000000086
:10FA8000000000000000000000000000F4FFFAFF8A
:10FA90000700FDFFF5FFF5FFF8FF3D00160003002E
:10FAA000D5009601CC00570075005E016C02A902DA
:10FAB00008021802BA01C4004A001C00F9FFDCFF6A
:10FAC000DAFFF1FFE2FFE0FFF5FF1A002500F1FF8A
:10FAD000E1FFD5FFD0FFD3FFD0FFD1FFD5FFD3FF8C
:10FAE000D1FFD1FFD2FFD5FFD3FFD9FFDDFFDAFF72
:10FAF0000000000000000000000000000000000006
:10FB0000000000000000000000000000F5FFFCFF06
:10FB10000300FCFFF8FFF4FFF9FF420019000400A6
:10FB2000D8009E01CD0057007A0054014C02880293
:10FB300004020D02AA01C9004F001D00F9FFDDFFFC
:10FB4000D8FFF3FFDEFFE1FFF6FF21002500F2FF03
:10FB5000E3FFD6FFD1FFD2FFD1FFD4FFD1FFD6FF05
:10FB6000D1FFD1FFD1FFD2FFD3FFD7FFDBFFD5FFFE
:10FB70000000000000000000000000000000000085
:10FB8000000000000000000000000000F5FFFEFF84
:10FB90000300FCFFF7FFF6FFFAFF44001600070022
:10FBA000E100A501D10058007B004E012C0270023B
:10FBB00010020802A301D2005B0027000500E4FF49
:10FBC000E4FFF8FFE1FFE2FFFEFF25002900F7FF59
:10FBD000E8FFD5FFD1FFD2FFD4FFD3FFD5FFD8FF79
:10FBE000D2FFD3FFD5FFD6FFD5FFD8FFDEFFD7FF6B
:10FBF0000000000000000000000000000000000005
:10FC0000000000000000000000000000F2FFFDFF07
:10FC10000700FCFFF7FFF4FFFFFF4300170003009E
:10FC2000E200A001CC00580078004E012E027402C0
:10FC300015020D029F01CF0059002100FFFFE6FFD2
:10FC4000E4FFF7FFE6FFE4FFFCFF21002A00F7FFD7
:10FC5000E4FFD7FFD2FFD6FFD6FFD4FFD6FFD6FFF3
:10FC6000D2FFD1FFD4FFD6FFD2FFD8FFDEFFD6FFF1
:10FC70000000000000000000000000000000000084
:10FC8000000000000000000000000000F4FFFBFF87
:10FC90000800FCFFF5FFF6FFFCFF4200170006001E
:10FCA000E500A401D100540074004B011E0269025A
:10FCB000150207029A01D5005B001E000200E1FF59
:10FCC000E4FFFBFFE4FFE2FFFEFF24002C00F8FF4F
:10FCD000E6FFD4FFD1FFD3FFD5FFD3FFD2FFD8FF7C
:10FCE000D2FFD3FFD2FFD3FFD5FFD7FFDBFFD5FF76
:10FCF0000000000000000000000000000000000004
:10FD0000000000000000000000000000F6FF0100FD
:10FD100006000000F7FFF3FFF9FF41001A0005009D
:10FD2000E600A701CE005600740049011E026702DA
:10FD30001E0209029701D1005C0025000300E6FFC6
:10FD4000E6FFF9FFE7FFDFFF010021002700F6FFD4
:10FD5000E2FFD3FFD0FFD2FFD2FFD5FFD5FFD5FF03
:10FD6000D2FFD3FFD3FFD5FFD4FFDBFFDCFFD8FFEB
:10FD70000000000000000000000000000000000083
:10FD8000000000000000000000000000F4FFF9FF88
:10FD90000200FAFFF6FFF4FFF9FF3E001400050031
:10FDA000E200A401CE00580075004E012602740244
:10FDB00020020C02A101D6005E0025000700E5FF2D
:10FDC000E4FFFBFFE5FFE1FFFFFF21002900F7FF54
:10FDD000E4FFD3FFD0FFD2FFD1FFD2FFD3FFD3FF89
:10FDE000D0FFD0FFCFFFD3FFD3FFD9FFD9FFD5FF7F
:10FDF0000000000000000000000000000000000003
:10FE0000000000000000000000000000F4FFFFFF01
:10FE10000400FBFFF6FFF6FFFDFF4300160006009F
:10FE2000E200AA01D0005400790049011E026702D5
:10FE30001C0202029A01D2005F0021000800E8FFC4
:10FE4000E6FFFCFFE9FFE5FF080029002C00F7FFB3
:10FE5000E6FFD6FFD3FFD5FFD7FFD4FFD4FFD4FFF3
:10FE6000D1FFD3FFD6FFD6FFD6FFDBFFE1FFDAFFDE
:10FE70000000000000000000000000000000000082
:10FE8000000000000000000000000000F1FFFEFF85
:10FE90000700FFFFF6FFF5FFF9FF3C001200050029
:10FEA000DE009E01CB00570072004901210268026A
:10FEB0000E02FF019901D00057001F000300E1FF6F
:10FEC000E3FFF9FFE2FFE3FF020028002300F4FF55
:10FED000E1FFD4FFCFFFD1FFD4FFD2FFD1FFD6FF88
:10FEE000D3FFD0FFD1FFD4FFD1FFD7FFDAFFD4FF7C
:10FEF0000000000000000000000000000000000002
:10FF0000000000000000000000000000F4FFFDFF02
:10FF10000800FDFFF5FFF5FFF7FF410017000600A1
:10FF2000DD00A001CB0054007100480117026502FA
:10FF30000A02F9019301D10055001D000100E2FF02
:10FF4000DEFFF8FFE1FFE4FF030027002900F8FFD0
:10FF5000E5FFD6FFCEFFD3FFD4FFD1FFD5FFD4FFFF
:10FF6000D2FFD2FFD3FFD6FFD4FFD9FFDBFFD4FFF0
:10FF70000000000000000000000000000000000081
:10FF8000000000000000000000000000F4FF01007D
:10FF90000900FDFFF8FFF5FFFBFF3F00150004001F
:10FFA000E000A701D100580079003E010302500291
:10FFB0000802F5019201DA005F0025000500E5FF67
:10FFC000E6FFF9FFE5FFE7FF0C002A002400F5FF3C
:10FFD000E4FFD6FFD2FFD3FFD4FFD4FFD4FFD4FF7A
:10FFE000D2FFD4FFD2FFD4FFD4FFD8FFDBFFD5FF71
:10FFF0000000000000000000000000000000000001
:020000040802F0
:10000000000000000000000000000000F5FFFBFF02
:100010000600FFFFF8FFF4FFF9FF390015000700A5
:10002000D5009C01C700550074003801020243024C
:10003000EA01E2018E01D10053001F000100E6FF3A
:10004000E7FFF6FFE5FFECFF10002A002200F4FFB7
:10005000E8FFD8FFD4FFD3FFD4FFD3FFD6FFD6FFEE
:10006000D4FFD5FFD6FFDBFFD6FFDFFFDFFFD7FFD3
:100070000000000000000000000000000000000080
:10008000000000000000000000000000F2FFFCFF84
:100090000200FAFFF7FFF5FFF9FF41001500060027
:1000A000D8009801C90054007C00330108024302C3
:1000B000C501CE018301CE004E001D000000E4FF0B
:1000C000E1FFF3FFE3FFF1FF15002D001E00F2FF3B
:1000D000E9FFE0FFD7FFD4FFD6FFD7FFD6FFD9FF58
:1000E000D5FFD8FFD9FFD8FFD6FFDBFFDDFFD6FF56
:1000F0000000000000000000000000000000000000
:10010000000000000000000000000000F4FFFDFF00
:100110000200FBFFF6FFF4FFFCFF3D0019000900A1
:10012000D3009601C70054007B002701F60130027E
:10013000B901C3017901CF004D001D00FBFFE3FFB2
:10014000DEFFF1FFE3FFF0FF160028001A00F2FFC8
:10015000E9FFE2FFD6FFD6FFD6FFD5FFD5FFD9FFD7
:10016000D5FFD8FFD7FFD9FFD5FFDDFFDDFFD5FFD6
:10017000000000000000000000000000000000007F
:10018000000000000000000000000000F7FFFCFF7E
:100190000600FBFFF7FFF5FFFAFF3F001500060022
:1001A000D6009B01C80052007300370109024002CB
:1001B000D601D7018701CC004E001E000000E2FFEF
:1001C000E4FFF5FFE5FFEEFF130029001B00F1FF40
:1001D000E8FFDEFFD8FFD5FFD7FFD6FFD8FFD7FF58
:1001E000D6FFD8FFD8FFDBFFD7FFDCFFDDFFD8FF4E
:1001F00000000000000000000000000000000000FF
:10020000000000000000000000000000F6FFFEFFFC
:100210000200FAFFF6FFF6FFFBFF3D0017000500A6
:10022000D4009601C80054007600470127026302FB
:10023000EA01F0019C01D20052001D000100E1FF23
:10024000E2FFEFFFE1FFEBFF0E0030002300F3FFC2
:10025000E6FFD9FFD2FFD2FFD5FFD5FFD3FFD5FFF1
:10026000D3FFD4FFD4FFD2FFD2FFDAFFD8FFD6FFEF
:10027000000000000000000000000000000000007E
:10028000000000000000000000000000F6FFFEFF7C
:100290000400FBFFF6FFF6FFFBFF43001500040020
:1002A000D8009901C800580075005F014B0289020F
:1002B00003020702AA01CB0050001A00FDFFE1FF74
:1002C000E0FFF6FFE1FFE5FF06002B002900F4FF49
:1002D000E3FFD5FFD2FFD4FFD2FFD4FFD3FFD8FF77
:1002E000D2FFD3FFD1FFD4FFD4FFD7FFDAFFD5FF72
:1002F00000000000000000000000000000000000FE
:10030000000000000000000000000000F7FFFBFFFD
:100310000300FAFFF6FFF1FFF8FF410018000500A7
:10032000DA009B01CC00580071006C016502A50247
:100330001A021E02BC01CC0052001F000000E1FFA7
:10034000E1FFF2FFE0FFE1FF040029002900F8FFD0
:10035000E0FFD2FFCEFFD4FFD0FFD1FFD2FFD3FF0B
:10036000CFFFD2FFD0FFD3FFD5FFD7FFD8FFD4FFF9
:10037000000000000000000000000000000000007D
:10038000000000000000000000000000F5FFFFFF7B
:100390000700FBFFF9FFF6FFFEFF41001800070012
:1003A000DC009801C7005A006D007A018702C7027D
:1003B0002B023202CB01CD00520020000200E5FFEB
:1003C000E2FFF3FFDFFFDFFFFDFF29002B00F8FF57
:1003D000E2FFD3FFD1FFD4FFD1FFD2FFD6FFD7FF7B
:1003E000CFFFD0FFD3FFD5FFD2FFD8FFDDFFD6FF71
:1003F00000000000000000000000000000000000FD
:10040000000000000000000000000000F4FFFEFFFC
:1004100006000000F7FFF6FFFDFF4100180008008E
:10042000D8009A01C9005E00730086019302C402DD
:100430001F022A02CA01CA0055001C000100E2FF87
:10044000DEFFF2FFE3FFE3FF010028002A00F6FFD2
:10045000E4FFD4FFD2FFD6FFD6FFD5FFD5FFD9FFEB
:10046000D1FFD3FFD3FFD4FFD6FFD7FFDDFFD3FFEC
:10047000000000000000000000000000000000007C
:10048000000000000000000000000000F4FFFEFF7C
:100490000500FAFFF7FFF5FFFBFF3F00180005001E
:1004A000D9009601C9005B00710084019B02CD0256
:1004B0001B023102CF01C70050001D00FEFFE0FF0C
:1004C000DAFFEEFFDEFFE1FF00002C002B00F4FF5F
:1004D000DFFFD3FFCEFFCFFFD3FFD0FFD2FFD5FF8B
:1004E000D1FFD0FFCFFFD2FFD0FFD7FFD8FFD1FF82
:1004F00000000000000000000000000000000000FC
:10050000000000000000000000000000F5FFFCFFFC
:100510000400FFFFF6FFF5FFFBFF40001700070098
:10052000DE009901C9005D0071008C019B02CD02C3
:1005300029023202CE01C30051001E000000E2FF7A
:10054000DCFFF2FFDFFFDFFFFDFF2A002B00F5FFDE
:10055000DEFFCFFFCFFFD0FFD5FFD2FFD4FFD6FF06
:10056000D1FFD1FFCFFFD4FFD2FFD8FFDAFFD2FFF8
:10057000000000000000000000000000000000007B
:10058000000000000000000000000000F4FFFEFF7B
:100590000100FDFFF7FFF5FFFAFF4200190004001C
:1005A000E0009B01CC005C0070009001B102E6020B
:1005B00038024402E001CF00580025000400E1FFAA
:1005C000DBFFF4FFDEFFDAFFFCFF2C003200F7FF59
:1005D000E1FFD0FFCDFFD0FFD5FFD2FFD2FFD7FF85
:1005E000D1FFD0FFCFFFD0FFCFFFD7FFD7FFD1FF85
:1005F00000000000000000000000000000000000FB
:10060000000000000000000000000000F6FFFEFFF8
:100610000500FCFFF7FFF6FFFDFF43001900070090
:10062000DC009801C8005E006E009A01C502F0026D
:1006300039024A02E301C80053001E000100E1FF35
:10064000DDFFEFFFDDFFDDFFFDFF29002E00F9FFDD
:10065000E2FFCFFFCCFFD2FFD6FFD1FFCEFFD4FF0A
:10066000D1FFCEFFD1FFD3FFD2FFD7FFD9FFD4FFF9
:10067000000000000000000000000000000000007A
:10068000000000000000000000000000F5FFFEFF79
:100690000600FDFFF7FFF3FFFDFF3E00150007001A
:1006A000D9009701C6005E006F009401BD02E6020A
:1006B00037024202DF01C5004F001E000200E0FFCA
:1006C000DAFFF0FFDFFFDBFFFBFF2A003200F9FF5C
:1006D000E1FFD0FFCEFFD3FFD3FFD5FFD3FFD6FF7F
:1006E000D0FFD1FFD0FFD2FFD4FFD8FFD8FFD3FF78
:1006F00000000000000000000000000000000000FA
:10070000000000000000000000000000F8FF0000F2
:100710000300FCFFF6FFF5FFFBFF3E00160007009D
:10072000DD009901CA005D006E009501B902E90281
:1007300034024602E001C80052001E00FFFFE5FF40
:10074000DAFFEDFFDEFFDFFFFDFF2C003000FAFFD8
:10075000E0FFD3FFCDFFD2FFD5FFD2FFD6FFD7FFFB
:10076000D0FFD0FFD1FFD3FFD3FFD6FFDBFFD3FFF6
:100770000000000000000000000000000000000079
:10078000000000000000000000000000F8FFFEFF75
:100790000600FBFFF6FFF5FFFBFF3D00170006001C
:1007A000DD009C01C8005F006E009801C002EF02EE
:1007B0003A024702E001C80050001B000100DFFFC1
:1007C000D9FFEDFFDDFFDCFFFCFF28002D00F6FF69
:1007D000DFFFD1FFCCFFD4FFD2FFD0FFD2FFD4FF89
:1007E000CFFFD0FFD2FFD1FFD3FFD9FFDCFFD3FF74
:1007F00000000000000000000000000000000000F9
:10080000000000000000000000000000F3FFFBFFFC
:100810000300FAFFF7FFF4FFFDFF41001600070099
:10082000E0009A01CB005B006E009B01BD02F0026C
:1008300040025002E701CF0052001E000100E0FF1D
:10084000DAFFF3FFDCFFDFFFFCFF2D003600F9FFCE
:10085000E2FFD0FFCBFFCEFFCFFFCDFFCDFFD3FF19
:10086000CFFFCDFFD2FFD1FFD1FFD6FFD8FFD1FF01
:100870000000000000000000000000000000000078
:10088000000000000000000000000000F3FFF9FF7E
:100890000200FBFFF6FFF3FFFDFF3F00180008001A
:1008A000E2009B01CD00610070009801B002E302FC
:1008B00041024802DA01CE0053001F000400E2FFAB
:1008C000DEFFF2FFDEFFE0FFFBFF29003100F9FF52
:1008D000E1FFD0FFCDFFCEFFD1FFD0FFD3FFD8FF88
:1008E000D1FFCEFFCEFFD3FFD1FFD6FFD6FFD1FF82
:1008F00000000000000000000000000000000000F8
:10090000000000000000000000000000F6FFFDFFF6
:100910000500FDFFF7FFF8FFFCFF4100170008008E
:10092000E1009B01C9005E006F009901BE02EC026C
:1009300042024D02E501CC0053001C000300E3FF1E
:10094000E0FFF4FFE0FFE0FF02002C003200FBFFBD
:10095000E3FFD1FFCFFFD0FFD4FFD3FFD2FFD7FFFC
:10096000D1FFCEFFCFFFD1FFD1FFD7FFDBFFD2FFFB
:100970000000000000000000000000000000000077
:10098000000000000000000000000000F5FFFFFF75
:100990000900FFFFF8FFF5FFF9FF44001A00070008
:1009A000E0009B01CA00600078009801BF02ED02E0
:1009B00037024B02E401C900560020000000E0FFAE
:1009C000DDFFF1FFDCFFDDFFFBFF2E002F00F9FF55
:1009D000DFFFD1FFCEFFD1FFD4FFD2FFD3FFD4FF83
:1009E000D2FFD0FFD3FFD3FFD1FFD7FFDAFFD5FF70
:1009F00000000000000000000000000000000000F7
:100A0000000000000000000000000000F6FFFEFFF4
:100A10000700FBFFF7FFF7FFFBFF3C00130003009D
:100A2000DD009801C9005B00700088019902C802CE
:100A30001B023002CB01C80050001E00FFFFDFFF89
:100A4000D8FFEDFFDBFFDCFFFBFF2C002B00F7FFE7
:100A5000DCFFD1FFCCFFD1FFD2FFD1FFD1FFD5FF0B
:100A6000D0FFD1FFD0FFD3FFD0FFD6FFD8FFD3FFF9
:100A70000000000000000000000000000000000076
:100A8000000000000000000000000000F4FFFBFF79
:100A90000400FBFFF7FFF5FFFDFF41001600080013
:100AA000E500A601CD006000730087018302B60255
:100AB00018022602C201CB00590022000300E4FF05
:100AC000DBFFF3FFE2FFE0FF010030003000FAFF40
:100AD000E1FFD1FFCDFFD2FFD4FFD3FFD5FFD5FF7C
:100AE000D0FFD0FFD0FFD2FFD1FFD8FFD9FFD6FF74
:100AF00000000000000000000000000000000000F6
:100B0000000000000000000000000000F5FFFEFFF4
:100B100006000000F7FFF4FFFBFF4000170006008F
:100B2000DB009B01C5005800710081017902A90218
:100B30000F021702B701C50056001C000100E3FFB9
:100B4000DFFFF0FFDEFFE2FFFFFF2C002B00F6FFD0
:100B5000E0FFD1FFD1FFD3FFD4FFD3FFD6FFD8FFF3
:100B6000D1FFCFFFD0FFD5FFD2FFD8FFD9FFD3FFF2
:100B70000000000000000000000000000000000075
:100B8000000000000000000000000000F5FFFDFF75
:100B90000300FFFFF8FFF5FFFBFF3D001600090013
:100BA000E3009A01CA005A006C0086017D02B2027D
:100BB0001B022602B901C80056001D000100E2FF19
:100BC000DDFFF4FFDFFFDDFF02002E003100F9FF43
:100BD000E2FFD4FFCFFFD2FFD4FFD4FFD3FFD8FF73
:100BE000D2FFD1FFD1FFD4FFD2FFDAFFD8FFD4FF6D
:100BF00000000000000000000000000000000000F5
:100C0000000000000000000000000000F4FF0000F1
:100C10000A00FDFFF5FFF5FFF9FF4100170008008E
:100C2000E2009E01CC005A00700087017502AE02FE
:100C300022021E02B501CD00590023000700E5FF86
:100C4000E3FFF5FFE0FFDFFF060032003200FCFFAC
:100C5000E2FFD1FFCEFFD0FFD3FFD2FFD3FFD7FFFC
:100C6000D2FFD0FFCFFFD0FFCFFFD8FFD8FFD4FFF8
:100C70000000000000000000000000000000000074
:100C8000000000000000000000000000F4FFFDFF75
:100C90000800FCFFF6FFF7FFFCFF4100170008000B
:100CA000E2009E01CC0058006A0081017802AD028A
:100CB00016021902B101C8005A0024000700E6FF1D
:100CC000E0FFF2FFE0FFE1FF030033002F00F9FF38
:100CD000E1FFD0FFCFFFD1FFD2FFD2FFD3FFD6FF7E
:100CE000D0FFD2FFD0FFD4FFD0FFD6FFD6FFD3FF77
:100CF00000000000000000000000000000000000F4
:100D0000000000000000000000000000F2FFFDFFF6
:100D10000400F9FFF9FFF4FFFDFF4400180007008D
:100D2000DF009A01C6005B0069007F017D02B2020C
:100D30001D021D02B701CA00570020000400E7FF92
:100D4000E3FFF6FFDFFFE2FF050033002E00FAFFAE
:100D5000E3FFD2FFCFFFD1FFD6FFD5FFD6FFD8FFED
:100D6000D2FFD1FFD3FFD2FFD2FFD5FFDAFFD3FFEF
:100D70000000000000000000000000000000000073
:100D8000000000000000000000000000F6FFFEFF71
:100D90000400FDFFF6FFF4FFF8FF3D00150008001A
:100DA000DC009601C5005500670080017302AA02AD
:100DB00016021902AE01C90054001C000400E5FF30
:100DC000DFFFF2FFDEFFDEFF070032003200FAFF36
:100DD000E2FFD1FFCEFFD3FFD5FFD1FFD3FFD5FF79
:100DE000D1FFD0FFCFFFD1FFD0FFD5FFD7FFD5FF79
:100DF00000000000000000000000000000000000F3
:100E0000000000000000000000000000F4FFFCFFF4
:100E10000800FBFFF8FFF3FFFAFF420019000A0089
:100E2000E2009D01C6005D006B0096019502C502BF
:100E300025022802BD01C7005A0022000500E7FF75
:100E4000E1FFF3FFDFFFDEFF030034003000FDFFB2
:100E5000E2FFD1FFCFFFD0FFD6FFD2FFD6FFD6FFF4
:100E6000D1FFD1FFD1FFD2FFD0FFD9FFDBFFD5FFEC
:100E70000000000000000000000000000000000072
:100E8000000000000000000000000000F3FFFCFF75
:100E90000600FCFFF9FFF5FFFBFF4100190007000A
:100EA000E2009A01C6005C006E0092019202C2024A
:100EB00025022902BF01C400580020000600E7FFF8
:100EC000DFFFF3FFE1FFDFFF030031003000FAFF37
:100ED000DEFFD1FFCEFFD2FFD5FFD3FFD5FFDBFF73
:100EE000D1FFD3FFD0FFD4FFD2FFDAFFDCFFD3FF67
:100EF00000000000000000000000000000000000F2
:100F0000000000000000000000000000F5FFFCFFF2
:100F10000500F7FFF6FFF5FFFCFF42001A000A008C
:100F2000E1009701C600590068008F018A02BC02E7
:100F300021022802BF01C50059001F000800E7FF79
:100F4000DFFFF3FFE0FFE1FF0700340032000100A4
:100F5000E0FFD3FFCFFFD0FFD4FFD5FFD6FFD8FFF0
:100F6000D3FFD0FFD1FFD3FFD2FFD9FFD9FFD2FFEC
:100F70000000000000000000000000000000000071
:100F8000000000000000000000000000F3FFFBFF75
:100F90000600FEFFF5FFF5FFFCFF4200160005000E
:100FA000DD009901CA0059006D008D019502C20251
:100FB0001E022502C201CC005A0024000800E5FFF1
:100FC000E1FFF2FFE0FFE2FF070037003100FBFF27
:100FD000E2FFD1FFCEFFCEFFD3FFD0FFD5FFD5FF7D
:100FE000CFFFD0FFD3FFD2FFD3FFD6FFD6FFD3FF73
:100FF00000000000000000000000000000000000F1
:10100000000000000000000000000000F5FF0100EB
:101010000700FDFFF9FFF8FFFAFF42001600090084
:10102000DC009901C7005E006A008D019302C602D0
:101030001A022602C101C600560020000700E6FF82
:10104000DFFFF1FFE2FFE1FF030030002E00F9FFB8
:10105000DFFFD0FFCEFFD1FFD3FFD1FFD3FFD7FFFC
:10106000CFFFD0FFD2FFD4FFD0FFDDFFDBFFD4FFE7
:101070000000000000000000000000000000000070
:10108000000000000000000000000000F2FFFBFF75
:101090000400FBFFF6FFF3FFF8FF40001700070016
:1010A000DE009601C7005B00670090019502C60252
:1010B0001E022902C301C60057001E000200E6FFFF
:1010C000DDFFF2FFDCFFE0FF060033002E00FAFF39
:1010D000DFFFD2FFCEFFCFFFD2FFD2FFD5FFD7FF7A
:1010E000D1FFD0FFCFFFD1FFD2FFD6FFD8FFD4FF73
:1010F00000000000000000000000000000000000F0
:10110000000000000000000000000000F4FFFDFFF0
:101110000400FBFFF8FFF4FFFCFF3F001A0007008C
:10112000DE009A01C5005A0069009301A302CE02B5
:1011300026023102C701CA0056001E000200E4FF69
:10114000DEFFF1FFDDFFE0FF040031002F00FAFFBA
:10115000E3FFD2FFD1FFD0FFD5FFD2FFD3FFD7FFF0
:10116000D2FFD4FFD4FFD2FFD1FFDAFFD8FFD4FFE4
:10117000000000000000000000000000000000006F
:10118000000000000000000000000000F4FFFCFF71
:101190000200FBFFF5FFF8FFFCFF450016000A0008
:1011A000DA009601C8005C0069009901A702D2022A
:1011B00023023202CC01C70056001F000500E3FFE6
:1011C000DDFFEEFFDEFFDFFF020032002C00FAFF42
:1011D000DDFFD0FFCEFFCEFFD2FFD0FFD3FFD7FF82
:1011E000D2FFD0FFD2FFD2FFD2FFD7FFD9FFD6FF69
:1011F00000000000000000000000000000000000EF
:10120000000000000000000000000000F3FFFAFFF3
:101210000700FBFFF6FFF1FFF9FF420019000A008B
:10122000DE009601CA005E006D009A01A902D60296
:1012300025023602CE01C600570022000500E6FF57
:10124000DDFFEFFFDFFFDFFF050035003200F9FFB4
:10125000E0FFD0FFCBFFCFFFD4FFD0FFD4FFD5FFFF
:10126000D1FFCDFFD1FFD3FFD2FFDAFFD8FFD2FFEE
:10127000000000000000000000000000000000006E
:10128000000000000000000000000000F4FFFCFF70
:101290000400FDFFF4FFF6FFFBFF4100180009000A
:1012A000D9009501C9005E006B009B01AD02D6021A
:1012B00027023702D101CC00580021000500E4FFCD
:1012C000DEFFEFFFDBFFDFFF040036003100FBFF36
:1012D000DCFFD1FFCCFFCDFFD4FFD3FFD1FFD7FF81
:1012E000D1FFCCFFCEFFD1FFD0FFD4FFD6FFCFFF81
:1012F00000000000000000000000000000000000EE
:10130000000000000000000000000000F5FFFCFFEE
:101310000400FAFFF6FFF7FFFCFF3F00170006008E
:10132000DA009101C2005A0066009A01B102DD02A2
:1013300028023502CF01C40055001E000500E6FF5B
:10134000DDFFEFFFE0FFDFFF010032002F00FCFFB9
:10135000E2FFD3FFD1FFD1FFD1FFD1FFD6FFD8FFEE
:10136000D2FFD2FFD1FFD2FFCFFFDCFFDAFFD5FFE4
:10137000000000000000000000000000000000006D
:10138000000000000000000000000000F5FFFCFF6E
:101390000400FDFFF5FFF5FFF9FF3F00160009000F
:1013A000DE009501C4005D0067009F01B802E40201
:1013B0002A023A02D101C90056001F000400E3FFCF
:1013C000DEFFEFFFDFFFE1FF030032003200FCFF32
:1013D000E5FFD3FFCFFFD1FFD4FFD0FFD4FFD6FF6F
:1013E000D0FFD0FFD1FFD2FFD1FFD6FFD7FFD3FF71
:1013F00000000000000000000000000000000000ED
:10140000000000000000000000000000F4FFFEFFEC
:101410000700FBFFF7FFF5FFFCFF40001900090084
:10142000DC009601C40060006D00A401BA02E10274
:101430002C023802D601C400540020000300E6FF4D
:10144000DDFFF1FFDCFFE0FF010031002E00FCFFBB
:10145000E0FFD2FFCEFFD1FFD0FFD2FFD3FFDBFFF3
:10146000CFFFD4FFD1FFD3FFD2FFD9FFDBFFD3FFE4
:10147000000000000000000000000000000000006C
:10148000000000000000000000000000F4FFFFFF6B
:101490000800FCFFF6FFF4FFFBFF43001600080006
:1014A000E0009601C6005E006C00A101AF02DC0204
:1014B00025023602D101C80051001F000700E4FFD9
:1014C000DDFFEEFFDCFFDEFF020034003300FBFF38
:1014D000E1FFCDFFCFFFD0FFD1FFD1FFD2FFD7FF7C
:1014E000D2FFCEFFD1FFD3FFD0FFD8FFD6FFD3FF6F
:1014F00000000000000000000000000000000000EC
:10150000000000000000000000000000F5FFFCFFEC
:101510000500FBFFF4FFF6FFFBFF4000160007008D
:10152000D9009001C70060006A009B01AD02D4029F
:1015300022023602D901CB00550020000400E5FF4D
:10154000E0FFF3FFE1FFE1FF070034003300FEFF9F
:10155000E0FFD5FFC9FFD0FFD1FFD1FFD3FFD7FFF9
:10156000CEFFD0FFD0FFD1FFCEFFD6FFDAFFD0FFF6
:10157000000000000000000000000000000000006B
:10158000000000000000000000000000F7FF000065
:101590000600FCFFF6FFF6FFFAFF41001800060008
:1015A000D6009201C3005D0068009601A302CC0240
:1015B00024023402D001CA0055001B000600E4FFDB
:1015C000DDFFEDFFE1FFE0FF070034003000FBFF2F
:1015D000E6FFD1FFD2FFCEFFD9FFD2FFD6FFDAFF61
:1015E000D2FFD2FFD4FFD4FFD3FFDDFFDCFFD5FF56
:1015F00000000000000000000000000000000000EB
:10160000000000000000000000000000F6FFFEFFE8
:101610000500FAFFF6FFF6FFFCFF410017000A0085
:10162000D7009201C3005A006C009801A202CB02BD
:1016300024023202CE01C70051001E000400E5FF63
:10164000E3FFF3FFDDFFE2FF060033002E00FCFFA7
:10165000E0FFD0FFD0FFCEFFD3FFD2FFD4FFD8FFF3
:10166000D2FFD1FFD2FFD3FFD1FFDBFFDBFFD3FFE0
:10167000000000000000000000000000000000006A
:10168000000000000000000000000000F4FFFCFF6C
:101690000500FAFFF6FFF6FFFCFF3F0017000A0007
:1016A000D7008D01C3005900660091019502C40264
:1016B00021022902CA01CC0054001A000200E7FFEF
:1016C000DBFFEAFFDEFFE1FF060031002C00F9FF3F
:1016D000E1FFD2FFD0FFCBFFD1FFD0FFD2FFD7FF7A
:1016E000D0FFD0FFCEFFD1FFD0FFD8FFD7FFD1FF73
:1016F00000000000000000000000000000000000EA
:10170000000000000000000000000000F3FFFCFFEC
:101710000500FAFFF8FFF3FFF9FF40001400050091
:10172000CF008901C1005900680091019102BF02F8
:1017300013022602CC01CB0051001B00FFFFE2FF89
:10174000DAFFEEFFDFFFE3FF060036002A00FBFFB3
:10175000DDFFCFFFCBFFD0FFD3FFD0FFD3FFD6FFFE
:10176000CFFFD2FFD0FFD0FFD1FFDAFFD6FFD1FFEE
:101770000000000000000000000000000000000069
:10178000000000000000000000000000F5FF010064
:101790000800FCFFFAFFF5FFFAFF3E001700070004
:1017A000D2008901BE005700630094019F02C90264
:1017B0001D022E02CB01C2004F001B00FFFFE2FF03
:1017C000DFFFEEFFDEFFE1FF000030002C00F8FF3E
:1017D000DDFFD2FFCEFFCFFFD3FFD2FFD5FFD7FF74
:1017E000D4FFD0FFD3FFD4FFD1FFD8FFD8FFD2FF63
:1017F00000000000000000000000000000000000E9
:10180000000000000000000000000000F7FF0000E2
:101810000900FDFFF7FFF4FFFBFF430019000B0079
:10182000D8009101C5005C0069009C01B302DB0295
:101830002A023802D801C70054001E000200E6FF49
:10184000DEFFF2FFDEFFE1FF050036002B00FCFFAC
:10185000E1FFD1FFCEFFD1FFD2FFD3FFD7FFD9FFEA
:10186000D2FFD2FFD3FFD2FFD1FFDAFFD9FFD4FFDF
:101870000000000000000000000000000000000068
:10188000000000000000000000000000F6FFFCFF68
:101890000300FDFFF7FFF4FFFCFF42001600090004
:1018A000D3008B01C5005B0069009301A302D00245
:1018B00023023502D001CB0051001D000000E4FFDF
:1018C000DFFFEEFFDEFFE3FF060037003100FAFF27
:1018D000E2FFCEFFCEFFCFFFD2FFD1FFD2FFD6FF78
:1018E000D0FFD1FFD1FFD2FFCDFFD6FFD7FFD4FF6E
:1018F00000000000000000000000000000000000E8
:10190000000000000000000000000000F2FFFBFFEC
:101910000000FAFFF4FFF3FFFAFF40001400080094
:10192000D6009101C9005C006B0095019E02D202B5
:1019300031023902D501D300590025000800E7FF24
:10194000E4FFF1FFE2FFE0FF060038003500FEFF94
:10195000E2FFD1FFCFFFCAFFD0FFD0FFD0FFD5FFFE
:10196000CDFFCFFFD2FFD0FFD1FFD8FFDAFFD1FFED
:101970000000000000000000000000000000000067
:10198000000000000000000000000000F4FFFCFF69
:101990000600FCFFF5FFF3FFFDFF440018000900FF
:1019A000D1008F01C5005B006B009B01A602D20233
:1019B00026023702D501CB0053001C000100E2FFD4
:1019C000DDFFEFFFD9FFDDFF020034002E00F6FF40
:1019D000DEFFD0FFCAFFCAFFD2FFCFFFCFFFD7FF86
:1019E000CFFFD2FFCFFFD2FFD1FFD8FFD6FFD1FF6D
:1019F00000000000000000000000000000000000E7
:101A0000000000000000000000000000F3FFFFFFE6
:101A10000800FEFFF8FFF6FFF9FF3B001400090085
:101A2000CB008401BF005A006A009401A302CB02DC
:101A30000C022902D001C0004E001900FAFFE2FF9B
:101A4000D6FFEDFFDDFFE0FF02002E002700F8FFCC
:101A5000DFFFD2FFD0FFCDFFD3FFD1FFD8FFD9FFEB
:101A6000D2FFD2FFD1FFD2FFD0FFD5FFD5FFD3FFEA
:101A70000000000000000000000000000000000066
:101A8000000000000000000000000000F5FFFEFF65
:101A90000400FEFFF6FFF5FFF9FF3E00130007000C
:101AA000CF008501BE005A00670086019402BD0286
:101AB000FE012002C401C30050001A00FDFFE2FF36
:101AC000D8FFE8FFDAFFDDFF040032002800F5FF51
:101AD000DFFFCFFFCFFFCFFFD4FFD2FFD4FFD9FF6F
:101AE000D0FFD0FFD3FFD1FFD1FFD8FFD6FFD0FF6B
:101AF00000000000000000000000000000000000E6
:101B0000000000000000000000000000F3FFFBFFE9
:101B10000000FBFFF6FFF5FFFAFF42001700080088
:101B2000D9009301C60059006C007A016B02A10232
:101B300009021502B301CA005C0020000600E5FF9F
:101B4000E0FFEFFFDFFFE1FF050034002D00F8FFAD
:101B5000E2FFD2FFCFFFD0FFD5FFD4FFD6FFD9FFE2
:101B6000D2FFD5FFD2FFD5FFD1FFDBFFDBFFD4FFD4
:101B70000000000000000000000000000000000065
:101B8000000000000000000000000000F2FFFBFF6A
:101B90000200FBFFF7FFF4FFFCFF3F001700070008
:101BA000D9009101C00058006500780155028002FB
:101BB000FF010402A601CE005E001F000800E6FF40
:101BC000DFFFF4FFDFFFE2FF0A0039003000FBFF18
:101BD000E1FFD3FFCDFFD3FFD6FFD1FFD6FFD9FF63
:101BE000D2FFD1FFD1FFD3FFD0FFD9FFD8FFD2FF63
:101BF00000000000000000000000000000000000E5
:101C0000000000000000000000000000F4FFFBFFE7
:101C10000000FBFFF7FFF5FFF9FF43001800070086
:101C2000D7009401C4005A0065007A01550283026E
:101C300008020902AC01CD005D001D000500E7FFB0
:101C4000E3FFF4FFE1FFE2FF0C0039003100FAFF8F
:101C5000E3FFD1FFD0FFCFFFD1FFD1FFDAFFDAFFE3
:101C6000D4FFD4FFD1FFD2FFCEFFDAFFD6FFD1FFE2
:101C70000000000000000000000000000000000064
:101C8000000000000000000000000000F5FFFBFF66
:101C90000300F9FFF5FFF5FFFAFF3E00160007000D
:101CA000D9009601C5005A006800780145027B0200
:101CB0000E020502A601D1005D001F000800EDFF25
:101CC000E5FFF8FFE4FFE5FF10003D002E000000F7
:101CD000E5FFD1FFCEFFD0FFD3FFD2FFD7FFD9FF63
:101CE000D0FFD2FFD2FFD2FFD1FFD8FFD7FFD4FF62
:101CF00000000000000000000000000000000000E4
:101D0000000000000000000000000000F4FFFDFFE4
:101D10000400FCFFF6FFF6FFF9FF3D001500090087
:101D2000D6009001BF0056006100740141027602A6
:101D30000C0201029C01CB005B001D000500EAFFC4
:101D4000E3FFF3FFDEFFE3FF090034002800F9FFA3
:101D5000E3FFD0FFCCFFD2FFD2FFD1FFD6FFD8FFE9
:101D6000D0FFD3FFD4FFD5FFD2FFDAFFD7FFD2FFDA
:101D70000000000000000000000000000000000063
:101D8000000000000000000000000000F3FFFEFF64
:101D90000500FBFFF6FFF5FFFCFF410019000800FE
:101DA000D8009101C3005A0065007A0154028C02E8
:101DB00016020C02A901D2005D0020000900EBFF11
:101DC000E6FFF7FFDEFFE3FF0C0037003000FAFF0D
:101DD000E2FFD1FFD0FFD1FFD4FFD1FFD5FFD7FF66
:101DE000D4FFD2FFD6FFD4FFD2FFDAFFDCFFD3FF50
:101DF00000000000000000000000000000000000E3
:101E0000000000000000000000000000F4FFFCFFE4
:101E10000400FDFFF5FFF1FFF8FF41001600090087
:101E2000D5008D01C300570062007C015D02920263
:101E300011020B02AD01CD0059001D000700E6FFA5
:101E4000E0FFF4FFDCFFDEFF0A0038002F00FAFF9E
:101E5000E3FFD4FFCFFFCCFFD3FFD0FFD6FFD9FFE6
:101E6000D1FFD5FFD1FFCEFFD1FFDBFFD9FFD3FFDD
:101E70000000000000000000000000000000000062
:101E8000000000000000000000000000F4FFFDFF63
:101E90000300FEFFF9FFF6FFFBFF420018000A00F7
:101EA000DB009601C5005C0064008B017402A40293
:101EB00018021802BA01D0005D0021000800E9FFF5
:101EC000E3FFF5FFE1FFE3FF0A0034002D00FAFF16
:101ED000E1FFD0FFCFFFCDFFD2FFD0FFD5FFD8FF6E
:101EE000CEFFD3FFD3FFD0FFD0FFD8FFD8FFD1FF65
:101EF00000000000000000000000000000000000E2
:101F0000000000000000000000000000F4FFFEFFE1
:101F10000300FDFFF5FFF1FFF9FF44001600080084
:101F2000D3009301C4005A00630086016C029D0235
:101F300021021902B501D400600023000D00ECFF5E
:101F4000E6FFF6FFDEFFE1FF0C0039003000FBFF8B
:101F5000E1FFD4FFCFFFD1FFD2FFCFFFD3FFD5FFEB
:101F6000D1FFD2FFD1FFD2FFD0FFDAFFD6FFD1FFE2
:101F70000000000000000000000000000000000061
:101F8000000000000000000000000000F3FFFCFF64
:101F90000400FAFFF7FFF6FFFCFF440016000A00FA
:101FA000D9009501C7005E0066008C017102A50290
:101FB00020021F02B701D0005D001F000C00E9FFE6
:101FC000E2FFF4FFDFFFE0FF080036002F00000013
:101FD000E4FFCEFFCCFFCFFFD3FFD1FFD4FFD8FF6C
:101FE000D1FFD4FFD2FFD0FFD0FFDAFFD9FFD3FF5C
:101FF00000000000000000000000000000000000E1
:10200000000000000000000000000000F6FFFAFFE2
:102010000500FBFFF5FFF6FFFBFF4100180009007C
:10202000D2008701C1005A0061008E018302AA021A
:1020300011021E02C001CC0051001A000100E7FF8E
:10204000E2FFEBFFDAFFDBFF040031002900F6FFBF
:10205000DEFFD0FFCCFFCEFFD0FFCEFFD3FFD7FFF8
:10206000D2FFD1FFD1FFCFFFCCFFD9FFD7FFD1FFE8
:102070000000000000000000000000000000000060
:10208000000000000000000000000000F5FFFCFF61
:102090000700FBFFF6FFF6FFF7FF3F001400060006
:1020A000CC008101BC005A0064008D018402B3029F
:1020B00010022002C701D10058001B000500E6FFF6
:1020C000DCFFEDFFDEFFDFFF060036002A00F7FF32
:1020D000DFFFCEFFCEFFCEFFD1FFD1FFD1FFD6FF76
:1020E000D0FFD0FFD3FFD0FFCCFFD8FFD3FFCEFF70
:1020F00000000000000000000000000000000000E0
:10210000000000000000000000000000F3FFFBFFE3
:102110000500FCFFF4FFF3FFF9FF3F001700070085
:10212000CE008601BE00580063008D018302AD021F
:1021300012022402CC01D10059001D000800E6FF64
:10214000DEFFF0FFDAFFE4FF080036002B00FCFFA3
:10215000E3FFD2FFCEFFCEFFD2FFCFFFD6FFD6FFE9
:10216000D2FFD2FFD4FFD3FFCFFFD9FFD8FFD3FFD9
:10217000000000000000000000000000000000005F
:10218000000000000000000000000000F4FFFBFF62
:102190000400FCFFF7FFF4FFFBFF3C001500080004
:1021A000CB008201BD005A005F008E019302B9028C
:1021B00015022702CC01CC0058001B000300E7FFEA
:1021C000DEFFECFFDAFFE0FF030034002800F6FF3B
:1021D000E1FFD3FFCFFFD3FFD2FFD2FFD7FFD9FF5D
:1021E000D3FFD4FFD3FFD3FFD2FFDDFFD9FFD2FF50
:1021F00000000000000000000000000000000000DF
:10220000000000000000000000000000F6FFFDFFDD
:102210000400FEFFF9FFF7FFFCFF42001700080073
:10222000CB008601BE005D006500A101A302C602CD
:1022300023023502DF01CF0059001D000900E8FF2D
:10224000E2FFF3FFDEFFE2FF070037003000FCFF94
:10225000E2FFD1FFD1FFD1FFD2FFD3FFDAFFDCFFD6
:10226000D3FFD5FFD2FFD4FFD2FFDDFFD9FFD4FFCC
:10227000000000000000000000000000000000005E
:10228000000000000000000000000000F6FFFFFF5B
:102290000400FEFFF4FFF8FFF9FF400018000900FA
:1022A000D1008701C30062006600A001A402C2023F
:1022B00023023802DF01D0005F0020000900EBFF9D
:1022C000E3FFF3FFE2FFE2FF0A003A003400FEFF03
:1022D000E4FFD3FFCFFFD0FFD3FFD3FFD3FFD9FF5E
:1022E000D2FFD4FFD4FFD1FFD1FFDBFFD6FFD2FF57
:1022F00000000000000000000000000000000000DE
:10230000000000000000000000000000F5FFFAFFE0
:102310000200FCFFF7FFF5FFF9FF4200190009007A
:10232000CF008801C2005F006500A5019A02BE02CD
:1023300027023902DA01D40059001F000A00EAFF1F
:10234000E1FFEFFFDFFFE1FF040036003000FCFF9C
:10235000DEFFCDFFCEFFD0FFD2FFCEFFD5FFD5FFF2
:10236000CFFFD0FFD1FFD0FFCEFFD9FFD8FFD0FFE6
:10237000000000000000000000000000000000005D
:10238000000000000000000000000000F3FFFBFF61
:102390000600FFFFF6FFF0FFFAFF420018000700FB
:1023A000CE008701BF005B0065009F019102B6026D
:1023B00024023902DE01D9005E0021000C00EBFF8F
:1023C000E3FFF3FFDFFFE5FF080038003200FDFF09
:1023D000E2FFD0FFCFFFCEFFD1FFCFFFD1FFD5FF70
:1023E000D2FFD2FFCFFFD1FFCCFFD6FFD7FFCEFF6A
:1023F00000000000000000000000000000000000DD
:10240000000000000000000000000000F5FFFCFFDD
:102410000600FBFFF7FFF4FFFBFF41001700090078
:10242000CC008401BE005B0064009D019002B102FB
:1024300023023A02DE01D4005C0021000A00EAFF18
:10244000E4FFF1FFE0FFE3FF080036002D00FBFF93
:10245000E1FFD0FFD0FFCFFFD1FFCDFFD5FFD6FFEB
:10246000D1FFD1FFD4FFCFFFD0FFD5FFD4FFD1FFE5
:10247000000000000000000000000000000000005C
:10248000000000000000000000000000F7FFFCFF5B
:102490000200FBFFF6FFF4FFFAFF42001A000700FC
:1024A000CF008A01BF005C0063009F019102BB0264
:1024B0002B023F02E101D9005A0022000E00EAFF80
:1024C000E3FFF0FFDAFFE2FF080038002E00FAFF1A
:1024D000E3FFCFFFCDFFCCFFD1FFD1FFD5FFD7FF6B
:1024E000D2FFD0FFD3FFD1FFCEFFD8FFD9FFD2FF5D
:1024F00000000000000000000000000000000000DC
:10250000000000000000000000000000F4FFFDFFDC
:102510000600FBFFF6FFF6FFFCFF43001800070074
:10252000CC008701BE005B00650098018102A80213
:1025300027023402D701D50055001E000B00EAFF28
:10254000E5FFF2FFDFFFE2FF0A0038002F00FDFF8A
:10255000E3FFD2FFCFFFD1FFD4FFD1FFD9FFDAFFD6
:10256000D2FFD6FFD4FFD4FFD1FFDCFFD8FFD4FFCA
:10257000000000000000000000000000000000005B
:10258000000000000000000000000000F4FF000058
:102590000300FCFFF7FFF4FFF9FF42001A000900F7
:1025A000CD008901BE005B00630099017A02A3029D
:1025B00029023702D901DB005D0021000E00EAFF8D
:1025C000E8FFF3FFE2FFE3FF0A0033002F00FCFF08
:1025D000E2FFCEFFD0FFD0FFD2FFD2FFD4FFD7FF64
:1025E000D1FFD1FFD3FFD2FFD1FFDCFFD6FFD2FF57
:1025F00000000000000000000000000000000000DB
:10260000000000000000000000000000F3FFFBFFDE
:102610000300FBFFF5FFF5FFFCFF4200160008007A
:10262000CD008A01C1005B0062009B017F02AA020B
:1026300033023902D601D60058001D000900E6FF1A
:10264000E3FFEEFFDDFFE3FF010036003100FDFF99
:10265000E2FFCFFFCAFFCAFFD1FFCCFFD5FFD6FFF5
:10266000D2FFD0FFD2FFD1FFCEFFD8FFD5FFD2FFE0
:10267000000000000000000000000000000000005A
:10268000000000000000000000000000F3FFFDFF5C
:102690000400FAFFF7FFF4FFF9FF430014000700FE
:1026A000CC008501BF005A00620095017902A802A2
:1026B00037023902D701DC005B0020000C00EBFF81
:1026C000E2FFF5FFDFFFE3FF090036003100FDFF09
:1026D000E4FFD0FFCAFFCEFFD2FFD1FFD5FFD7FF67
:1026E000D0FFD0FFD2FFD0FFCEFFDAFFD5FFD2FF61
:1026F00000000000000000000000000000000000DA
:10270000000000000000000000000000F4FFFDFFDA
:102710000200FCFFF6FFF3FFFCFF42001800080078
:10272000C7008301BD005900650092017702A10234
:102730002F023602DB01DC005C001D000B00E9FF0C
:10274000E4FFF4FFE0FFE2FF0A0035003200F9FF8A
:10275000E3FFD2FFCEFFD1FFD5FFCFFFD6FFDBFFD8
:10276000D4FFD4FFD3FFD1FFD0FFDCFFD9FFD4FFCC
:102770000000000000000000000000000000000059
:10278000000000000000000000000000F5FF020053
:1027900006000100F9FFF5FF000042001A000A00E0
:1027A000C7008701C4005C0062008D016B029902C2
:1027B00027023302D601DC005B0020000A00E9FF9B
:1027C000E6FFF1FFE3FFE0FF0A0033002D00FAFF10
:1027D000E4FFD2FFD0FFCEFFD3FFD3FFD4FFDAFF59
:1027E000D2FFD2FFD5FFD2FFD1FFDAFFDBFFD6FF4A
:1027F00000000000000000000000000000000000D9
:10280000000000000000000000000000F4FFFBFFDB
:102810000500FDFFF6FFF5FFFCFF42001900060072
:10282000CC008801C5005C006D0090016C0298022C
:1028300029023102DA01DF005E0020000D00E7FF0F
:10284000E5FFF5FFE0FFE4FF0C0034002F00FDFF83
:10285000E2FFD0FFD0FFCEFFD3FFD2FFD6FFD8FFDD
:10286000D2FFD1FFD2FFD1FFD0FFD8FFDCFFD3FFD3
:102870000000000000000000000000000000000058
:10288000000000000000000000000000F5FFFAFF5B
:102890000600FFFFF8FFF5FFFBFF400016000200F7
:1028A000CD008601C000580068008C0169029802C2
:1028B00027023002D701D80059001C000900E5FFAB
:1028C000E2FFF1FFDEFFDEFF040031002A00F8FF27
:1028D000E1FFCFFFCBFFD1FFD4FFD2FFD4FFD9FF61
:1028E000D3FFD0FFD3FFD2FFD0FFD8FFD6FFD1FF59
:1028F00000000000000000000000000000000000D8
:10290000000000000000000000000000F4FFFDFFD8
:102910000700FFFFF6FFF5FFFCFF4100190005006F
:10292000CC008701C2005D0066008B0162028B0251
:102930002F022D02D501E0005D0021000C00EAFF0E
:10294000E6FFF5FFE4FFE5FF090036002F00FAFF80
:10295000E4FFD3FFD0FFD0FFD4FFD1FFD6FFDCFFD1
:10296000D2FFD3FFD2FFD3FFD0FFD9FFD7FFD5FFD0
:102970000000000000000000000000000000000057
:10298000000000000000000000000000F4FFFAFF5B
:102990000300FDFFF6FFF6FFF8FF3C0016000900FC
:1029A000CB008701C00058006A00870166029602CA
:1029B0002E023502DC01DF005C0021000B00E9FF84
:1029C000E2FFF3FFDEFFE3FF050031002C00F8FF1C
:1029D000E2FFD2FFCDFFD0FFD4FFCFFFD1FFD6FF64
:1029E000D1FFD1FFD1FFD2FFD2FFD9FFD7FFD3FF55
:1029F00000000000000000000000000000000000D7
:102A0000000000000000000000000000F6FFFDFFD5
:102A10000300FCFFF9FFF6FFFEFF4200190007006C
:102A2000C3008301BF005D00690094019202BA02F5
:102A30002D024402EB01D80058001C000800E9FFF9
:102A4000E2FFF1FFE0FFE4FF020030002A00F8FFA0
:102A5000E3FFD0FFCDFFD1FFD3FFD2FFD2FFD8FFDE
:102A6000D4FFD3FFD2FFD3FFD3FFDBFFDBFFD4FFC5
:102A70000000000000000000000000000000000056
:102A8000000000000000000000000000F5FF000052
:102A90000300FEFFF7FFF3FFFCFF420015000900F3
:102AA000C3008001C5006000690096019B02B60268
:102AB0000D023702E801D40058001D000200E2FFB9
:102AC000DCFFEAFFDEFFDFFFFDFF29002200F6FF4B
:102AD000DFFFD1FFCFFFD0FFD2FFD0FFD4FFD9FF60
:102AE000D0FFD3FFD1FFD2FFCFFFD8FFD8FFD3FF56
:102AF00000000000000000000000000000000000D6
:102B0000000000000000000000000000F4FFFAFFD9
:102B10000500FCFFF8FFF4FFF8FF42001800070073
:102B2000C4007E01C3005C006A0082017702930248
:102B3000FE012402D501D6005B001E000600E1FF65
:102B4000DFFFEFFFE0FFE1FF02002F002500F6FFAF
:102B5000E4FFD4FFD1FFD0FFD2FFD2FFD5FFD8FFD3
:102B6000D5FFD5FFD3FFD4FFD2FFD8FFD9FFD3FFC6
:102B70000000000000000000000000000000000055
:102B8000000000000000000000000000F6FF000050
:102B90000400FFFFF5FFF4FFFCFF400016000500F6
:102BA000CC008A01C4005B006D007C015C027E02E7
:102BB00001021E02C501D7005D0020000300E8FFEE
:102BC000E1FFF1FFE0FFE3FF02002B002600F8FF2A
:102BD000E2FFD3FFD0FFD3FFD5FFD1FFD8FFDBFF4C
:102BE000D5FFD6FFD6FFD4FFD2FFD8FFD7FFD5FF42
:102BF00000000000000000000000000000000000D5
:102C0000000000000000000000000000F7FFFCFFD3
:102C10000700FFFFFAFFF8FFFBFF44001700030067
:102C2000CC008701C4005B00680084016A02860250
:102C3000FE011A02C801D2005A0020000300E6FF7C
:102C4000E2FFEDFFDFFFE1FF01002C002600F6FFB1
:102C5000E1FFD2FFD0FFD2FFD5FFD3FFDAFFD9FFCC
:102C6000D5FFD4FFD6FFD4FFD4FFDAFFD9FFD5FFBD
:102C70000000000000000000000000000000000054
:102C8000000000000000000000000000F5FFFBFF56
:102C90000700FEFFF7FFF7FFFCFF420018000700E8
:102CA000C8008201C1005E006800880172029502BE
:102CB00006022302CD01D3005E0021000600E6FFDC
:102CC000E2FFF0FFE2FFE4FF00002B002700F6FF29
:102CD000E2FFD3FFCFFFD2FFD4FFD3FFD6FFDAFF4F
:102CE000D1FFD3FFD4FFD3FFD3FFDBFFD9FFD3FF47
:102CF00000000000000000000000000000000000D4
:102D0000000000000000000000000000F6FFFAFFD5
:102D10000600FBFFF9FFF2FFFCFF3B001800050077
:102D2000C5008201BB005B0061007901590280028D
:102D300001021302B801CC0058001A00FFFFE5FFA2
:102D4000E1FFEEFFE0FFDFFFFCFF27002000F4FFC4
:102D5000E4FFD2FFD0FFD2FFD5FFD3FFD7FFDBFFC9
:102D6000D4FFD5FFD3FFD3FFD3FFDAFFD8FFD2FFC5
:102D70000000000000000000000000000000000053
:102D8000000000000000000000000000F4FF000050
:102D90000500FBFFF8FFF4FFFBFF41001A000700EE
:102DA000C9008601C5005D006500810169029002CD
:102DB0000C022002C701D4005F0021000600E9FFD9
:102DC000E0FFEDFFE0FFE1FF01002B002500F7FF32
:102DD000E2FFD1FFCEFFD3FFD6FFD3FFD8FFDCFF4A
:102DE000D3FFD3FFD5FFD4FFD3FFDDFFDDFFD7FF38
:102DF00000000000000000000000000000000000D3
:102E0000000000000000000000000000F4FF0100CE
:102E10000400FBFFF5FFF4FFFDFF3C001600060079
:102E2000C3008001BE00580060007B015F02840285
:102E300003021302BF01CD0057001B000200E7FF91
:102E4000DDFFEEFFDFFFE2FFFEFF26001E00F5FFC5
:102E5000E1FFD1FFD0FFD2FFD5FFD3FFD6FFD9FFCF
:102E6000D3FFD3FFD2FFD2FFD1FFDBFFD8FFD6FFC6
:102E70000000000000000000000000000000000052
:102E8000000000000000000000000000F3FFFCFF55
:102E90000400FBFFF7FFF4FFFDFF410016000500F3
:102EA000C8008201C4005B006700830174029802BD
:102EB00009021E02CE01D4005C0022000300E6FFDE
:102EC000DEFFECFFE0FFE1FF02002D002500F7FF31
:102ED000E3FFD2FFCFFFD2FFD3FFD0FFD4FFD8FF55
:102EE000D1FFD2FFD3FFD4FFD0FFD7FFDCFFD3FF4A
:102EF00000000000000000000000000000000000D2
:102F0000000000000000000000000000F7FFFEFFCE
:102F10000600FAFFF5FFF5FFFBFF4300180008006D
:102F2000CA008401C5005D00670081016E0298023D
:102F30000E021E02C501D20056001F000500E4FF6C
:102F4000E1FFEBFFDEFFE0FF00002A002400F6FFB8
:102F5000E2FFD1FFCCFFCFFFD8FFD1FFD4FFD9FFD5
:102F6000D5FFD3FFD7FFD3FFD2FFD9FFDAFFD5FFBD
:102F70000000000000000000000000000000000051
:102F8000000000000000000000000000F4FF00004E
:102F90000300FDFFF7FFF4FFF9FF3D0017000500F8
:102FA000C2007E01BC00550062007301550281021F
:102FB00009021402C401D3005A001E000100E4FFFC
:102FC000DEFFECFFDEFFDBFFFAFF23002000F1FF56
:102FD000E3FFD1FFCFFFCFFFD4FFD0FFD7FFD7FF55
:102FE000D2FFD0FFD2FFD3FFD2FFD9FFD8FFD2FF4D
:102FF00000000000000000000000000000000000D1
:10300000000000000000000000000000F3FFFAFFD5
:103010000500FDFFF6FFF5FFFEFF3900110003007C
:10302000C0007901BA005A00630080017202980260
:1030300008021802C701CD0056001D000000E4FF81
:10304000DCFFE8FFDAFFDDFFF9FF24001D00F1FFE0
:10305000DDFFD0FFCDFFCFFFD3FFD0FFD6FFD7FFDF
:10306000D1FFD0FFD4FFD5FFD2FFD9FFD7FFD3FFC9
:103070000000000000000000000000000000000050
:10308000000000000000000000000000F4FFFCFF52
:103090000400FAFFF6FFF5FFFAFF39001300040001
:1030A000BA007301BC005C00620086019102B402A8
:1030B00001021F02D001C90053001A00FFFFE0FF08
:1030C000D8FFE4FFDEFFD9FFF1FF1C001B00F0FF7B
:1030D000DEFFD1FFCDFFCEFFD2FFD2FFD5FFD8FF5D
:1030E000D4FFD2FFD1FFD0FFD1FFD6FFD7FFD5FF4E
:1030F00000000000000000000000000000000000D0
:10310000000000000000000000000000F6FFFEFFCD
:103110000200FBFFF6FFF4FFF9FF3C001500020080
:10312000BC007201BA005900610085019E02C10213
:1031300006022802D901CC0052001B00F8FFE0FF74
:10314000D5FFE3FFD8FFDBFFF2FF1E001E00EFFFFD
:10315000DDFFD0FFCFFFD0FFD3FFD0FFD3FFD8FFDD
:10316000D0FFD1FFD4FFD1FFD1FFD7FFD8FFD1FFD0
:10317000000000000000000000000000000000004F
:10318000000000000000000000000000F5FFFEFF4E
:103190000200F9FFF5FFF4FFFBFF3D001300010003
:1031A000BA007701C200620063009001B002C90258
:1031B00007022D02DA01C70051001F00FBFFE0FFEC
:1031C000D5FFE0FFD8FFDBFFECFF1A001B00ECFF90
:1031D000DCFFD0FFCDFFD0FFD1FFCFFFD1FFD3FF6A
:1031E000CEFFD0FFD0FFD1FFCDFFD4FFD6FFD3FF5E
:1031F00000000000000000000000000000000000CF
:10320000000000000000000000000000F3FFFCFFD1
:103210000200FDFFF7FFF3FFFCFF3D001600030077
:10322000B7007201BD00600063008F01BE02D302CF
:103230000A023102E301C90053001B00FBFFDCFF5F
:10324000D3FFE3FFDCFFD8FFF0FF1E001B00EEFF03
:10325000DCFFD1FFCCFFCDFFD2FFCEFFD6FFD8FFE2
:10326000D1FFD5FFD0FFD0FFD1FFD5FFD9FFD1FFD0
:10327000000000000000000000000000000000004E
:10328000000000000000000000000000F5FF00004A
:103290000500FFFFF7FFF6FFFEFF3E0016000600E9
:1032A000BB007301BE005E005F009301BE02D90245
:1032B0000F023502E101C50052001E00FAFFE0FFD7
:1032C000D7FFE5FFDAFFDBFFEEFF1C001E00F1FF7A
:1032D000DDFFD1FFCEFFD2FFD3FFD2FFD4FFDBFF54
:1032E000D3FFD2FFD4FFD3FFD1FFD9FFD9FFD2FF45
:1032F00000000000000000000000000000000000CE
:10330000000000000000000000000000F6FFFAFFCF
:103310000300FAFFF7FFF5FFF9FF3D00120002007E
:10332000B9007301B8005D0061008F01AF02CB02EC
:103330000C022F02DF01CD0053001F00FAFFDFFF58
:10334000D5FFE5FFD9FFDBFFF0FF1D001F00EFFFFA
:10335000DFFFD0FFCBFFCDFFD2FFD0FFD2FFD9FFE1
:10336000D1FFD0FFD1FFD1FFD1FFD3FFDAFFD3FFD1
:10337000000000000000000000000000000000004D
:10338000000000000000000000000000F2FFFCFF51
:103390000400FDFFF4FFF4FFF9FF440017000700ED
:1033A000BE007501C3005F0065009301B002CB024F
:1033B0000B023002DF01CF0058002200FBFFE0FFCC
:1033C000D5FFE8FFDCFFDDFFF4FF1E001E00EEFF6F
:1033D000E0FFD1FFCFFFD0FFD3FFD1FFD4FFD8FF55
:1033E000D3FFD3FFD5FFD4FFCEFFD7FFD8FFD2FF47
:1033F00000000000000000000000000000000000CD
:10340000000000000000000000000000F7FFFAFFCD
:103410000700FBFFF6FFF5FFFDFF3F00140005006E
:10342000B8007601C300620065008901A802C502E8
:10343000FC012B02DD01CE0054001E00FCFFE0FF6A
:10344000DAFFE7FFDFFFDDFFF3FF20001A00F3FFE5
:10345000E3FFD6FFCEFFD1FFD5FFD5FFD7FFDDFFBE
:10346000D5FFD3FFD6FFD7FFD3FFD9FFDCFFD7FFB0
:10347000000000000000000000000000000000004C
:10348000000000000000000000000000F2FFFAFF52
:103490000300FAFFF6FFF5FFF9FF3C0018000100FA
:1034A000B5007101C000630067008501AE02C6026D
:1034B000FB012802DF01D00057001F00FCFFE1FFE5
:1034C000D7FFEAFFDDFFDEFFF5FF1F001B00F0FF67
:1034D000E2FFDAFFD1FFD0FFD4FFD2FFD4FFDBFF42
:1034E000D2FFD2FFD6FFD5FFD2FFDCFFDAFFD3FF3A
:1034F00000000000000000000000000000000000CC
:10350000000000000000000000000000F1FFFEFFCE
:103510000300FAFFF3FFF4FFFAFF4000120004007B
:10352000B1007001C000610067008801B202CD02E5
:10353000FE012B02E101CC0052002000FCFFE1FF64
:10354000D6FFE5FFD9FFDEFFF3FF1D001D00F1FFF1
:10355000DFFFD4FFD1FFCFFFD2FFD2FFD6FFD9FFCD
:10356000D1FFD2FFD3FFD5FFD1FFD8FFDBFFD4FFC0
:10357000000000000000000000000000000000004B
:10358000000000000000000000000000F4FFFAFF4F
:103590000300F9FFF8FFF2FFFBFF3E0017000500F4
:1035A000B3006F01C300620066009101C502DD0235
:1035B00009023402E901CF0054002300FAFFDDFFC5
:1035C000D5FFE2FFDAFFDBFFF1FF1C001C00EDFF7F
:1035D000E0FFD0FFCEFFCDFFD0FFD2FFD3FFD7FF5C
:1035E000D2FFD3FFD3FFD3FFD0FFD7FFDAFFD3FF44
:1035F00000000000000000000000000000000000CB
:10360000000000000000000000000000F5FFFCFFCB
:103610000600FBFFF8FFF6FFFAFF3C00140006006F
:10362000B0006601BE00620062009301D102E902AF
:103630000A023602EA01CC0056002100F7FFDCFF47
:10364000D2FFDFFFDCFFDCFFEDFF19001900EEFF0A
:10365000DEFFD1FFCFFFCFFFD2FFD2FFD2FFD7FFD8
:10366000D3FFD3FFD4FFD3FFD1FFD7FFD8FFD3FFC2
:10367000000000000000000000000000000000004A
:10368000000000000000000000000000F2FFFCFF4E
:103690000100FBFFF6FFF6FFF8FF3A0013000200FF
:1036A000B4006B01BE00630060009C01E602FD02F5
:1036B00012024002F201CE0055001F00F7FFDCFFAE
:1036C000D0FFDEFFD5FFD7FFE9FF12001400EAFFAD
:1036D000DAFFD0FFCCFFCEFFCDFFCFFFD1FFD4FF6D
:1036E000D1FFD0FFD2FFD1FFCFFFD6FFD5FFCDFF57
:1036F00000000000000000000000000000000000CA
:10370000000000000000000000000000F4FFFEFFC9
:103710000600F9FFF7FFF5FFFCFF4200140005006B
:10372000B8007001C6006C006600A301F002090336
:103730001F024B02FC01D4005E002900FCFFDCFFED
:10374000D5FFE2FFDAFFD6FFE8FF18001E00EEFF0C
:10375000DEFFD1FFCEFFCFFFCFFFD1FFD2FFD6FFDD
:10376000D1FFCFFFD2FFCFFFCFFFD5FFD7FFD4FFD1
:103770000000000000000000000000000000000049
:10378000000000000000000000000000F4FFFBFF4C
:103790000400FFFFF7FFF7FFF9FF3D0016000700E9
:1037A000B4007001C10069006300A101F0021003C0
:1037B0001E024F02FB01D4005B002700FCFFE1FF6B
:1037C000D5FFE4FFDBFFD8FFEBFF18001C00F1FF83
:1037D000DFFFD1FFCCFFD0FFD1FFCEFFD8FFD9FF55
:1037E000D1FFD2FFD3FFD1FFD1FFD9FFDAFFD3FF43
:1037F00000000000000000000000000000000000C9
:10380000000000000000000000000000F2FFF9FFCF
:103810000500FBFFF6FFF3FFFBFF41001400010072
:10382000B3007001C6006A006600A101F00209033E
:1038300013024702F501D90059002600F9FFDCFF09
:10384000D3FFE2FFDCFFDAFFE6FF1A001B00EEFF0A
:10385000E0FFD2FFCCFFCDFFCEFFD0FFD3FFD8FFDC
:10386000D1FFD2FFD1FFD2FFD1FFD6FFD8FFD2FFC9
:103870000000000000000000000000000000000048
:10388000000000000000000000000000F6FFFDFF47
:103890000300FCFFF9FFF5FFFCFF3E0017000500E9
:1038A000B7007001C60069006100A001070323038F
:1038B000290259020702DA005A002900F8FFDCFF4A
:1038C000D1FFDEFFD8FFD7FFE8FF14001A00F0FF9A
:1038D000E0FFD1FFCBFFCEFFD0FFCFFFD4FFD6FF5D
:1038E000D3FFCEFFD3FFD3FFD2FFD6FFD8FFD4FF45
:1038F00000000000000000000000000000000000C8
:10390000000000000000000000000000F5FFFAFFCA
:1039100004000000F6FFF4FFFBFF3E00150003006B
:10392000B5007001C700690063009E01F90215032C
:103930001D024F02FC01D7005B002C00F6FFDBFFED
:10394000CFFFDFFFD7FFD5FFE4FF13001B00ECFF25
:10395000DBFFD0FFCAFFCFFFCEFFD1FFD2FFD4FFE6
:10396000CFFFD0FFD0FFD4FFD1FFD6FFD9FFD1FFCB
:103970000000000000000000000000000000000047
:10398000000000000000000000000000F4FFFBFF4A
:103990000500FDFFF7FFF5FFFBFF400018000500E5
:1039A000AC006D01CF0079006600A8011D033E0345
:1039B000110250020102ED006D003600FBFFDDFF39
:1039C000D0FFDCFFD8FFD5FFDEFF0F001500E8FFBA
:1039D000DAFFD0FFCCFFD1FFD1FFCFFFD4FFD7FF5D
:1039E000D3FFD3FFD6FFD0FFD2FFD8FFD9FFD1FF3F
:1039F00000000000000000000000000000000000C7
:103A0000000000000000000000000000F4FFFCFFC8
:103A10000100FDFFF8FFF4FFFDFF40001700050067
:103A2000A5006801D10076006B00A0010203170316
:103A3000F6013202E201EC0067003600FEFFE0FF13
:103A4000CDFFD8FFDDFFD9FFE5FF12001400EBFF2B
:103A5000D9FFD4FFCCFFCFFFD2FFD3FFD4FFD8FFD5
:103A6000D1FFD1FFD5FFD3FFD1FFD6FFD9FFD2FFC2
:103A70000000000000000000000000000000000046
:103A8000000000000000000000000000F3FFFBFF4A
:103A90000600FCFFF5FFF6FFFBFF430018000300E4
:103AA000A6006401CE0072006E009201DA02F002FC
:103AB000DD011802CF01DB005E002F00FEFFE0FFFA
:103AC000D2FFD8FFDBFFE0FFECFF18001700EDFF8F
:103AD000E0FFD4FFD0FFCFFFD1FFD4FFD6FFD8FF48
:103AE000D3FFD1FFD8FFD4FFD0FFD7FFDAFFD3FF3A
:103AF00000000000000000000000000000000000C6
:103B0000000000000000000000000000F6FFFCFFC5
:103B10000600FBFFF6FFF6FFFDFF40001900060060
:103B2000A9006801D000730066008F01DE02F40274
:103B3000E3011702D501DC00640037000500E5FF52
:103B4000D3FFE0FFE0FFDFFFECFF18001B00EEFFFC
:103B5000E3FFD6FFCFFFD1FFD3FFD2FFD9FFD9FFBD
:103B6000D3FFD5FFDCFFD5FFD2FFDBFFDFFFD7FFA1
:103B70000000000000000000000000000000000045
:103B8000000000000000000000000000F4FFFCFF47
:103B90000100FBFFF5FFF6FFFBFF410013000400EF
:103BA000A4006501CF00730068009A01E302F802E7
:103BB000E3011902CB01D800630034000100E3FFE8
:103BC000D2FFDAFFDCFFDEFFE6FF15001300EBFF9C
:103BD000DFFFD1FFCCFFCFFFD1FFD1FFD2FFDAFF54
:103BE000D2FFD6FFD6FFD3FFD0FFD7FFD8FFD4FF39
:103BF00000000000000000000000000000000000C5
:103C0000000000000000000000000000F5FFFDFFC4
:103C10000700FDFFF6FFF6FFFAFF4300180005005E
:103C2000AB006C01CF00770067009B01E902030342
:103C3000EC011E02D101DD00600035000200E2FF50
:103C4000CFFFDCFFDCFFDAFFE8FF19001B00F0FF0D
:103C5000DFFFD3FFD0FFD2FFD3FFD2FFD4FFD8FFC7
:103C6000D0FFD3FFD5FFD3FFD1FFD9FFD9FFD2FFBC
:103C70000000000000000000000000000000000044
:103C8000000000000000000000000000F6FFFDFF43
:103C90000500FEFFF6FFF4FFF8FF3D0018000500E9
:103CA000A4005A01C7006D0063009301DC02F10219
:103CB000DB010C02C401D10059002E00FFFFE0FF20
:103CC000D3FFDAFFDAFFDBFFE7FF14001600E8FF9F
:103CD000DCFFD1FFCEFFD0FFD2FFD3FFD3FFD9FF50
:103CE000D2FFD0FFD5FFD3FFD1FFD7FFD8FFD1FF41
:103CF00000000000000000000000000000000000C4
:103D0000000000000000000000000000F4FFFDFFC4
:103D10000400FBFFF6FFF3FFFBFF3E001800060068
:103D20009F006001CC00710065009901E202FA0277
:103D3000E1011402CA01DE005F0033000300DFFF6F
:103D4000D1FFDDFFDAFFDEFFE9FF19001600EEFF0D
:103D5000DEFFD3FFD0FFD0FFD0FFD0FFD5FFD9FFCC
:103D6000D1FFD6FFD6FFD5FFD1FFD6FFDAFFD2FFB6
:103D70000000000000000000000000000000000043
:103D8000000000000000000000000000F6FFFFFF40
:103D90000300FDFFF7FFF6FFFDFF440016000600DD
:103DA000A4006201CD00780063009A01EF020703CE
:103DB000E6011902CE01E100640037000200E4FFD1
:103DC000CFFFDCFFDDFFDDFFE8FF16001700ECFF93
:103DD000DEFFD3FFCFFFCFFFD0FFD2FFD4FFDCFF4A
:103DE000D4FFD5FFD9FFD4FFD3FFDDFFDBFFD8FF22
:103DF00000000000000000000000000000000000C3
:103E0000000000000000000000000000F5FFFCFFC3
:103E100006000000F5FFF5FFFBFF42001C00090053
:103E2000AA006801CD00770063009C01F6020F0331
:103E3000F6012902DB01E100640033000000E1FF2C
:103E4000D1FFDDFFDEFFD9FFE7FF12001700EAFF19
:103E5000DFFFD4FFCEFFCFFFD1FFD1FFD6FFDCFFC6
:103E6000D2FFD3FFD5FFD5FFD3FFD5FFDDFFD4FFB2
:103E70000000000000000000000000000000000042
:103E8000000000000000000000000000F7FFFAFF43
:103E90000600FAFFF7FFF5FFFCFF400016000400E4
:103EA000AC006901CD00730061009B01F5020C03B9
:103EB000FA012B02DD01D60060003100FCFFDFFFBC
:103EC000D0FFD7FFD9FFDAFFE9FF17001800F1FF95
:103ED000E0FFD3FFD1FFD1FFD2FFD2FFD5FFDAFF42
:103EE000D5FFD5FFD7FFD4FFD1FFDAFFDCFFD4FF2A
:103EF00000000000000000000000000000000000C2
:103F0000000000000000000000000000F6FFFDFFC0
:103F10000600FDFFF7FFF5FFFBFF4000180005005E
:103F2000AD006A01C800730063009C01FA0211032E
:103F300000022C02DD01D6005E003100FDFFE1FF32
:103F4000CFFFE0FFDAFFDFFFEAFF15001A00F0FF06
:103F5000DFFFD1FFCEFFCFFFD1FFD1FFD5FFD7FFCE
:103F6000D4FFD5FFD7FFD4FFD1FFD9FFD9FFD5FFAD
:103F70000000000000000000000000000000000041
:103F8000000000000000000000000000F7FFFCFF40
:103F90000300FBFFF7FFF6FFFCFF3F0018000400E3
:103FA000A9006601CC00740063009C01FA021103B1
:103FB000F7012802DD01DD0061003000FDFFE1FFB7
:103FC000D6FFDAFFDCFFDDFFE9FF16001A00F0FF85
:103FD000DFFFD0FFCEFFD1FFD3FFD1FFD6FFDAFF47
:103FE000D2FFD4FFDAFFD6FFD1FFD8FFDAFFD4FF2C
:103FF00000000000000000000000000000000000C1
:10400000000000000000000000000000F3FFFDFFC2
:104010000700FCFFF4FFF6FFFBFF40001700050060
:10402000A4006101CB00730063009701F2020A0350
:10403000F4012102D301DA0061003300FFFFE0FF49
:10404000D0FFDBFFD9FFDBFFEAFF12001B00EDFF13
:10405000DDFFD3FFCDFFCFFFD2FFD2FFD3FFD8FFCD
:10406000D3FFD0FFD4FFD1FFD0FFD7FFDBFFD2FFBC
:104070000000000000000000000000000000000040
:10408000000000000000000000000000F6FFFEFF3E
:104090000500FEFFF6FFF2FFFDFF3D0016000500E4
:1040A000A0006001CC00720064009601F1020703D9
:1040B000ED011802CE01E000600035000000E1FFD4
:1040C000CEFFDAFFDAFFDDFFE8FF12001500EBFF9D
:1040D000DEFFD4FFCFFFD0FFD1FFD0FFD4FFD7FF4B
:1040E000D0FFD0FFD6FFD3FFD0FFD8FFD8FFD5FF3A
:1040F00000000000000000000000000000000000C0
:10410000000000000000000000000000F7FFFEFFBC
:104110000600FDFFF5FFF7FFFCFF3F00190006005A
:10412000A0005F01C800740064009901EC02030361
:10413000ED011902CE01DC005E003300FDFFDFFF60
:10414000D1FFDCFFDDFFDFFFEBFF16001800EEFF05
:10415000DEFFD7FFD1FFD3FFD2FFD1FFD5FFD8FFBE
:10416000D2FFD3FFDAFFD4FFD3FFD9FFDBFFD4FFA9
:10417000000000000000000000000000000000003F
:10418000000000000000000000000000F4FFFBFF42
:104190000500FBFFF9FFF4FFF9FF3E001A000400E1
:1041A000A8006801C800710062009F0104031B039E
:1041B00001022E02E101DF0064003500FAFFDDFF9D
:1041C000CEFFDAFFD9FFDAFFE7FF13001900ECFF9B
:1041D000DCFFD0FFC9FFCEFFD0FFCEFFD3FFD4FF5F
:1041E000D1FFD2FFD5FFD4FFD1FFD7FFDAFFD5FF34
:1041F00000000000000000000000000000000000BF
:10420000000000000000000000000000F4FFFFFFBD
:104210000400FCFFF8FFF5FFFAFF3F001400010067
:10422000A6005F01C90074005E009D0116032D0306
:1042300003023402E701E40066003200F7FFDAFF10
:10424000CCFFD7FFD2FFD5FFDEFF0B001200E7FF48
:10425000D8FFCFFFCDFFCBFFCDFFD0FFCFFFD4FFE7
:10426000D0FFD0FFD5FFD0FFD2FFD3FFD6FFD1FFC5
:10427000000000000000000000000000000000003E
:10428000000000000000000000000000F4FFFEFF3E
:104290000600FEFFF9FFF5FFFAFF410017000500D9
:1042A000AB006901D0007D006200A80124033D033A
:1042B0000E023F02F401F1006D003A00FEFFE0FF44
:1042C000CCFFD7FFD8FFD8FFE1FF11001800EAFFAD
:1042D000DDFFD0FFCCFFCEFFD0FFD3FFD4FFD8FF50
:1042E000CFFFD2FFD5FFD1FFD2FFD7FFDAFFD6FF36
:1042F00000000000000000000000000000000000BE
:10430000000000000000000000000000F4FFFDFFBE
:104310000500FBFFF7FFF4FFFCFF3800140002006C
:10432000A0005F01C60074005B009C0113032A0318
:10433000FE013402E401E30065003400FAFFDDFF12
:10434000CBFFD9FFD5FFD5FFE1FF09001300EAFF3E
:10435000DAFFD3FFCCFFCCFFD0FFD0FFD4FFD6FFD6
:10436000D1FFD2FFD4FFD1FFD0FFD6FFD6FFD0FFC1
:10437000000000000000000000000000000000003D
:10438000000000000000000000000000F5FFFCFF3E
:104390000300FBFFF7FFF5FFFBFF3A0015000200EB
:1043A000A0005B01BF00720058009E0115032F039F
:1043B00001023602E301E90069003600F8FFDCFF84
:1043C000CBFFD4FFD1FFD5FFE2FF0A001100E8FFC9
:1043D000D6FFCFFFC8FFCCFFCEFFCDFFD2FFD3FF6C
:1043E000CCFFCEFFD4FFD1FFD1FFD2FFD5FFD1FF4D
:1043F00000000000000000000000000000000000BD
:10440000000000000000000000000000F3FFFEFFBD
:104410000300FDFFF9FFF3FFFEFF4000160004005C
:10442000A1006201C70073005E009E0113032F0309
:1044300007023702E801E80068003600FFFFDEFFF0
:10444000CDFFD7FFD7FFDAFFE3FF0F001100EAFF30
:10445000DCFFCEFFCCFFCEFFCEFFD1FFD1FFD4FFDC
:10446000D1FFD0FFD7FFD1FFD1FFD5FFD8FFD2FFBB
:10447000000000000000000000000000000000003C
:10448000000000000000000000000000F4FFFFFF3B
:104490000200FAFFF9FFF6FFFEFF3C0012000300E6
:1044A000A0005901C50073005D009F010C032803A3
:1044B000FC013002DE01E50060003300F8FFDEFFA2
:1044C000CAFFD5FFD5FFD5FFE4FF0F001400EAFFB8
:1044D000D8FFCFFFCBFFCDFFCEFFCFFFD3FFD5FF60
:1044E000CFFFD0FFD3FFD2FFCEFFD5FFD5FFD3FF45
:1044F00000000000000000000000000000000000BC
:10450000000000000000000000000000F3FFFFFFBB
:104510000600FCFFF8FFF3FFFAFF3B00120001006A
:104520009C005801C60071005B009D011503340317
:1045300000023502EC01E90067003500FFFFDDFFF6
:10454000CEFFD9FFD4FFD5FFE1FF0E001100E9FF38
:10455000D8FFD1FFCBFFD0FFD0FFD1FFD2FFD6FFD6
:10456000D2FFCFFFD4FFD4FFCEFFD6FFD8FFD1FFBD
:10457000000000000000000000000000000000003B
:10458000000000000000000000000000F5FF010036
:104590000300FDFFF4FFF5FFFCFF3C0016000300E5
:1045A0009E005D01C70078005E00A70121033D0366
:1045B00009024202EF01EE006C003800FBFFDCFF55
:1045C000CBFFD6FFD1FFD4FFDEFF0A000F00E4FFD0
:1045D000D9FFCCFFC7FFCAFFCDFFCEFFCFFFD5FF6E
:1045E000CFFFD0FFD0FFCEFFCDFFD4FFD7FFCDFF51
:1045F00000000000000000000000000000000000BB
:10460000000000000000000000000000F3FFFBFFBE
:104610000400FAFFF5FFF5FFF8FF38001100010074
:104620009E005A01C50076005A00A30129034203E7
:1046300007023F02EB01F00071003C00FFFFDDFFCD
:10464000CDFFD6FFD5FFD7FFDFFF06000F00E6FF47
:10465000D6FFD0FFCCFFCAFFCFFFD0FFD2FFD5FFE0
:10466000D1FFD0FFD2FFD1FFCFFFD3FFD7FFD0FFC5
:10467000000000000000000000000000000000003A
:10468000000000000000000000000000F4FFFBFF3D
:104690000300FCFFF7FFF4FFFBFF3D0015000200E5
:1046A0009F005A01CD0076005D00A4012203410362
:1046B00008023D02EF01F60071003E00FCFFDEFF44
:1046C000C9FFD1FFD1FFD6FFDFFF09000D00E5FFD5
:1046D000D9FFCAFFC8FFCBFFCCFFCFFFD1FFD3FF6D
:1046E000D1FFD0FFD3FFD1FFD0FFD2FFD6FFD0FF45
:1046F00000000000000000000000000000000000BA
:10470000000000000000000000000000F5FFFFFFB7
:104710000600FBFFF7FFF4FFFCFF39001300040065
:1047200099005801C60073005A00A70120034003F6
:1047300005023A02ED01F1006D003A00FBFFDAFFDD
:10474000CEFFD3FFD4FFD4FFE0FF09001000E7FF46
:10475000D7FFCDFFCAFFCEFFCFFFD1FFD3FFD4FFDE
:10476000CFFFD1FFD3FFD2FFCFFFD5FFD5FFCFFFC4
:104770000000000000000000000000000000000039
:10478000000000000000000000000000F5FFFDFF39
:104790000500FBFFF5FFF5FFFBFF3D0015000300E3
:1047A00096005501CF0083005B00A401330354033E
:1047B000FF013902EA01100187004C000800E2FF06
:1047C000CEFFD3FFD5FFD4FFDCFF08000800DFFFDA
:1047D000D6FFCCFFCAFFCCFFCAFFCFFFD2FFD7FF67
:1047E000D1FFCDFFD1FFCDFFCCFFD3FFD6FFCDFF53
:1047F00000000000000000000000000000000000B9
:10480000000000000000000000000000F4FF0000B5
:104810000200FCFFF7FFF5FFFBFF3D00160005005F
:1048200094005501D200820059009E0129034B03D8
:10483000F8013602E40116018A0050000B00E5FF82
:10484000CFFFDBFFDBFFD8FFDCFF04000A00E3FF44
:10485000D7FFCFFFCAFFCCFFCEFFCFFFD3FFD6FFDE
:10486000D1FFD2FFD4FFD1FFCDFFD4FFD3FFD0FFC4
:104870000000000000000000000000000000000038
:10488000000000000000000000000000F5FF000034
:104890000600FAFFF6FFF6FFFBFF3F0014000400DE
:1048A000A1005E01D1007D006600A20111032B036F
:1048B000F2012F02DC01F300760043000500E2FF65
:1048C000D1FFD7FFD8FFD9FFE3FF0E001100E7FFAC
:1048D000DAFFD1FFCBFFCDFFD0FFCFFFD5FFD7FF52
:1048E000D1FFD2FFD7FFCFFFCEFFD6FFD7FFCEFF3E
:1048F00000000000000000000000000000000000B8
:10490000000000000000000000000000F6FFFCFFB7
:104910000500FBFFF7FFF3FFFBFF3E00180004005C
:10492000A3006001D0007B0062009A01030318031A
:10493000E7012202D301E900720044000500E5FF0F
:10494000CEFFD8FFDCFFD9FFE2FF0D001100E9FF29
:10495000D8FFD1FFCBFFCEFFD1FFD2FFD4FFDAFFCC
:10496000D3FFD2FFDAFFD1FFD3FFD6FFD9FFCFFFAE
:104970000000000000000000000000000000000037
:10498000000000000000000000000000F3FFFDFF39
:104990000400FCFFF7FFF5FFFBFF410018000300D8
:1049A0009C005C01D1007E0061009E010703200392
:1049B000E5011E02D301F200780045000B00E4FF80
:1049C000D2FFD9FFDBFFD9FFE1FF10000F00E8FFA6
:1049D000DBFFD2FFCFFFD2FFD0FFD1FFD4FFDCFF40
:1049E000D3FFD3FFD7FFD4FFD0FFD9FFDAFFD4FF27
:1049F00000000000000000000000000000000000B7
:104A0000000000000000000000000000F4FFFAFFBA
:104A100004000000F6FFF7FFFCFF40001B0007004A
:104A2000A8006301D20080006000A90110032B03DD
:104A3000F1012B02DE01F000730042000900E4FFE7
:104A4000D2FFDBFFD8FFDBFFE5FF10001300E9FF1B
:104A5000DEFFD2FFCCFFD2FFCFFFD1FFD6FFDAFFC0
:104A6000D2FFD3FFD8FFD3FFD3FFD8FFDBFFD1FFA7
:104A70000000000000000000000000000000000036
:104A8000000000000000000000000000F5FFFEFF35
:104A90000800FDFFF7FFF6FFFEFF430019000700C7
:104AA000A4006501CF007C006100A70110032A0368
:104AB000F6013102E001F000770043000800E7FF53
:104AC000D2FFD9FFDDFFE0FFE6FF17001600EBFF86
:104AD000DEFFD3FFD0FFCEFFD0FFD1FFD4FFDAFF40
:104AE000D3FFD1FFD8FFD4FFD2FFD8FFDEFFD5FF21
:104AF00000000000000000000000000000000000B6
:104B0000000000000000000000000000F6FFFDFFB4
:104B10000200F8FFF6FFF6FFFAFF3A001700050063
:104B20009C005901CD0078005F009E010D03260313
:104B3000E8012202D301F100780041000400E4FF03
:104B4000CEFFD1FFD6FFD5FFDFFF0B000A00E4FF49
:104B5000D5FFCEFFCFFFD0FFCEFFD0FFD5FFD6FFD2
:104B6000D0FFCFFFD3FFD0FFD0FFD6FFD6FFD0FFBF
:104B70000000000000000000000000000000000035
:104B8000000000000000000000000000F4FF000032
:104B90000500FAFFF6FFF5FFF6FF3B0018000600E0
:104BA0009A005701CB007B005D00A40110032B038A
:104BB000EC012802D901F000740041000600E2FF78
:104BC000CFFFD5FFD7FFDAFFE0FF0E000D00E8FFB3
:104BD000DCFFD0FFCBFFCEFFCDFFD2FFD2FFDAFF4D
:104BE000D3FFD3FFD6FFD3FFD0FFD6FFD8FFD2FF2E
:104BF00000000000000000000000000000000000B5
:104C0000000000000000000000000000F4FFFBFFB7
:104C10000400FDFFF6FFF3FFFDFF40001900030055
:104C20009F006001D10082006100AE0116033103D4
:104C3000F4013002DE01F4007B0043000B00E5FFCD
:104C4000D1FFDAFFDBFFDDFFE6FF12001000ECFF13
:104C5000DEFFD1FFCDFFCFFFD0FFD2FFD6FFD9FFC0
:104C6000D6FFD3FFD6FFD5FFD4FFD6FFD9FFD1FFA4
:104C70000000000000000000000000000000000034
:104C8000000000000000000000000000F7FFFBFF34
:104C90000400FCFFF6FFF4FFFBFF400016000500D8
:104CA0009E005F01CE007A006000A6010C03250380
:104CB000F0012C02DA01F200750040000600E6FF68
:104CC000CEFFD9FFD9FFDBFFE4FF13000E00ECFF9E
:104CD000DCFFCEFFCBFFCFFFD0FFD0FFD5FFD9FF4A
:104CE000D3FFD6FFD9FFD2FFCEFFD4FFD7FFD2FF2D
:104CF00000000000000000000000000000000000B4
:104D0000000000000000000000000000F1FFFBFFB9
:104D10000600FEFFF5FFF5FFFAFF3F001800030055
:104D2000A3006101D1007D006300A70106032003F9
:104D3000EC012502D801EC0070003B000600E6FF04
:104D4000D1FFDBFFDBFFDAFFE9FF13001100E9FF12
:104D5000DAFFD1FFCEFFCEFFCFFFCEFFD1FFD9FFCD
:104D6000D1FFD0FFD6FFD1FFD1FFD5FFD6FFD0FFB7
:104D70000000000000000000000000000000000033
:104D8000000000000000000000000000F5FFFDFF33
:104D90000900FBFFF8FFF7FFF9FF3D0016000500D3
:104DA00099005801D40081006000A90111032D036E
:104DB000EF012A02DB01FA007E0049000D00E8FF46
:104DC000D3FFDBFFDBFFDBFFE7FF0D001000E9FF98
:104DD000DCFFD2FFCCFFD1FFCFFFD3FFD5FFDCFF3D
:104DE000D2FFD2FFD6FFD3FFD0FFD6FFD8FFD1FF2F
:104DF00000000000000000000000000000000000B3
:104E0000000000000000000000000000F5FFFFFFB0
:104E10000700FFFFF7FFF7FFFAFF3E00190003004E
:104E200095005501D70085005E00A40114033603E8
:104E3000EF012C02DB010901880051001000E9FF9D
:104E4000D2FFD8FFDEFFDEFFE5FF0E000E00E7FF1A
:104E5000DDFFD1FFCAFFCEFFCDFFD1FFD5FFD8FFC9
:104E6000D2FFD4FFD8FFD0FFCFFFD5FFD5FFD4FFAF
:104E70000000000000000000000000000000000032
:104E8000000000000000000000000000F2FFFCFF36
:104E90000600F9FFF5FFF4FFF8FF400012000300E1
:104EA00092005401D40082005A00A4011303370376
:104EB000EF012502D7010E018A0050001100E5FF25
:104EC000D2FFD7FFDAFFD7FFE2FF0A000B00E3FFB4
:104ED000D7FFCDFFC8FFCEFFD0FFD0FFD5FFD7FF54
:104EE000D0FFD1FFD4FFD0FFCDFFD4FFD7FFCFFF3E
:104EF00000000000000000000000000000000000B2
:104F0000000000000000000000000000F6FFFEFFAF
:104F10000300FBFFF7FFF5FFF9FF3F001500050059
:104F200092005501DC0089006100A80112033503DD
:104F3000EB012802D60112018B0053001300E8FF99
:104F4000D4FFD5FFD9FFD7FFE0FF0D000900E2FF36
:104F5000D4FFD0FFCEFFCDFFD1FFCEFFD4FFD6FFD1
:104F6000D3FFD2FFD5FFD0FFCDFFD6FFD5FFCFFFB8
:104F70000000000000000000000000000000000031
:104F8000000000000000000000000000F6FFFBFF32
:104F90000500FBFFF8FFF7FFFBFF3E0019000500CF
:104FA00092005001DA0089005F00A9010B03300371
:104FB000E3011E02D00114018B004F001200E8FF34
:104FC000D1FFD7FFD9FFDAFFE4FF0F000B00E1FFAD
:104FD000D7FFD1FFCCFFCDFFCEFFCEFFD7FFD9FF4C
:104FE000D1FFD3FFD5FFD1FFCCFFD3FFD6FFD1FF39
:104FF00000000000000000000000000000000000B1
:10500000000000000000000000000000F5FFF9FFB4
:105010000400F9FFF6FFF4FFF9FF3D00190002005C
:105020008D004D01D70086006000A40101031D031F
:10503000DE011602CA011001880051001400EAFFC7
:10504000D5FFDCFFDAFFD7FFE3FF0D000B00E2FF27
:10505000D8FFCFFFCDFFD0FFD1FFD1FFD7FFDBFFC0
:10506000D3FFD1FFD9FFD2FFCEFFD5FFD6FFCFFFB1
:105070000000000000000000000000000000000030
:10508000000000000000000000000000F4FFFDFF31
:105090000100FDFFF6FFF6FFFCFF420016000500D1
:1050A0008B004C01DB0085005F00A401010320039D
:1050B000E4011B02D10116018F0054001800EEFF1D
:1050C000D3FFD8FFDFFFDBFFE4FF11000900E6FF9D
:1050D000D6FFD0FFCEFFCCFFD0FFD2FFD8FFD8FF46
:1050E000D2FFD3FFD7FFD2FFD0FFD4FFD8FFCFFF2F
:1050F00000000000000000000000000000000000B0
:10510000000000000000000000000000F4FFFFFFAE
:105110000500F9FFF6FFF4FFF9FF3C00150006005B
:1051200087004501D50084005F009E01F70211034E
:10513000D5010D02C1011401880050001900EAFFD9
:10514000D1FFD6FFDEFFD8FFE0FF0A000500E1FF38
:10515000D4FFCEFFD0FFCEFFD0FFD2FFD6FFDAFFC5
:10516000D1FFD3FFD8FFD1FFCFFFD3FFD5FFD2FFB1
:10517000000000000000000000000000000000002F
:10518000000000000000000000000000F3FFFCFF32
:105190000500FBFFF5FFF5FFF9FF3E0018000500D5
:1051A00088004401D90088005D009B01F7021803C4
:1051B000DA010B02C8011D01930056001A00EDFF31
:1051C000D5FFD5FFDCFFDAFFE1FF0C000900E4FFAB
:1051D000D8FFD1FFCDFFD1FFD0FFD1FFD8FFDCFF3B
:1051E000D3FFD3FFD5FFD0FFCEFFD5FFD4FFCFFF36
:1051F00000000000000000000000000000000000AF
:10520000000000000000000000000000F5FFFCFFAF
:105210000500FDFFF8FFF5FFFBFF3E00160005004F
:1052200083004301D800840063009C01F0020D0359
:10523000D5010302BF011A018C0056001C00F0FFCB
:10524000D4FFD8FFDEFFDDFFE3FF12000800E4FF1C
:10525000D8FFD1FFD0FFCEFFD3FFD0FFD6FFD8FFBE
:10526000D3FFD4FFD8FFD3FFD1FFD4FFD6FFD0FFA9
:10527000000000000000000000000000000000002E
:10528000000000000000000000000000F3FFFBFF32
:105290000400FBFFF7FFF6FFFDFF3B0013000400D7
:1052A0007F003D01CE00820061009801E802030307
:1052B000CA01FD01B801170187004B001600EAFF83
:1052C000D3FFD5FFDCFFD8FFE2FF0C000200E2FFB6
:1052D000D4FFCFFFCEFFCEFFD0FFCEFFD5FFD8FF4C
:1052E000D1FFD4FFD5FFD2FFD0FFD5FFD6FFD0FF2F
:1052F00000000000000000000000000000000000AE
:10530000000000000000000000000000F3FFFBFFB1
:105310000800FEFFF4FFF5FFFBFF3A001500030055
:1053200081003E01CF00810060009501E302FD0293
:10533000C901FD01BC011501850049001400EBFF06
:10534000D6FFD5FFD9FFD8FFE1FF0A000500E1FF36
:10535000D6FFD0FFCEFFD1FFD1FFD0FFD3FFD5FFC7
:10536000D0FFD2FFD4FFD2FFD0FFD5FFD5FFD2FFB1
:10537000000000000000000000000000000000002D
:10538000000000000000000000000000F5FFFFFF2B
:105390000500FBFFF6FFF7FFFAFF3D0017000800CE
:1053A0007E003901CE0081005E009101E202FF0221
:1053B000C7010002BF01170188004D001700ECFF74
:1053C000D4FFD5FFD6FFD9FFE1FF0B000200E2FFBB
:1053D000D9FFCEFFD1FFCFFFD0FFD2FFDAFFD9FF39
:1053E000CFFFD2FFD6FFD0FFCDFFD4FFD4FFD3FF36
:1053F00000000000000000000000000000000000AD
:10540000000000000000000000000000F4FFFEFFAC
:105410000300FDFFF9FFF5FFFAFF3B001900040050
:105420007E003A01D10081005F009701E202FA029A
:10543000C601FC01C1011A018A004B001900ECFFF2
:10544000D7FFD4FFDAFFDCFFE0FF05000500E2FF35
:10545000D5FFD1FFCFFFCCFFD0FFCEFFD6FFD6FFC9
:10546000D3FFD2FFD5FFD1FFD0FFD6FFD7FFD3FFA9
:10547000000000000000000000000000000000002C
:10548000000000000000000000000000F5FFFEFF2B
:105490000400FAFFF7FFF2FFFAFF3D0016000500D7
:1054A0007D003501CF007F0060009201D302F00241
:1054B000C101F501B6011801840046001900EDFF95
:1054C000D4FFD6FFDCFFDCFFE6FF0B000700E4FFA4
:1054D000D8FFD0FFCDFFCFFFD2FFD3FFD6FFDBFF3A
:1054E000D3FFD3FFD5FFCFFFCFFFD4FFD4FFD0FF33
:1054F00000000000000000000000000000000000AC
:10550000000000000000000000000000F5FFFAFFAE
:105510000100FCFFF5FFF3FFF8FF3B00130006005E
:105520007A003301CD007F0060009101D402EA02CD
:10553000C001EF01B301170185004A001A00ECFF1A
:10554000D7FFD7FFDDFFD9FFE0FF09000300E2FF2F
:10555000D7FFD0FFCBFFCBFFD0FFD4FFDAFFDBFFBD
:10556000D1FFD1FFD6FFD2FFD0FFD6FFD6FFD3FFAA
:10557000000000000000000000000000000000002B
:10558000000000000000000000000000F4FFFEFF2B
:105590000600FAFFF5FFF5FFFAFF3C0015000600D4
:1055A00075002E01D600850060009501CF02EF0244
:1055B000C201E701A7012A01960053002400F2FF6F
:1055C000DAFFD6FFD9FFDCFFE3FF0800FFFFE4FFAF
:1055D000D7FFD4FFCFFFCEFFD2FFD2FFD9FFDCFF32
:1055E000D2FFD5FFD5FFD2FFD1FFD6FFD5FFD1FF28
:1055F00000000000000000000000000000000000AB
:10560000000000000000000000000000F3FFFDFFAC
:105610000400FFFFF7FFF4FFF9FF3E001700090049
:105620006B002601DB00900064009001C902E902D2
:10563000CF01E101A8014401AA0062002F00F7FF99
:10564000E0FFDBFFDEFFDAFFDEFF0C000100E4FF1E
:10565000D8FFD3FFCFFFCEFFD4FFD2FFD9FFDDFFAE
:10566000D1FFD6FFDBFFD3FFD0FFD7FFD7FFD1FF9E
:10567000000000000000000000000000000000002A
:10568000000000000000000000000000F6FFFBFF2B
:105690000400FAFFF7FFF4FFFBFF400019000A00C7
:1056A00077002D01D600870069008A01B502D1027A
:1056B000BB01DC01A2012801930054002900F7FF7F
:1056C000DFFFDBFFDEFFDBFFE8FF10000400E8FF89
:1056D000DCFFD5FFD3FFD2FFD4FFD2FFDCFFDEFF1C
:1056E000D2FFD5FFDBFFD2FFD2FFDDFFDAFFD1FF14
:1056F00000000000000000000000000000000000AA
:10570000000000000000000000000000F3FFFCFFAC
:105710000500FEFFF7FFF5FFFDFF410017000A003F
:105720007D003101CF007D0069008101A502C40226
:10573000AC01DB019F0112017F0049002000F4FF52
:10574000DEFFDDFFE0FFE1FFEBFF13000700E9FFF5
:10575000DEFFD6FFD4FFD2FFD2FFD2FFDDFFDDFF99
:10576000D4FFD8FFD9FFD9FFD3FFDCFFD8FFD3FF89
:105770000000000000000000000000000000000029
:10578000000000000000000000000000F6FFFFFF26
:105790000400FCFFF4FFF4FFFBFF420017000900C8
:1057A00076002E01CE007D0064008201AA02C702AD
:1057B000B201D601A1011401850049001E00F3FFCA
:1057C000DFFFDAFFDFFFDFFFEBFF11000400EBFF7D
:1057D000DDFFD6FFD4FFD0FFD4FFD3FFD9FFDBFF1F
:1057E000D5FFD7FFDBFFD4FFD3FFDDFFD7FFD3FF0C
:1057F00000000000000000000000000000000000A9
:10580000000000000000000000000000F0FFFEFFAC
:105810000300FBFFF5FFF6FFFBFF44001900080043
:1058200078002901CE007D0067008501A502C20233
:10583000B301D801A0011201810042001E00EFFF58
:10584000DEFFD7FFDFFFE0FFE9FF10000600EAFF01
:10585000DBFFD5FFD5FFCEFFD1FFD2FFDBFFDEFFA1
:10586000D2FFD7FFDAFFD1FFD0FFDAFFD8FFD3FF97
:105870000000000000000000000000000000000028
:10588000000000000000000000000000F6FFFEFF26
:105890000700FEFFF8FFF5FFFDFF3C0016000A00C1
:1058A00073002B01CB007B0066008201A802C302BB
:1058B000AE01D601A50112017E0041001B00F5FFDB
:1058C000DDFFDCFFE0FFE1FFECFF11000700ECFF74
:1058D000E0FFD9FFD5FFD2FFD4FFD5FFE0FFDEFF09
:1058E000D1FFDAFFDEFFD6FFD3FFDCFFD9FFD5FF04
:1058F00000000000000000000000000000000000A8
:10590000000000000000000000000000F5FFFBFFA9
:105910000400FDFFF6FFF4FFFAFF410015000D0043
:1059200078002F01CE007B0068008201A002BD023A
:10593000AF01DB01A40115017D0042001E00F0FF54
:10594000DDFFD5FFDBFFE0FFEBFF11000200E8FF0A
:10595000DBFFD4FFD2FFCFFFD2FFD2FFDDFFDCFFA2
:10596000D2FFD9FFD9FFD2FFCEFFDCFFD8FFD2FF95
:105970000000000000000000000000000000000027
:10598000000000000000000000000000F3FFFDFF29
:105990000300FDFFF8FFF5FFF7FF420017000D00C1
:1059A00075002901C9007A006D008B019E02BB02BF
:1059B000B401E001A50112017B003D001D00F2FFD2
:1059C000DEFFD9FFDCFFE1FFEBFF12000A00ECFF76
:1059D000DBFFDBFFD4FFD1FFD3FFD5FFDEFFDFFF0F
:1059E000D4FFD7FFDBFFD6FFD1FFDBFFDEFFD3FF06
:1059F00000000000000000000000000000000000A7
:105A0000000000000000000000000000F6FFFCFFA6
:105A10000300FAFFF6FFF6FFFAFF410019000D0040
:105A200070002301C8007900690087019D02BC0253
:105A3000B101DB01A40117017C003E001D00F3FF52
:105A4000DFFFD7FFDBFFDFFFEDFF13000800ECFFF8
:105A5000DDFFD8FFD4FFD3FFD7FFD6FFDEFFDFFF88
:105A6000D5FFDBFFDFFFD5FFD1FFDEFFDBFFD4FF7C
:105A70000000000000000000000000000000000026
:105A8000000000000000000000000000F5FFFDFF26
:105A90000500FBFFF5FFF5FFFFFF43001A000D00B7
:105AA00071002201CD007B006C0088019E02BB02C8
:105AB000B101D801A7011801810041001B00F1FFCD
:105AC000DEFFD5FFDAFFDAFFE6FF11000600ECFF8C
:105AD000DAFFD8FFD4FFD1FFD6FFD4FFDFFFDDFF11
:105AE000D5FFD7FFD9FFD3FFD0FFDCFFDAFFD2FF0E
:105AF00000000000000000000000000000000000A6
:105B0000000000000000000000000000F4FFFDFFA6
:105B10000700FCFFF5FFF7FFFDFF410019000D0036
:105B200074002101C7007800690081019402B1026C
:105B3000A701D601A5011501780037001900F5FF6E
:105B4000DEFFD8FFDBFFDFFFEDFF16000700EDFFF4
:105B5000E0FFDBFFD7FFD3FFD6FFD4FFDBFFDCFF87
:105B6000D4FFDEFFDBFFD7FFD1FFDFFFDCFFD5FF78
:105B70000000000000000000000000000000000025
:105B8000000000000000000000000000F7FFFBFF25
:105B90000100FBFFF8FFF5FFFAFF420018000E00BE
:105BA00074001E01C60079006C0085019402A902F0
:105BB000A801D001A6011501780038001900EDFFF9
:105BC000DAFFD6FFDCFFDDFFE9FF10000700EBFF87
:105BD000DBFFD9FFD2FFD1FFD4FFD7FFDDFFDEFF10
:105BE000D4FFD8FFD8FFD5FFD3FFDDFFD6FFD4FF0A
:105BF00000000000000000000000000000000000A5
:105C0000000000000000000000000000F5FFFCFFA5
:105C10000500FCFFF8FFF5FFFAFF420017000F0038
:105C200069001601CB007A006A0082019702B60271
:105C3000B101CA01A4012701850040001F00F1FF46
:105C4000DEFFD6FFD7FFDDFFE5FF11000600EAFF0C
:105C5000DCFFD6FFD3FFCEFFD5FFD6FFDEFFDAFF96
:105C6000D2FFD9FFD8FFD6FFD3FFDDFFD8FFD3FF88
:105C70000000000000000000000000000000000024
:105C8000000000000000000000000000F2FFFCFF28
:105C90000300FCFFF6FFF6FFFAFF430017000F00BA
:105CA00065001101CA007C006F0085019002B202FC
:105CB000B701C5019D012A01870043001A00F4FFC6
:105CC000E0FFD4FFD6FFD8FFE6FF0E000300E9FF98
:105CD000D8FFDAFFD6FFD3FFD4FFD5FFDDFFDDFF0E
:105CE000D5FFDAFFDBFFD5FFD2FFDAFFD8FFD1FF08
:105CF00000000000000000000000000000000000A4
:105D0000000000000000000000000000F6FFFCFFA3
:105D1000FEFFFCFFF7FFF7FFFAFF450019000F0039
:105D200069001601CC008100710089019802B60259
:105D3000B401D401A7012901860044002100F5FF28
:105D4000E0FFD9FFE0FFDEFFEBFF13000400EFFFF1
:105D5000E0FFD9FFD4FFD3FFD3FFD4FFDFFFE2FF83
:105D6000D4FFDCFFDCFFD9FFD2FFDEFFD9FFD5FF78
:105D70000000000000000000000000000000000023
:105D8000000000000000000000000000F5FFFFFF21
:105D90000400FCFFF7FFF9FFFAFF42001A000D00B4
:105DA00069001501CD007E00710084018E02AC02F5
:105DB000B301CF01A301260182003C001F00F2FFC6
:105DC000E1FFD8FFDAFFDDFFE7FF0B000100EBFF8B
:105DD000DDFFD6FFD4FFD3FFD3FFD5FFDEFFDEFF0D
:105DE000D4FFD9FFDBFFD6FFD1FFDCFFD7FFD2FF07
:105DF00000000000000000000000000000000000A3
:105E0000000000000000000000000000F4FFFBFFA5
:105E10000400FDFFF5FFF2FFF7FF3F0017000D0044
:105E200063001101C8007C006B0085018E02AF0287
:105E3000B201CF01A6012701860040001F00F4FF38
:105E4000DEFFD7FFDAFFDDFFE5FF0F000500ECFF07
:105E5000DDFFD5FFD4FFD1FFD1FFD4FFD9FFDAFF9B
:105E6000D1FFD9FFD9FFD4FFD1FFDDFFD9FFD3FF89
:105E70000000000000000000000000000000000022
:105E8000000000000000000000000000F5FFFCFF23
:105E90000500FAFFF7FFF4FFFCFF410018000E00B9
:105EA00069001501CA007C006E0089019302B002EE
:105EB000AE01D501A901240180003A001A00F1FFCA
:105EC000DBFFD5FFD8FFD9FFE9FF0F000200EAFF93
:105ED000DAFFD4FFD3FFD1FFD1FFD3FFDAFFDDFF1D
:105EE000D5FFDAFFD8FFD4FFD4FFDCFFD8FFD0FF07
:105EF00000000000000000000000000000000000A2
:105F0000000000000000000000000000F6FFFEFF9F
:105F10000300FBFFF6FFF3FFFBFF3F0018000C0040
:105F200065001401C50076006C0089019702AE027D
:105F3000AF01D401A9012101820038001B00EFFF4D
:105F4000DAFFD4FFD7FFDEFFE7FF13000100ECFF0D
:105F5000DDFFD5FFD2FFD2FFD2FFD3FFDBFFDDFF96
:105F6000D5FFDEFFD8FFD5FFD1FFDCFFDAFFD2FF80
:105F70000000000000000000000000000000000021
:105F8000000000000000000000000000F6FFFBFF22
:105F90000300FBFFF9FFF6FFFCFF3F0018000E00B7
:105FA00066001601C5007B006F008E019F02B802DB
:105FB000B701DA01AB012A01850040001E00F5FFA0
:105FC000DEFFD7FFD9FFDEFFE8FF13000500EDFF7E
:105FD000DDFFD8FFD2FFD1FFD4FFD4FFDFFFE2FF08
:105FE000D7FFDBFFD9FFD6FFD2FFDCFFDAFFD4FFFC
:105FF00000000000000000000000000000000000A1
:10600000000000000000000000000000F6FFFEFF9E
:106010000400FCFFF7FFF3FFFBFF400017000D003B
:1060200067001401CA007B006D008F019902B40261
:10603000B001DA01AE01250181003C001E00EFFF36
:10604000DEFFD4FFD9FFDAFFE7FF0F000200EBFF0E
:10605000DBFFD4FFD1FFD0FFD3FFD0FFDAFFDCFF9F
:10606000D5FFDAFFD7FFD2FFD0FFDAFFD5FFD1FF90
:106070000000000000000000000000000000000020
:10608000000000000000000000000000F5FFFBFF22
:106090000600FDFFF3FFF5FFFCFF3F0017001100B6
:1060A00066001401C6007D00740090019802B202DF
:1060B000B101E001B20125017E0038001C00F2FFB1
:1060C000DEFFD9FFDBFFDDFFE8FF0F000300EEFF7F
:1060D000DCFFD7FFD2FFD1FFD2FFD7FFDCFFDDFF10
:1060E000D4FFD9FFD8FFD2FFD2FFDCFFD9FFD3FF07
:1060F00000000000000000000000000000000000A0
:10610000000000000000000000000000F4FFFDFFA0
:106110000500FCFFF5FFF5FFFAFF470019000F002F
:106120006D001901C6007E00740096019B02B10249
:10613000B501E301B6012A0183003F001D00F1FF14
:10614000DEFFD6FFDAFFDDFFE9FF14000800F0FFF5
:10615000DFFFD9FFD5FFD4FFD3FFD5FFE0FFE3FF7B
:10616000D6FFDCFFDBFFD6FFD1FFDFFFDAFFD4FF76
:10617000000000000000000000000000000000001F
:10618000000000000000000000000000F4FFFDFF20
:106190000500FCFFF7FFF5FFFCFF400018001000B2
:1061A00066001501C6007E0072008F019902B002E0
:1061B000B101E201B601290183003A001B00F2FFA0
:1061C000E1FFD8FFD8FFDEFFEAFF11000400F2FF75
:1061D000DFFFD8FFD3FFD1FFD3FFD4FFDCFFDBFF0E
:1061E000D5FFDDFFD9FFD3FFD4FFDCFFDDFFD4FFF8
:1061F000000000000000000000000000000000009F
:10620000000000000000000000000000F2FFFCFFA2
:106210000200FFFFF7FFF9FFFBFF4200170010002D
:1062200066001501C9007C00700094019802AE025E
:10623000AC01E301B50128017E0039001C00F4FF28
:10624000DFFFD4FFD7FFE1FFEDFF12000600EEFFF6
:10625000DDFFD8FFD3FFD3FFD2FFD6FFE0FFE1FF82
:10626000D7FFDDFFD9FFD5FFD4FFDEFFD8FFD2FF78
:10627000000000000000000000000000000000001E
:10628000000000000000000000000000F4FFFAFF22
:106290000600FCFFF5FFF6FFFCFF3F0018000F00B3
:1062A0006A001601C4007A0072008D019802AD02E6
:1062B000AD01E601BD0124017E0035001A00F1FFA9
:1062C000DEFFD7FFD7FFE1FFEBFF14000900F0FF6F
:1062D000DDFFD7FFD2FFD4FFD4FFD5FFDBFFE0FF08
:1062E000D6FFDCFFD8FFD3FFD2FFDEFFD7FFD2FF00
:1062F000000000000000000000000000000000009E
:10630000000000000000000000000000F3FFFEFF9E
:106310000500FAFFF6FFF5FFFDFF420016000F0033
:1063200064001101C20077006B008A019C02B10277
:10633000AE01E101C00127017F0037001B00F1FF22
:10634000DDFFD6FFD7FFE0FFEBFF13000400F2FFF5
:10635000DEFFD5FFD3FFD0FFD1FFD5FFDFFFDCFF8E
:10636000D5FFD7FFD9FFD2FFD2FFDFFFDAFFD0FF83
:10637000000000000000000000000000000000001D
:10638000000000000000000000000000F5FFFDFF1D
:106390000400FCFFF5FFF5FFFDFF3F0019000E00B4
:1063A00067001601C30076006F008A019002A70201
:1063B000AA01E701BC0123017E0032001800F2FFB0
:1063C000DBFFD3FFD8FFDBFFE9FF11000100EDFF8A
:1063D000DDFFD5FFD2FFD2FFD2FFD3FFDFFFDFFF0C
:1063E000D4FFDAFFD6FFD5FFD1FFDEFFD7FFD7FFFF
:1063F000000000000000000000000000000000009D
:10640000000000000000000000000000F6FFF8FFA0
:106410000500FBFFF6FFF5FFFFFF420017000D0030
:106420006F001B01C200730070008A019002A3027A
:10643000A601EE01C3011B0174002C001900EEFF40
:10644000DEFFD8FFDDFFE4FFEFFF16000800F4FFDA
:10645000DEFFDAFFD6FFD1FFD6FFD6FFE2FFE1FF76
:10646000D6FFDBFFDAFFD7FFD3FFE0FFDBFFD5FF6F
:10647000000000000000000000000000000000001C
:10648000000000000000000000000000F4FFFBFF1F
:106490000400FDFFF6FFF5FFFAFF420018000C00B4
:1064A0006E001901C10074006C008F019F02B102DF
:1064B000A901F001C60122017B0033001900EFFFA2
:1064C000DBFFD5FFDCFFE1FFF0FF15000900EEFF69
:1064D000DBFFD5FFD1FFD2FFD1FFD3FFDDFFDEFF12
:1064E000D2FFD8FFD7FFD5FFD1FFDCFFD8FFD2FF07
:1064F000000000000000000000000000000000009C
:10650000000000000000000000000000F5FFFDFF9B
:106510000600FCFFF6FFF5FFF8FF410015000E0036
:1065200068000E01BE0071007100830185029602B1
:10653000A201DB01BC012201770030001900EFFF4E
:10654000DAFFD4FFD7FFE0FFEDFF11000500EFFFFA
:10655000DFFFD6FFD5FFD0FFD0FFD6FFDDFFDCFF8A
:10656000D7FFDCFFD6FFD2FFD2FFDCFFD7FFD2FF81
:10657000000000000000000000000000000000001B
:10658000000000000000000000000000F6FFFDFF1A
:106590000300FBFFF7FFF5FFFBFF410017000D00B5
:1065A0006F001801C5007800740081017D0294021B
:1065B0009D01E001B9011B01780033001700EEFFD7
:1065C000DCFFD6FFD9FFDEFFECFF16000500F2FF6F
:1065D000DEFFD9FFD3FFD4FFD2FFD3FFDEFFE1FF01
:1065E000D6FFDAFFD9FFD5FFD2FFE1FFDAFFD3FFF5
:1065F000000000000000000000000000000000009B
:10660000000000000000000000000000F2FFF9FFA1
:106610000400FCFFF6FFF6FFFDFF410019000C002F
:1066200073001A01C10071006E00810173028202C1
:106630009301E001B3010C0173002E001800F0FF7C
:10664000D9FFD5FFD9FFE1FFF0FF16000900F3FFE6
:10665000DEFFD7FFD8FFD1FFD3FFD6FFDEFFDFFF7E
:10666000D5FFD9FFD9FFD5FFD2FFE2FFDCFFD3FF73
:10667000000000000000000000000000000000001A
:10668000000000000000000000000000F4FFF9FF1F
:106690000200F9FFF4FFF5FFF9FF410018001000B8
:1066A0007B002001BD006D006D0082017A0288022E
:1066B0009601E801B8010701700029001800EFFFFA
:1066C000DAFFD8FFDAFFE3FFF2FF18000B00F3FF59
:1066D000E0FFDAFFD2FFD2FFD2FFD5FFDEFFE0FFFF
:1066E000D6FFD9FFDBFFD5FFD3FFDFFFD8FFD4FFF5
:1066F000000000000000000000000000000000009A
:10670000000000000000000000000000F4FFFFFF98
:106710000600FDFFF7FFF4FFFDFF410017000D002D
:1067200073001C01BB006F007000820171028102C6
:106730009601E901B60104016C0027001500EEFF87
:10674000DBFFD7FFDBFFE2FFF3FF1A000800F2FFD9
:10675000E2FFD8FFD5FFD2FFD4FFD6FFDDFFE2FF77
:10676000D7FFDCFFD8FFD7FFD6FFE0FFDAFFD3FF6C
:106770000000000000000000000000000000000019
:10678000000000000000000000000000F2FFFBFF1E
:106790000300FBFFF6FFF5FFFAFF420018000B00B5
:1067A00075001B01BB006B0071007E016B027B0258
:1067B0008F01E501B6010501680022001800F0FF15
:1067C000DCFFD5FFD7FFE4FFF1FF1A000D00F5FF56
:1067D000E0FFD8FFD5FFD3FFD2FFD5FFD9FFE2FFFF
:1067E000D5FFDDFFDAFFD5FFD3FFDCFFDBFFD2FFF4
:1067F0000000000000000000000000000000000099
:10680000000000000000000000000000F4FFFCFF9A
:106810000500F9FFF8FFF5FFFCFF45001900110026
:1068200073002101BB007000700081016C027D02C9
:106830009301E601B7010101680026001600F2FF8E
:10684000DCFFD8FFDEFFE4FFF5FF1D000B00F5FFC6
:10685000E1FFDAFFD4FFD3FFD5FFD6FFE2FFE6FF6B
:10686000D8FFDDFFDDFFD5FFD3FFE5FFDDFFD6FF5E
:106870000000000000000000000000000000000018
:10688000000000000000000000000000F4FFFAFF1C
:106890000200FAFFF6FFF1FFFAFF42001C001000B1
:1068A00075001901B9006D007200800170027E024E
:1068B0009301E901B6010601660023001700F0FF0D
:1068C000DBFFD6FFD7FFE0FFF6FF1A000C00F5FF55
:1068D000DEFFDBFFD2FFD3FFD2FFD5FFDFFFDEFFFE
:1068E000D5FFDAFFD7FFD3FFD2FFE0FFDBFFD5FFF5
:1068F0000000000000000000000000000000000098
:10690000000000000000000000000000F2FFFAFF9D
:106910000400FCFFF8FFF6FFFAFF420019000D002B
:1069200074001B01B9006A006D00820173028502C8
:106930009901EB01BF010901690020001600F0FF79
:10694000DAFFD6FFD8FFE4FFF1FF17000B00F6FFD8
:10695000E1FFD9FFD5FFD2FFD3FFD7FFDCFFE1FF77
:10696000D6FFDAFFD8FFD6FFD3FFE0FFDBFFD2FF71
:106970000000000000000000000000000000000017
:10698000000000000000000000000000F6FFFCFF17
:106990000400FBFFF6FFF5FFFAFF3C0015000B00BB
:1069A0006E001501AF00650065007C0170027E027B
:1069B0009201EA01B501010167001F001400EFFF19
:1069C000D9FFD3FFD5FFE3FFEFFF13000600F3FF6E
:1069D000DFFFD8FFD5FFD2FFD1FFD4FFDCFFDCFF04
:1069E000D8FFD9FFD7FFD6FFD4FFDFFFD9FFD7FFEE
:1069F0000000000000000000000000000000000097
:106A0000000000000000000000000000F4FF000093
:106A10000500FEFFF8FFF4FFFDFF42001700110024
:106A200078002101B9006D007200830179028502AE
:106A30009701EC01BF010701690020001900F3FF75
:106A4000DCFFD7FFD9FFE8FFF4FF1A001000FAFFC0
:106A5000E0FFDEFFD8FFD4FFD3FFD4FFE0FFE4FF69
:106A6000D7FFDFFFDDFFD3FFD3FFE2FFDDFFD8FF5E
:106A70000000000000000000000000000000000016
:106A8000000000000000000000000000F6FFFEFF14
:106A90000700FBFFF7FFF4FFFCFF410017000F00AA
:106AA00072001901B60069006D007F017402810255
:106AB0009301EC01BD010201660020001500F0FF0A
:106AC000DDFFD7FFD6FFE4FFF3FF19000B00F7FF50
:106AD000E3FFDAFFD5FFD3FFD4FFD6FFDDFFDDFFF5
:106AE000D6FFDCFFDCFFD5FFD3FFE1FFDFFFD5FFE3
:106AF0000000000000000000000000000000000096
:106B0000000000000000000000000000F4FFFCFF97
:106B10000300FAFFF5FFF5FFFAFF3E0016000A003A
:106B20006E001601B60065006800800174028202E2
:106B30009101E701B401040167001F001600EEFF98
:106B4000D7FFD2FFD6FFE1FFECFF16000800F3FFEE
:106B5000DEFFD5FFD3FFD1FFD1FFD3FFDBFFDDFF8A
:106B6000D7FFD7FFD7FFD4FFD1FFDFFFD9FFD5FF76
:106B70000000000000000000000000000000000015
:106B8000000000000000000000000000F7FFFDFF13
:106B90000300FCFFF6FFF3FFFBFF3F0019000E00B0
:106BA0006B001901BB006C00690085018102930232
:106BB0009E01F101C1010C016E0027001700EFFFDB
:106BC000D8FFD5FFD7FFE3FFEFFF17000B00F4FF5F
:106BD000E1FFD6FFD5FFD4FFD3FFD3FFDDFFDEFFFC
:106BE000D7FFDEFFDAFFD6FFD4FFDDFFD8FFD3FFEC
:106BF0000000000000000000000000000000000095
:106C0000000000000000000000000000F5FFFCFF95
:106C10000400FDFFF6FFF5FFFBFF400017000F002B
:106C200071001801B900700070008B01800293029E
:106C30009E01F001BE010901700025001900F1FF5D
:106C4000DEFFDAFFDBFFE2FFEFFF1A000900F5FFCE
:106C5000E1FFDBFFD6FFD3FFD3FFD7FFE0FFE3FF6A
:106C6000D9FFDDFFD9FFD6FFD4FFDEFFDAFFD6FF65
:106C70000000000000000000000000000000000014
:106C8000000000000000000000000000F5FFFDFF14
:106C90000400FCFFF5FFF4FFFCFF420018000C00AD
:106CA00073001701B90070006C0088018502910221
:106CB000A001EA01C10109016C0027001700EFFFE4
:106CC000DBFFD5FFD7FFE1FFEEFF18000700F4FF61
:106CD000DFFFD7FFD5FFD2FFD0FFD3FFDEFFE0FFFE
:106CE000D6FFDBFFD9FFD4FFD5FFE0FFD7FFD2FFF0
:106CF0000000000000000000000000000000000094
:106D0000000000000000000000000000F4FF000090
:106D10000300FAFFF7FFF7FFFBFF440018000E0027
:106D20006F001901BB006D006A008A01890296029A
:106D30009F01F101C1010B016F0027001500EDFF5C
:106D4000DCFFD4FFDAFFE1FFEEFF18000700F6FFDB
:106D5000E1FFD8FFD2FFD2FFD2FFD6FFDBFFE2FF79
:106D6000D5FFDAFFDAFFD5FFD2FFE2FFDAFFD4FF6B
:106D70000000000000000000000000000000000013
:106D8000000000000000000000000000F7FFFAFF14
:106D90000400FBFFF9FFF5FFFAFF44001B000F00A2
:106DA00074002001BC0073006F0091018E029C02F0
:106DB000A201FC01C9010C0173002B001A00F3FFB2
:106DC000E0FFDAFFDCFFE7FFF5FF1D000C00FBFF33
:106DD000E3FFDCFFD7FFD4FFD5FFD6FFDFFFE8FFDF
:106DE000DBFFDDFFDCFFD8FFD4FFDFFFDBFFD5FFDC
:106DF0000000000000000000000000000000000093
:106E0000000000000000000000000000F5FFFAFF95
:106E10000300FAFFF5FFF7FFFCFF42001A0009002C
:106E200072001A01B9006E006A008B018B029B028E
:106E3000A401FB01CA0108016D0023001A00F2FF42
:106E4000DCFFD7FFDAFFE4FFF0FF19000A00F4FFD0
:106E5000DFFFD7FFD3FFD1FFD1FFD5FFDEFFDFFF7D
:106E6000D4FFD8FFD5FFD7FFD3FFDDFFDCFFD5FF71
:106E70000000000000000000000000000000000012
:106E8000000000000000000000000000F8FFFCFF10
:106E90000700FDFFF6FFF6FFFBFF40001A000C00A5
:106EA0006E001801B9006E006D008F0191029C0206
:106EB000A101F801CB010C01720028001900EFFFBD
:106EC000DDFFD6FFDDFFE4FFF3FF1B000B00F5FF46
:106ED000E1FFD8FFD8FFD3FFD4FFD5FFDFFFE0FFEE
:106EE000D7FFDCFFD6FFD4FFD3FFDEFFD8FFD5FFEF
:106EF0000000000000000000000000000000000092
:106F0000000000000000000000000000F4FFFAFF95
:106F10000500FEFFF5FFF5FFFBFF3F0017000E0029
:106F20006F001901B9006D006E008C018C0298028F
:106F30009F01F401C9010C016D0025001900F2FF49
:106F4000DAFFD6FFDCFFE4FFEFFF1A000D00F5FFCC
:106F5000E1FFD5FFD3FFCFFFD1FFD4FFDCFFE0FF80
:106F6000D5FFDDFFD7FFD7FFD0FFE1FFD7FFD2FF6F
:106F70000000000000000000000000000000000011
:106F8000000000000000000000000000F6FFFFFF0E
:106F90000500FAFFF7FFF5FFFCFF410017000E00A8
:106FA0006E001701B8006D0070008E0180028C0227
:106FB0009801EE01C2010B016C0025001900F0FFE1
:106FC000DCFFD3FFDCFFE6FFF2FF19000B00F6FF4A
:106FD000E3FFD7FFD5FFD3FFD8FFD6FFDFFFE0FFEA
:106FE000D7FFDBFFDBFFD8FFD3FFE0FFDDFFD2FFE2
:106FF0000000000000000000000000000000000091
:10700000000000000000000000000000F5FFFEFF8F
:107010000600FBFFF6FFF7FFF8FF410018000E0027
:107020006A001301B7006E007000880187029202A7
:107030009D01F101C2010F016F0024001800F0FF53
:10704000D9FFD2FFD7FFE3FFEEFF16000900F4FFE0
:10705000DEFFD7FFD4FFD2FFD0FFD6FFDBFFDEFF7E
:10706000D5FFDAFFD8FFD5FFD0FFE0FFDCFFD5FF6B
:107070000000000000000000000000000000000010
:10708000000000000000000000000000F2FFFDFF13
:107090000400FAFFF5FFF5FFFAFF42001A000F00A7
:1070A00071001601B9006E006E008F018502980212
:1070B000A201F901CA010F016E0026001B00F2FFB8
:1070C000DCFFD9FFDBFFE5FFF2FF1B000D00F7FF40
:1070D000E1FFDCFFD6FFD3FFD5FFD7FFDEFFE0FFE8
:1070E000D7FFDCFFD8FFD5FFD3FFE0FFDBFFD4FFE6
:1070F0000000000000000000000000000000000090
:10710000000000000000000000000000F4FF00008C
:107110000600FAFFF7FFF1FFFAFF410018000B002D
:107120006C001201B10066006C00870183028D02C1
:107130009801F401CA010A016A0022001400ECFF60
:10714000D8FFD5FFDAFFE5FFEFFF17000A00F5FFD4
:10715000DFFFD7FFD3FFD1FFD2FFD4FFDEFFDDFF7C
:10716000D4FFDBFFD4FFD6FFD3FFDFFFD7FFD0FF75
:10717000000000000000000000000000000000000F
:10718000000000000000000000000000F4FF00000C
:107190000400FCFFF7FFF5FFFCFF3E001B001000A2
:1071A0006C001601B9006D007000870181028C022D
:1071B0009A01F101C8010E016C0023001900F1FFD2
:1071C000DEFFD7FFDAFFE2FFF2FF18000B00F8FF47
:1071D000E3FFD9FFD3FFD2FFD4FFD4FFE0FFDEFFF0
:1071E000D8FFDEFFDBFFD6FFD1FFE0FFDDFFD5FFDD
:1071F000000000000000000000000000000000008F
:10720000000000000000000000000000F5FFFDFF8E
:107210000800FCFFF6FFF4FFFCFF4400180011001B
:1072200069001301B8006B007000890185028C02AF
:107230009B01F101C50110016D0024001800F0FF51
:10724000DEFFD7FFD9FFE3FFF1FF1A000B00F8FFC5
:10725000E4FFDDFFD7FFD5FFD3FFD8FFDDFFE3FF5E
:10726000D6FFDCFFD9FFD4FFD5FFE0FFDBFFD5FF62
:10727000000000000000000000000000000000000E
:10728000000000000000000000000000F5FFFFFF0C
:107290000300FCFFF2FFF4FFFBFF3F0018000E00AD
:1072A0006E001001B7006B006F0083018002840242
:1072B0009701ED01C4010D016A0022001500ECFFE9
:1072C000DCFFD6FFD9FFE1FFF2FF18000900F6FF4F
:1072D000E0FFD3FFD3FFD3FFD2FFD6FFDAFFDDFFFE
:1072E000D3FFD9FFD7FFD5FFD3FFDEFFD8FFD3FFF2
:1072F000000000000000000000000000000000008E
:10730000000000000000000000000000F5FFFBFF8F
:107310000400FCFFF7FFF6FFF7FF3A0015000C0032
:1073200064000A01AD0062006C007B016E02730212
:107330008B01DD01BC010B0165001D001000EDFF9C
:10734000D9FFD3FFD8FFE3FFECFF11000100F5FFE9
:10735000DFFFD6FFD2FFD4FFD3FFD7FFDCFFDCFF78
:10736000D5FFD8FFD6FFD5FFD0FFDEFFD9FFD2FF74
:10737000000000000000000000000000000000000D
:10738000000000000000000000000000F4FFFCFF0F
:107390000200FCFFF8FFF2FFF8FF400016000D00AE
:1073A0006E001301A9005F006F007B016A0270028A
:1073B0008B01E601C3010101590018000F00ECFF29
:1073C000D9FFD3FFD6FFE2FFEFFF12000600F0FF68
:1073D000E2FFD6FFD5FFD2FFD4FFD6FFDBFFD9FFF8
:1073E000D4FFD7FFD6FFD4FFD3FFDFFFD7FFD2FFF5
:1073F000000000000000000000000000000000008D
:10740000000000000000000000000000F4FFFBFF8F
:107410000400FBFFF4FFF6FFF9FF3D0015000F002D
:107420006E000E01AE0062006A007D016C02750202
:107430008B01DF01BD010301620016000E00EDFFAC
:10744000D8FFD3FFD7FFDFFFECFF11000700F5FFE8
:10745000DDFFD8FFD3FFD1FFD3FFD5FFDDFFDBFF7B
:10746000D5FFD8FFD3FFD3FFD5FFE0FFD7FFD3FF72
:10747000000000000000000000000000000000000C
:10748000000000000000000000000000F4FFFAFF10
:107490000100FDFFF6FFF5FFFDFF3F0016000E00A7
:1074A00063000501AD0064006E00810176027D027B
:1074B0008E01DD01BB010D01670020001300EEFF0E
:1074C000D9FFD4FFD5FFE1FFECFF0F000200F1FF71
:1074D000DDFFD7FFD2FFD1FFD2FFD5FFD9FFDBFF02
:1074E000D6FFD8FFD6FFD5FFD4FFE0FFD6FFD3FFEE
:1074F000000000000000000000000000000000008C
:10750000000000000000000000000000F5FFFEFF8A
:107510000200FEFFF5FFF6FFFDFF3D0017000E0025
:1075200068000801B00064006E0075016B02730210
:107530008601DA01B60109016B0024001400ECFF9A
:10754000DCFFD9FFD8FFDFFFECFF12000100F1FFE5
:10755000E0FFD8FFD6FFD5FFD4FFD6FFDDFFDFFF6A
:10756000D6FFDAFFD7FFD4FFD2FFDEFFDCFFD4FF68
:10757000000000000000000000000000000000000B
:10758000000000000000000000000000F2FFFCFF0F
:107590000500FCFFF6FFF4FFFBFF3D0013000D00AC
:1075A00072001101AC0060006F006A0157025A02BC
:1075B0007701D601AE01010163001C000E00ECFF53
:1075C000DBFFD2FFD7FFE3FFEEFF13000900F2FF5E
:1075D000E0FFD6FFD2FFD2FFD3FFD3FFDCFFDEFFF9
:1075E000D6FFDAFFDAFFD4FFD2FFDBFFD8FFD3FFED
:1075F000000000000000000000000000000000008B
:10760000000000000000000000000000F5FFFCFF8B
:107610000200FBFFF6FFF5FFF9FF3D00150010002B
:1076200072001201AA005D006C0063014F02540257
:107630007501D301AD01F8005D0018001300EAFFE9
:10764000D8FFD6FFD8FFE1FFF3FF16000500EFFFDC
:10765000DEFFDAFFD6FFD2FFD3FFD5FFDCFFDFFF6F
:10766000D6FFDCFFD5FFD4FFD3FFDDFFDAFFD4FF69
:10767000000000000000000000000000000000000A
:10768000000000000000000000000000F4FF010006
:107690000800FEFFF6FFF8FFFCFF3E0017000D009C
:1076A00073001401AC00600073006D0150025202BF
:1076B0007A01D901AC01F9005F0018001100EFFF59
:1076C000DBFFD5FFD7FFE5FFF4FF19000700F3FF4D
:1076D000E3FFD8FFD3FFD1FFD4FFD2FFDDFFDDFFF3
:1076E000D6FFD6FFD9FFD5FFD3FFE1FFDDFFD5FFE2
:1076F000000000000000000000000000000000008A
:10770000000000000000000000000000F3FFFEFF8A
:107710000200FCFFF5FFF6FFFDFF3D0015000F0026
:1077200075001401A8005C006F0066013F0246026C
:107730006F01D201AA01F800590016000C00EBFFFE
:10774000D8FFD7FFD3FFE6FFF1FF15000900F4FFD4
:10775000E2FFD9FFD3FFD6FFD6FFD8FFDFFFDCFF64
:10776000D5FFDCFFD9FFD7FFD5FFDDFFDBFFD6FF5D
:107770000000000000000000000000000000000009
:10778000000000000000000000000000F2FF010007
:1077900006000000F8FFF5FFFAFF3E0017000D009D
:1077A00077000D01A9005A00710064013F024802F0
:1077B0006F01D001AA01FC005B0015000E00EEFF76
:1077C000DBFFD3FFD4FFE6FFF2FF15000600F6FF54
:1077D000DFFFDEFFD5FFD4FFD7FFDBFFDEFFE1FFDA
:1077E000D6FFDCFFD9FFDAFFD5FFE3FFDEFFD7FFCF
:1077F0000000000000000000000000000000000089
:10780000000000000000000000000000F4FF000085
:107810000400FCFFF8FFF3FFFAFF440018000F001C
:1078200077001501AF00620078006E014A02520233
:107830007A01D501B4010601600017000F00EDFFC9
:10784000DCFFD5FFD8FFE4FFF4FF18000A00F9FFC2
:10785000E3FFDDFFD4FFD4FFD5FFD6FFDFFFE0FF5E
:10786000D6FFDAFFD6FFD4FFD5FFDFFFDAFFD4FF64
:107870000000000000000000000000000000000008
:10788000000000000000000000000000F6FFFDFF07
:107890000200FBFFF9FFF5FFFEFF42001900130095
:1078A00073001201AE0061007C00700145024A02C3
:1078B0007701D801B4010A0161001A001400EFFF3A
:1078C000DFFFD8FFD6FFE6FFF5FF16000C00FDFF37
:1078D000E9FFDEFFD7FFD6FFD7FFD9FFE1FFE4FFC7
:1078E000DDFFDCFFDBFFDAFFD5FFE4FFDFFFD7FFC3
:1078F0000000000000000000000000000000000088
:10790000000000000000000000000000F7FFFEFF84
:107910000300FCFFF7FFF8FFFAFF3F00190010001B
:1079200074001101AE00640076007301500256022B
:107930007D01E001B5010601610017001600F2FFAC
:10794000DBFFD7FFD7FFE7FFF6FF1A000E00FAFFB5
:10795000E7FFDBFFDAFFD6FFD7FFD7FFE0FFE2FF4D
:10796000D8FFDEFFDBFFD7FFD6FFE2FFDBFFD6FF4E
:107970000000000000000000000000000000000007
:10798000000000000000000000000000F2FFFFFF08
:107990000600FBFFF3FFF3FFFAFF410016001100A2
:1079A00076001501AC005D0076006D0149025102C0
:1079B0007801DB01B8010601600016001200EDFF3E
:1079C000DDFFD8FFD7FFE5FFF7FF19000B00FBFF36
:1079D000E4FFDBFFD8FFD5FFD5FFD7FFDDFFDEFFDC
:1079E000D5FFDCFFD9FFD6FFD5FFE2FFDAFFD6FFD8
:1079F0000000000000000000000000000000000087
:107A0000000000000000000000000000F5FFFBFF88
:107A10000700FCFFF7FFF7FFFCFF40001A00120011
:107A200075001001AA005E0078006D0147024C024B
:107A30007501D901B40100015D0018001200EFFFCB
:107A4000DEFFD8FFDBFFE4FFF6FF19000A00F9FFB5
:107A5000E5FFDEFFD8FFD5FFDAFFD6FFDDFFDEFF53
:107A6000D9FFE0FFDAFFDAFFD6FFE2FFDDFFD6FF46
:107A70000000000000000000000000000000000006
:107A8000000000000000000000000000F4FFFAFF0A
:107A90000400FBFFF6FFF5FFFDFF3F0017000E009F
:107AA00069000601AE006100740072014B025102D0
:107AB0007A01CF01AA010301610016000E00ECFF5C
:107AC000DCFFD3FFD4FFE2FFF1FF11000500F5FF5B
:107AD000DEFFD8FFD4FFD3FFD3FFD7FFDEFFDDFFEC
:107AE000D5FFD6FFD8FFD3FFD6FFDDFFD7FFD6FFE8
:107AF0000000000000000000000000000000000086
:107B0000000000000000000000000000F4FFFEFF85
:107B10000600FCFFF5FFF2FFFAFF3B001300110027
:107B200066000301AC00610076006B014C02530259
:107B30007901CD01AF010D01600015000F00ECFFD0
:107B4000DDFFD5FFD5FFE1FFEDFF0F000600F4FFDD
:107B5000E0FFD9FFD4FFD2FFD1FFD4FFD8FFDEFF73
:107B6000D4FFD7FFD6FFD8FFD5FFDEFFDAFFD4FF63
:107B70000000000000000000000000000000000005
:107B8000000000000000000000000000F3FFFEFF06
:107B90000500FFFFF6FFF5FFFEFF3E0018000F0097
:107BA00068000701A8005E0074006F014F025402D4
:107BB0007601D201B20106015E0015000F00EEFF52
:107BC000D9FFD4FFD6FFE2FFEFFF12000600F4FF5B
:107BD000E2FFDCFFD6FFD4FFD6FFD7FFDEFFDEFFDC
:107BE000DBFFDCFFDAFFD8FFD5FFDEFFDCFFD5FFD0
:107BF0000000000000000000000000000000000085
:107C0000000000000000000000000000F4FFFDFF85
:107C10000700FCFFF5FFF4FFFBFF3F0013000F0020
:107C20006C000901AB006000740070015002540246
:107C30007901D201B2010901600018000E00EDFFC8
:107C4000D8FFD2FFD4FFE1FFEFFF0E000300F2FFE9
:107C5000DEFFD8FFD5FFD4FFD6FFD4FFDCFFDBFF6C
:107C6000D5FFD8FFD8FFD6FFD2FFE2FFDAFFD4FF5F
:107C70000000000000000000000000000000000004
:107C8000000000000000000000000000F6FFFDFF03
:107C90000500FCFFF8FFF6FFFAFF3A0015000E00A2
:107CA0006A000901AF0062007400720155025C02B3
:107CB0008001DE01B6010601610019001100F0FF2C
:107CC000DAFFD3FFD4FFE1FFEFFF0E000300F3FF65
:107CD000DEFFD8FFD4FFD4FFD5FFD8FFDFFFDFFFE3
:107CE000D5FFDAFFD9FFD6FFD5FFDFFFDBFFD5FFDA
:107CF0000000000000000000000000000000000084
:107D0000000000000000000000000000F4FFFDFF84
:107D10000300FAFFF8FFF6FFFAFF3E0015000E0021
:107D20006E000C01AB00630070006F01580260022E
:107D30008201E601BE0106015F0015001000EDFFA3
:107D4000D8FFD6FFD7FFE0FFECFF10000300F5FFE0
:107D5000DFFFD8FFD4FFD3FFD6FFD6FFE0FFDCFF65
:107D6000D5FFD9FFD7FFD6FFD4FFE0FFDAFFD6FF5C
:107D70000000000000000000000000000000000003
:107D8000000000000000000000000000F5FF0000FF
:107D90000600FDFFF7FFF6FFFDFF3B0017000F0099
:107DA0006A000901AF0063007300730156025902B3
:107DB0007F01DD01B90109015F0017001400EFFF29
:107DC000DDFFD5FFD8FFE3FFEFFF12000600F5FF50
:107DD000E4FFDDFFD6FFD3FFD8FFD8FFE2FFE0FFCF
:107DE000D5FFDBFFDAFFD8FFD5FFE0FFDBFFDAFFCF
:107DF0000000000000000000000000000000000083
:107E0000000000000000000000000000F2FFFCFF86
:107E10000200FEFFF9FFF7FFFBFF3F0015000F0018
:107E20006E000B01AC00600071006B014902520250
:107E30007801DD01BA0109015F0015000F00ECFFB8
:107E4000DAFFD3FFD5FFE0FFEAFF10000500F0FFE7
:107E5000DEFFDBFFD2FFD1FFD5FFD3FFDFFFDEFF69
:107E6000D8FFD9FFDCFFD5FFD5FFDEFFDAFFD2FF59
:107E70000000000000000000000000000000000002
:107E8000000000000000000000000000F6FFFBFF03
:107E90000300FDFFF9FFF7FFFAFF42001B00160089
:107EA00072000E01B10066007900760154025C0296
:107EB0007E01E401C101100161001A001400F1FF0C
:107EC000E1FFD4FFD8FFE6FFF3FF16000900F9FF3A
:107ED000E5FFDCFFD7FFD7FFD4FFD9FFE2FFE5FFC7
:107EE000DAFFDFFFD9FFD9FFD8FFE0FFDAFFD7FFC6
:107EF0000000000000000000000000000000000082
:107F0000000000000000000000000000F2FFFDFF84
:107F10000300FCFFF6FFF3FFFCFF410018000F0019
:107F200070000D01B000620073007601600268020B
:107F30008901E801C501110164001B001500EFFF74
:107F4000DDFFD3FFD6FFE1FFEEFF15000A00F8FFCB
:107F5000E1FFD8FFD4FFD3FFD4FFD6FFDEFFE1FF60
:107F6000D4FFD9FFD9FFD6FFD4FFE3FFDDFFD5FF54
:107F70000000000000000000000000000000000001
:107F8000000000000000000000000000F4FFFBFF04
:107F90000200FCFFF4FFF5FFFCFF43001900100096
:107FA0006E000A01B0006500740078015F02630290
:107FB0008601E501C201110165001B001600F0FFFA
:107FC000DDFFD8FFD9FFE4FFF0FF16000800F8FF3F
:107FD000E2FFDEFFD3FFD4FFD3FFD9FFDEFFDFFFD9
:107FE000DAFFDAFFD6FFD5FFD6FFDEFFDAFFD2FFDA
:107FF0000000000000000000000000000000000081
:10800000000000000000000000000000F5FFFDFF80
:108010000300FAFFF6FFF5FFFCFF43001600100017
:1080200070000C01AF00630078007A016102620207
:108030008001E501C701110165001B001400EFFF7D
:10804000DDFFD6FFD8FFE4FFF3FF16000C00F7FFBB
:10805000E3FFD9FFD4FFD2FFD7FFD7FFE0FFE0FF58
:10806000D7FFDBFFD7FFD6FFD6FFE2FFDAFFD5FF52
:108070000000000000000000000000000000000000
:10808000000000000000000000000000F4FFF8FF06
:108090000400FBFFF5FFF2FFF9FF410015000F00A0
:1080A0006C000B01AD00640078007C0165026A027F
:1080B0008A01E801C701120167001A001400F1FFEC
:1080C000DCFFD6FFD8FFE3FFF1FF16000900F6FF43
:1080D000E0FFD8FFD3FFD1FFD3FFD9FFE0FFDFFFE1
:1080E000D6FFD8FFD8FFD5FFD4FFE2FFD9FFD5FFD9
:1080F0000000000000000000000000000000000080
:10810000000000000000000000000000F4FFFDFF80
:108110000400FAFFF6FFF7FFFAFF440018000F0013
:1081200070000E01B500690078007F0169026C02E1
:108130008901EC01C601120163001D001900F1FF65
:10814000DEFFD7FFD9FFE3FFF0FF13000800F6FFC3
:10815000E1FFDAFFD3FFD3FFD3FFD8FFDBFFE1FF5F
:10816000D6FFDCFFD7FFD6FFD6FFE2FFDDFFD3FF50
:1081700000000000000000000000000000000000FF
:10818000000000000000000000000000F6FFFFFFFC
:108190000600FBFFF6FFF7FFFCFF43001A00140088
:1081A0006C000A01B100640074007A016202670287
:1081B0008601E601C1010F0162001C001900F1FFF8
:1081C000DDFFDAFFD9FFE5FFF1FF14000A00F8FF39
:1081D000E5FFDEFFD5FFD3FFD7FFD9FFE2FFE1FFC9
:1081E000D8FFDCFFDEFFD8FFD7FFE5FFDEFFD5FFBE
:1081F000000000000000000000000000000000007F
:10820000000000000000000000000000F4FFFAFF82
:108210000300FEFFF5FFF5FFFDFF41001800100011
:1082200069000A01AF00670077007D016002650206
:108230008701E401C2010E0165001D001800EFFF77
:10824000DDFFD6FFD9FFE5FFF3FF18000900F5FFBA
:10825000E2FFDCFFD6FFD3FFD6FFD8FFE0FFE1FF50
:10826000D6FFDBFFD9FFD8FFD4FFE2FFDCFFD7FF4B
:1082700000000000000000000000000000000000FE
:10828000000000000000000000000000F5FFFFFFFC
:108290000800FCFFF9FFF7FFFDFF3F001A00130085
:1082A0006E000501B0006400770079015E025F0294
:1082B0008101E001C2011301660019001500F0FF01
:1082C000DFFFD6FFD8FFE7FFF4FF17000800F8FF35
:1082D000E4FFDEFFD8FFD5FFD6FFD7FFE2FFE2FFC6
:1082E000DAFFDFFFD9FFD9FFD8FFE2FFDDFFD7FFBD
:1082F000000000000000000000000000000000007E
:10830000000000000000000000000000F3FFFAFF82
:108310000400FBFFF7FFF4FFFCFF430018000E0012
:1083200075001001A90061007A0077015802590216
:108330008001E601C10106015A0014000E00EFFFA2
:10834000DCFFD4FFD6FFE7FFF3FF17000700F7FFBE
:10835000E3FFD9FFD3FFD2FFD4FFDAFFDFFFDEFF59
:10836000D5FFD7FFDAFFD6FFD3FFDEFFDAFFD1FF5D
:1083700000000000000000000000000000000000FD
:10838000000000000000000000000000F4FFFCFFFF
:108390000500FCFFF6FFF5FFFDFF4400180011008B
:1083A0006D000F01B0006400730079016202660283
:1083B0008301E701C6010D01610019001400F0FFFF
:1083C000DCFFD8FFD7FFE2FFF4FF14000900F7FF3E
:1083D000E3FFD9FFD2FFD2FFD5FFD9FFE0FFDEFFD9
:1083E000D8FFDAFFDAFFD5FFD5FFE1FFD8FFD4FFD2
:1083F000000000000000000000000000000000007D
:10840000000000000000000000000000F3FFFEFF7D
:108410000500FAFFF3FFF4FFFCFF43001600120013
:1084200063000801AF00680076007E0169027502F2
:108430008B01E201BE010E0167001C001600F0FF77
:10844000DDFFD5FFD7FFE3FFF1FF11000500F5FFCA
:10845000E1FFDBFFD7FFD2FFD6FFD8FFE1FFE1FF4F
:10846000DAFFD9FFDCFFD8FFD7FFE0FFDBFFD3FF48
:1084700000000000000000000000000000000000FC
:10848000000000000000000000000000F2FFFEFFFE
:108490000400FFFFF6FFF7FFFAFF43001900120088
:1084A00065000601B400690076007A016402680282
:1084B0008501DF01BB010E016B0025001600EFFFF7
:1084C000DDFFD6FFD8FFDEFFEBFF11000200F5FF56
:1084D000E2FFDAFFD5FFD2FFD5FFD7FFDEFFE1FFD6
:1084E000D8FFDBFFD9FFD6FFD5FFDEFFD9FFD3FFD3
:1084F000000000000000000000000000000000007C
:10850000000000000000000000000000F4FFFFFF7A
:1085100008000000F9FFF5FFFBFF48001C001000F9
:1085200074001401B5006700790078015102560209
:108530007B01DE01B701060163001E001600F4FF97
:10854000DEFFDBFFDDFFE4FFEFFF16000A00F8FFB0
:10855000E6FFDBFFDCFFD5FFD3FFD9FFE0FFE6FF3F
:10856000DAFFE2FFDDFFD9FFD6FFE2FFDCFFD9FF34
:1085700000000000000000000000000000000000FB
:10858000000000000000000000000000F5FFFBFFFD
:108590000400FAFFF8FFF7FFFEFF42001B000F0088
:1085A00075001301AF00640073006F0146024C02B6
:1085B0007401DC01B401050163001A001600F3FF29
:1085C000DFFFD8FFDAFFE9FFF4FF16000A00F8FF2B
:1085D000E4FFDDFFD6FFD6FFD6FFD9FFE2FFE4FFC1
:1085E000D9FFDDFFDCFFD8FFD7FFE4FFDAFFD8FFBC
:1085F000000000000000000000000000000000007B
:10860000000000000000000000000000F6FFFBFF7B
:108610000400FBFFF4FFF6FFFCFF4300180013000B
:108620006E001201AD006200760073014F024E022F
:108630007B01D801B301060164001A001400EFFFAA
:10864000DCFFD6FFD6FFE3FFF0FF16000900F4FFC2
:10865000E4FFDCFFD3FFD6FFD2FFD7FFDFFFE1FF50
:10866000D7FFDCFFDDFFD7FFD5FFE1FFD9FFD6FF46
:1086700000000000000000000000000000000000FA
:10868000000000000000000000000000F5FFFCFFFB
:108690000500FAFFF6FFF7FFFDFF4100180010008C
:1086A00076001501AB0063007A006F0141024302BE
:1086B0007001D601AF01FE005C0017001600F2FF4A
:1086C000DCFFD7FFD9FFE5FFF3FF1B000B00FAFF2C
:1086D000E0FFDDFFD8FFD5FFD7FFD8FFDEFFE0FFCB
:1086E000DAFFDFFFD9FFDAFFD6FFE4FFDCFFD7FFB9
:1086F000000000000000000000000000000000007A
:10870000000000000000000000000000F5FFFFFF77
:108710000300FDFFF8FFF5FFFBFF41001A00120008
:1087200073001401AB00600078006A014202460247
:108730007601D701BA010B0163001B001B00F6FF95
:10874000E0FFD6FFD6FFE6FFF7FF1A000A00FBFFA7
:10875000E3FFDDFFD6FFD3FFD5FFD8FFDFFFE2FF4A
:10876000D6FFE0FFDAFFD8FFD6FFE2FFDDFFD5FF3F
:1087700000000000000000000000000000000000F9
:10878000000000000000000000000000F5FFFCFFFA
:108790000500FEFFF7FFF6FFFCFF44001B00120080
:1087A00079001601AE0061007C006F0146024602AE
:1087B0007901DD01BA010901610019001A00F3FF16
:1087C000DFFFD7FFD6FFE9FFF5FF17000A00FAFF2A
:1087D000E4FFDDFFD5FFD3FFD5FFD8FFE1FFE3FFC7
:1087E000DBFFDDFFD9FFD8FFD6FFE5FFDDFFD8FFB8
:1087F0000000000000000000000000000000000079
:10880000000000000000000000000000F6FFFCFF78
:108810000600FDFFF9FFF5FFFAFF42001700130005
:1088200074000B01A9005E007A00710142023F0250
:108830007001D901B6010A01620019001800F3FFA6
:10884000DEFFD9FFD9FFEBFFF5FF19000A00FCFF9F
:10885000E4FFDDFFDAFFD6FFD6FFDDFFE2FFE2FF38
:10886000D9FFDFFFDBFFD9FFD6FFE2FFDDFFD5FF3A
:1088700000000000000000000000000000000000F8
:10888000000000000000000000000000F5FFFDFFF8
:108890000500FBFFF9FFF4FFFCFF41001900120087
:1088A00073000D01AA005F0077006E0145024502CA
:1088B0007201D701B80107015F0017001700F2FF2E
:1088C000DBFFD4FFD4FFE4FFF4FF12000800F8FF41
:1088D000E4FFDAFFD5FFD2FFD5FFD7FFDEFFDFFFD2
:1088E000DAFFDAFFD5FFD8FFD2FFE0FFD9FFD9FFCB
:1088F0000000000000000000000000000000000078
:10890000000000000000000000000000F7FFFDFF75
:108910000500FBFFF8FFF4FFFDFF45001B00120000
:1089200076001101AC0062007B00700142023F0240
:108930007401DA01B5010501600016001100F0FFB5
:10894000DDFFD8FFD8FFE6FFF6FF15000800F8FFAF
:10895000E4FFDEFFD5FFD2FFD5FFD7FFE1FFE3FF46
:10896000D8FFDAFFDDFFD7FFD9FFE2FFDAFFD7FF3D
:1089700000000000000000000000000000000000F7
:10898000000000000000000000000000F4FFFFFFF6
:108990000500FDFFF7FFF5FFFBFF40001900110088
:1089A00074000F01A4005A007B00700144024002D1
:1089B0007401DA01B50109015E0017001400F3FF2C
:1089C000DDFFD9FFDBFFEAFFF8FF17000900FCFF1E
:1089D000E4FFDFFFD9FFD8FFD7FFDBFFE1FFE6FFB2
:1089E000D9FFE0FFDCFFD8FFD7FFE2FFDDFFD6FFB6
:1089F0000000000000000000000000000000000077
:108A0000000000000000000000000000F5FFFDFF76
:108A10000800FDFFF7FFF5FFFDFF41001B001200FE
:108A200070000B01AB0063007C0076015002500225
:108A30007A01DD01B7010E01650019001900F4FF8C
:108A4000DEFFD8FFD8FFE6FFF2FF17000900FAFFAC
:108A5000E5FFDEFFD8FFD5FFD9FFDAFFE2FFE2FF37
:108A6000D9FFDDFFDCFFD8FFD6FFE6FFDAFFD5FF39
:108A700000000000000000000000000000000000F6
:108A8000000000000000000000000000F3FFFEFFF7
:108A90000200FCFFFAFFF5FFFCFF42001A00120083
:108AA0006B000601B00063007C007601560257029D
:108AB0007E01D901B8010F0164001A001900F2FF0C
:108AC000DEFFD7FFD8FFE5FFF3FF14000A00F6FF33
:108AD000E5FFDCFFD5FFD5FFD5FFD8FFE0FFE0FFC6
:108AE000D9FFDCFFDCFFDAFFD7FFE4FFDEFFD8FFB2
:108AF0000000000000000000000000000000000076
:108B0000000000000000000000000000F5FFFDFF75
:108B10000300FCFFF5FFF4FFFAFF4300180011000B
:108B20006D000C01AE0064007A007401510256021F
:108B30007D01DA01B6010C01600019001200EEFFA0
:108B4000DBFFD8FFD6FFE4FFEDFF11000800F5FFC3
:108B5000E0FFDBFFD3FFD2FFD4FFD6FFDCFFE0FF57
:108B6000D5FFDEFFD8FFD5FFD3FFE0FFDAFFD5FF4B
:108B700000000000000000000000000000000000F5
:108B8000000000000000000000000000F5FFFEFFF4
:108B90000500FAFFF6FFF4FFFAFF4200190011008A
:108BA00069000501B20064007D007A01550252029D
:108BB0007C01D501B501110167001D001700EDFF13
:108BC000DDFFD5FFD7FFE6FFF2FF13000C00F9FF32
:108BD000E4FFDEFFD5FFD5FFD4FFD7FFE1FFE2FFC3
:108BE000DBFFDDFFDBFFD7FFD6FFE0FFDDFFD7FFB9
:108BF0000000000000000000000000000000000075
:108C0000000000000000000000000000F4FFF9FF79
:108C10000200FCFFF5FFF1FFF9FF3D001600110017
:108C20006000FD00AB006000760076015302540244
:108C30007701D401B7010E01610018001400EDFFA7
:108C4000DCFFD5FFD3FFE0FFECFF0B000300F3FFD9
:108C5000E1FFD9FFD4FFD4FFD3FFD7FFDCFFE0FF54
:108C6000D8FFDAFFD9FFD7FFD5FFDEFFDBFFD5FF47
:108C700000000000000000000000000000000000F4
:108C8000000000000000000000000000F5FFFBFFF6
:108C90000300F9FFF7FFF4FFFDFF3E00160011008F
:108CA00064000101A7005E007200760159025A02B9
:108CB0008001DE01B8010B0164001B001800EFFF0A
:108CC000DDFFD2FFD5FFE2FFECFF0C000600F8FF4E
:108CD000E1FFDBFFD6FFD2FFD3FFDAFFDEFFE0FFCD
:108CE000D6FFDBFFD8FFD7FFD4FFE2FFD9FFD5FFC8
:108CF0000000000000000000000000000000000074
:108D0000000000000000000000000000F5FFFAFF76
:108D10000400FDFFF7FFF3FFFCFF3C0016000E0010
:108D20006300FE00A7006000720073015802570242
:108D30007E01DE01B801090162001A001500F1FF91
:108D4000DBFFD5FFD7FFE0FFEEFF0F000400F7FFCA
:108D5000DEFFDAFFD3FFD5FFD2FFD6FFDDFFDEFF58
:108D6000D9FFD9FFDAFFD9FFD7FFDEFFDBFFD7FF3F
:108D700000000000000000000000000000000000F3
:108D8000000000000000000000000000F4FFFBFFF6
:108D90000300FDFFF6FFF4FFFDFF3D0015000F008F
:108DA0006400FC00A7006100760072015A025A02BA
:108DB0007E01D501B5010D0164001A001500F0FF18
:108DC000DCFFD4FFD2FFDEFFEBFF11000400F2FF57
:108DD000DEFFD8FFD1FFD0FFD6FFD5FFDDFFE0FFDC
:108DE000D5FFD8FFD8FFD5FFD5FFE0FFD8FFD3FFD1
:108DF0000000000000000000000000000000000073
:108E0000000000000000000000000000F5FFFBFF74
:108E10000700FCFFF8FFF1FFFAFF3C0013000F0012
:108E20005C00F700A700600073006F015402540259
:108E30007801D201B7010F01640018001300EAFFA6
:108E4000DBFFD2FFD3FFE1FFEAFF0D000300F2FFDB
:108E5000DDFFD9FFD2FFD1FFD2FFD7FFDDFFDCFF5F
:108E6000D5FFD9FFD5FFD5FFD5FFE0FFDAFFD5FF4E
:108E700000000000000000000000000000000000F2
:108E8000000000000000000000000000F5FFFAFFF5
:108E90000100FAFFF6FFF4FFFCFF3D001700110090
:108EA0006100FC00A3005B0074006A0147024C02F1
:108EB0006F01D001AF010B015C0014001100EDFF48
:108EC000DCFFD4FFD3FFDFFFE6FF0A000100F1FF64
:108ED000DFFFD8FFD4FFD3FFD5FFD9FFDAFFDCFFD8
:108EE000D5FFDBFFD7FFD5FFD4FFDEFFDAFFD4FFCE
:108EF0000000000000000000000000000000000072
:108F0000000000000000000000000000F3FFFEFF72
:108F10000200F7FFF6FFF5FFFAFF3C0015000D0019
:108F20006300FA00A1005C0078006F01490247026B
:108F30007101D201B5010A015E0013000D00ECFFC2
:108F4000D9FFD5FFD4FFDFFFEAFF0D000300F2FFDA
:108F5000E0FFD6FFD0FFD3FFD2FFD7FFDDFFDEFF5C
:108F6000D5FFD9FFD6FFD5FFD4FFE1FFDAFFD3FF4E
:108F700000000000000000000000000000000000F1
:108F8000000000000000000000000000F5FFFFFFEF
:108F90000200FEFFF5FFF4FFF9FF4000140012008D
:108FA00066000601AC0060007800750147024902C6
:108FB0007101DC01B8010B01600015001200EFFF28
:108FC000DAFFD4FFD4FFE4FFEDFF10000200F7FF4B
:108FD000DDFFD7FFD5FFD5FFD5FFD6FFDFFFDEFFD3
:108FE000D3FFDBFFD9FFD7FFD4FFE1FFDCFFD4FFC6
:108FF0000000000000000000000000000000000071
:10900000000000000000000000000000F4FFFDFF71
:109010000500FCFFF4FFF6FFFBFF3F0017000D000B
:1090200068000401A4005D0076006F014F024E024B
:109030007B01DA01BE010C01620015001300ECFF98
:10904000D8FFD3FFD6FFE4FFECFF0F000600F6FFCA
:10905000E3FFD9FFD2FFD2FFD5FFD7FFDFFFDDFF50
:10906000D7FFD8FFD8FFD3FFD3FFDDFFD8FFD4FF52
:1090700000000000000000000000000000000000F0
:10908000000000000000000000000000F7FFFCFFEF
:109090000700FCFFFAFFF6FFFBFF3F001B0012007A
:1090A00069000501A70060007900750153025002B4
:1090B0007701DD01BE01100163001A001600EEFF0A
:1090C000DDFFD4FFD6FFE4FFF0FF13000A00F8FF36
:1090D000E4FFDCFFD6FFD4FFD6FFD8FFDFFFE0FFC1
:1090E000DAFFDEFFDCFFD9FFD7FFE6FFDDFFDAFFA7
:1090F0000000000000000000000000000000000070
:10910000000000000000000000000000F5FFFDFF6F
:109110000900FEFFF5FFF6FFFDFF44001A001100F5
:1091200067000501A9005E007A007201570257022C
:109130007E01DD01C0010B01600017001600F2FF87
:10914000DDFFD9FFD9FFE5FFF0FF12000700F6FFB2
:10915000E5FFDFFFD4FFD3FFD3FFDAFFE3FFE5FF37
:10916000D8FFD9FFDCFFD8FFD7FFE1FFDDFFD6FF37
:1091700000000000000000000000000000000000EF
:10918000000000000000000000000000F4FF0000EC
:109190000700FDFFF5FFF3FFFCFF41001700100083
:1091A00066000201AB0063007B00750156025502A8
:1091B0007A01D701BA011401650019001500F0FF0A
:1091C000DDFFD4FFD6FFE2FFEFFF0E000600F4FF45
:1091D000E4FFDCFFD3FFD2FFD3FFD8FFE0FFE0FFC7
:1091E000D6FFD7FFD8FFD5FFD6FFE0FFDAFFD3FFCA
:1091F000000000000000000000000000000000006F
:10920000000000000000000000000000F7FFFDFF6C
:109210000600FDFFF8FFF7FFFAFF3C001600100004
:109220006300F800A6005A00760065014D0247026F
:109230007301CE01BA011001620018001200EEFFA6
:10924000DDFFD6FFD6FFE4FFEEFF0B000000F4FFCA
:10925000E2FFDDFFD6FFD8FFD7FFD9FFDEFFDFFF3C
:10926000D6FFDBFFDAFFD6FFD8FFE3FFDCFFD7FF37
:1092700000000000000000000000000000000000EE
:10928000000000000000000000000000F5FF0000EA
:109290000800FDFFF8FFF5FFFDFF42001900120076
:1092A00070000C01AC0062007F0071014A024702AD
:1092B0007601D601BE010B015E0018001200EEFF20
:1092C000DDFFDAFFDBFFE5FFF2FF10000700F6FF2E
:1092D000E3FFDCFFD6FFD3FFD5FFDAFFDFFFDFFFC1
:1092E000D9FFDDFFD9FFD6FFD5FFE3FFDBFFD6FFB8
:1092F000000000000000000000000000000000006E
:10930000000000000000000000000000F6FFFDFF6C
:109310000300FEFFF6FFF5FFFDFF43001A000E00FD
:109320006A000B01AD00610078007301590253021D
:109330007C01D401B9010F0160001A001600F0FF92
:10934000DEFFD6FFD9FFE7FFF1FF11000600F2FFB5
:10935000E2FFDBFFD6FFD1FFD5FFD9FFE0FFDFFF44
:10936000D7FFDAFFD9FFD6FFD4FFDEFFDCFFD3FF44
:1093700000000000000000000000000000000000ED
:10938000000000000000000000000000F6FFFBFFEE
:109390000500F9FFF6FFF5FFFCFF4300180012007F
:1093A00067000101B2006400810073015802590294
:1093B0007B01CA01B7011A0165001F001700F2FF07
:1093C000DEFFD7FFDAFFE2FFEBFF0E000300F4FF42
:1093D000E2FFDAFFD5FFD2FFD4FFD9FFDFFFE0FFC6
:1093E000D5FFD9FFD9FFD6FFD5FFDFFFDCFFD6FFC2
:1093F000000000000000000000000000000000006D
:10940000000000000000000000000000F5FF000068
:109410000400FDFFF5FFF8FFFEFF42001A001500F3
:109420006C000101AF0063007F0066013E0237025D
:109430006601C301A601110161001A000C00EEFFD4
:10944000DDFFD7FFD7FFE2FFEDFF0A00FFFFF2FFCE
:10945000E3FFD8FFD7FFD5FFD7FFDAFFE0FFDFFF3D
:10946000D7FFE0FFDEFFD9FFD7FFE4FFDDFFD6FF28
:1094700000000000000000000000000000000000EC
:10948000000000000000000000000000F3FFFCFFEF
:109490000600FCFFF6FFF2FFFCFF4200160013007F
:1094A00075000D01AA0058007F005D0139022E02EF
:1094B0005D01BE01AA011001630019001200EDFF59
:1094C000E0FFD7FFD7FFE3FFF1FF0C00FFFFF3FF43
:1094D000E2FFDDFFD7FFD4FFD6FFD8FFDFFFE1FFBC
:1094E000D8FFDBFFDAFFDAFFD6FFE1FFDEFFD7FFB1
:1094F000000000000000000000000000000000006C
:10950000000000000000000000000000F2FFFEFF6D
:109510000600FCFFF4FFF7FFFEFF410017000F00FD
:1095200071001201AC005B007F00610138022A0269
:109530005E01BD019E0102015C0018001100EDFFFB
:10954000DAFFDAFFD8FFE5FFF3FF0E000200F4FFB9
:10955000E2FFDDFFD5FFD5FFD7FFDAFFE0FFE0FF39
:10956000D9FFDDFFDDFFD8FFD6FFDFFFDEFFDAFF2B
:1095700000000000000000000000000000000000EB
:10958000000000000000000000000000F2FFFEFFED
:109590000600FAFFF6FFF7FFFDFF42001800120079
:1095A00073000E01A8005C007E00660137022F02E6
:1095B0005D01B8019E0104015E0018000F00EDFF7F
:1095C000DCFFD8FFD8FFE9FFF2FF0F000200F5FF34
:1095D000E2FFE0FFD9FFD6FFD7FFD9FFE0FFDFFFB3
:1095E000D8FFDFFFE0FFD9FFD6FFE1FFDDFFD8FFA7
:1095F000000000000000000000000000000000006B
:10960000000000000000000000000000F3FFFBFF6E
:109610000700FCFFF9FFF4FFFBFF420018001300F6
:1096200079001201AB0059007F005F0138022F0260
:109630006101BA01A5010B01600017000D00EFFFE9
:10964000DDFFD7FFD8FFE7FFF4FF10000300F4FFB2
:10965000E2FFE0FFD5FFD3FFD5FFD7FFDFFFE0FF3D
:10966000D8FFD8FFDAFFD8FFD7FFE6FFDDFFD8FF2E
:1096700000000000000000000000000000000000EA
:10968000000000000000000000000000F8FFFDFFE7
:109690000400FBFFF6FFF4FFFCFF4100180011007F
:1096A00077001301AA005A008200610130022D02E6
:1096B0006101C101A30105015B0019000E00EFFF6C
:1096C000E1FFD8FFDCFFE9FFF7FF14000800F6FF19
:1096D000E4FFDCFFD7FFD3FFD7FFD9FFE0FFDEFFBA
:1096E000D6FFDCFFD8FFD8FFD7FFE3FFDAFFD6FFB6
:1096F000000000000000000000000000000000006A
:10970000000000000000000000000000F7FFFBFF69
:109710000200FBFFF6FFF4FFFCFF3F0016000E0007
:1097200074001001A30056007A005F012E02290286
:109730005E01B8019F01FE00570011000E00EBFF13
:10974000DEFFD3FFD5FFE1FFF1FF0B000000EEFFCE
:10975000E1FFDFFFD7FFD3FFD5FFD7FFDDFFDEFF40
:10976000D7FFDAFFD8FFDAFFD6FFDEFFD8FFD6FF3C
:1097700000000000000000000000000000000000E9
:10978000000000000000000000000000F4FFF9FFEE
:109790000300FDFFF7FFF6FFFDFF3E0017000E0080
:1097A0006F000B01A200540079005D0134022B020E
:1097B0005D01B1019D010101580013000A00EAFF9B
:1097C000DCFFD8FFD5FFE3FFF1FF0B000200EFFF46
:1097D000E2FFDFFFD7FFD5FFD6FFDAFFDFFFDEFFB7
:1097E000D6FFDEFFDCFFDAFFD6FFDEFFD7FFD5FFB7
:1097F0000000000000000000000000000000000069
:10980000000000000000000000000000F6FF000063
:109810000400FCFFF8FFF6FFFCFF400018001200F8
:1098200072000C01A30055007D005E013202290286
:109830005D01B7019B01FD00570014000B00EEFF16
:10984000DAFFD6FFDBFFE5FFF0FF0B00FFFFF2FFC3
:10985000E0FFDDFFD7FFD4FFD7FFD8FFDDFFDDFF3F
:10986000DBFFDCFFDAFFDAFFD6FFE2FFDCFFD8FF29
:1098700000000000000000000000000000000000E8
:10988000000000000000000000000000F4FFFFFFE7
:109890000400FCFFF7FFF4FFFCFF3C0017000F0083
:1098A0007B0012019F0050007E0054011B02140235
:1098B0005801AF019801F700550012000600EDFFB6
:1098C000E0FFDBFFD9FFE6FFF3FF0B00FFFFF3FF35
:1098D000E4FFDEFFD4FFD6FFD8FFD6FFDEFFDFFFB9
:1098E000D8FFDEFFDEFFD8FFD8FFE3FFE0FFD7FFA2
:1098F0000000000000000000000000000000000068
:10990000000000000000000000000000F4FFFDFF68
:1099100005000100F8FFF8FFFEFF43001A001200E7
:1099200083001C01A800580081005B012A02230269
:109930005F01B6019F01FF00580017000E00EEFF07
:10994000DDFFD9FFDFFFEDFFF7FF11000300F2FF9E
:10995000E9FFE0FFD8FFD5FFD9FFDBFFE1FFDEFF26
:10996000D9FFDDFFE0FFDBFFDAFFE4FFE3FFD8FF15
:1099700000000000000000000000000000000000E7
:10998000000000000000000000000000F5FFFDFFE7
:109990000400FBFFF4FFF5FFFBFF43001900140078
:1099A00078001401A60057007E00600137023202E1
:1099B0006301B7019E010301570019000B00EEFF80
:1099C000E0FFD9FFE0FFE9FFF4FF0F00FFFFF2FF28
:1099D000E6FFE1FFD9FFD3FFD6FFDBFFDFFFDEFFAE
:1099E000D7FFDEFFDCFFDDFFD7FFE3FFDDFFD9FFA1
:1099F0000000000000000000000000000000000067
:109A0000000000000000000000000000F7FFFCFF65
:109A10000300FCFFF7FFF5FF0000420017001100F4
:109A20007C001801A8005A007E00610135022F0257
:109A30006301B801A101FF00570017001000EFFFFC
:109A4000DFFFDDFFDEFFEBFFF8FF0E000100F3FF9D
:109A5000E5FFDFFFDBFFD6FFD9FFDBFFDEFFDFFF28
:109A6000D8FFDCFFDEFFD9FFD9FFE3FFDEFFD8FF21
:109A700000000000000000000000000000000000E6
:109A8000000000000000000000000000F6FFFCFFE6
:109A90000200FDFFF6FFF4FFFDFF410019000E007C
:109AA0007A001801A8005B00800064013D023902C1
:109AB0006B01BF01A501F900590015000D00EFFF72
:109AC000DEFFD8FFDAFFE6FFF7FF0C000300F0FF30
:109AD000E4FFDCFFD9FFD4FFD6FFD7FFE0FFDDFFB7
:109AE000D6FFDDFFDAFFDBFFD9FFE0FFDDFFD6FFAA
:109AF0000000000000000000000000000000000066
:109B0000000000000000000000000000F4FFFDFF66
:109B10000600FBFFF5FFF5FFFAFF430017001000FA
:109B20007B001A01AE005E007D00610142023B0233
:109B30006D01BF01A201F600560016000900EDFFFD
:109B4000D9FFDCFFDCFFE6FFF4FF0F000400ECFFB1
:109B5000E2FFDAFFD7FFD3FFD6FFD5FFDEFFDDFF41
:109B6000D5FFDBFFDAFFD9FFD7FFDFFFDCFFD5FF33
:109B700000000000000000000000000000000000E5
:109B8000000000000000000000000000F3FFF9FFEB
:109B90000300FBFFF6FFF4FFFDFF45001900100076
:109BA0007B001D01AF005E007800600140023B02B7
:109BB0006D01BE01A501F800570017000C00EDFF74
:109BC000DBFFD9FFDEFFE6FFF6FF11000600EBFF2B
:109BD000E3FFE1FFD8FFD5FFD7FFD7FFDDFFDDFFB4
:109BE000D6FFDDFFDFFFD9FFD6FFE2FFD9FFD8FFA9
:109BF0000000000000000000000000000000000065
:109C0000000000000000000000000000F6FFFEFF62
:109C10000300FCFFF5FFF6FFFEFF45001B000F00F1
:109C20007A002001AD005A007D0061013B023C0238
:109C30007001C101A401F000540015000D00F1FFF6
:109C4000DBFFDEFFE1FFE7FFF6FF10000500EDFFA1
:109C5000E4FFDEFFD8FFD5FFD6FFD9FFDBFFDDFF36
:109C6000D8FFDCFFDEFFDCFFD5FFE0FFDBFFD6FF28
:109C700000000000000000000000000000000000E4
:109C8000000000000000000000000000F5FFFCFFE5
:109C90000400FEFFF6FFF6FFFDFF43001B000D0072
:109CA0007A001C01AB005A007600620145024202B4
:109CB0006E01BE01A101EF00520018000C00EFFF81
:109CC000DFFFDAFFDFFFE8FFF8FF0D000300EEFF24
:109CD000E4FFDEFFD7FFD8FFD7FFDAFFE0FFDDFFAD
:109CE000D9FFDFFFDFFFDEFFD9FFE4FFDDFFD9FF94
:109CF0000000000000000000000000000000000064
:109D0000000000000000000000000000F5FFFAFF66
:109D10000600FDFFF6FFF6FFFFFF44001A000C00EF
:109D200076001C01AC005B00780065014C024A0221
:109D30007401C601A501F100550019000E00EFFFE6
:109D4000D9FFDFFFE2FFECFFF8FF11000100F1FF98
:109D5000E5FFDEFFDBFFD9FFD9FFDAFFE1FFE1FF1F
:109D6000D9FFDFFFDEFFDEFFD4FFDEFFDDFFDAFF1E
:109D700000000000000000000000000000000000E3
:109D8000000000000000000000000000F6FFFBFFE4
:109D90000600FDFFF7FFF6FFFDFF410016000D0076
:109DA0007B001F01AA005C00790065014F024D0293
:109DB0007601BF01A101F20055001A000B00F0FF6F
:109DC000DEFFDBFFDFFFE9FFF2FF0C000100ECFF2D
:109DD000E2FFE0FFD4FFD3FFD8FFD9FFE2FFDFFFB0
:109DE000D9FFDCFFDDFFDDFFD7FFE1FFDFFFD7FF9E
:109DF0000000000000000000000000000000000063
:109E0000000000000000000000000000F4FFFEFF62
:109E10000600FDFFF9FFF5FFFEFF40001A000C00F1
:109E200077001B01A4005C007A005F014902470231
:109E30007101BF01A501F100550017000D00EFFFF2
:109E4000DFFFDDFFE2FFE9FFF7FF10000300ECFF9B
:109E5000E6FFDFFFDAFFD7FFDBFFDCFFDFFFDCFF22
:109E6000D9FFDEFFDFFFDAFFDAFFE3FFE0FFD8FF15
:109E700000000000000000000000000000000000E2
:109E8000000000000000000000000000F3FFFBFFE6
:109E90000500FBFFF6FFF5FFFBFF400016000D007D
:109EA00079002001AA00540075005E0140023502CD
:109EB0006B01B6019701E9004F0011000600EBFFAE
:109EC000DAFFD9FFDAFFE6FFEEFF0A00FFFFEAFF45
:109ED000E2FFDDFFD7FFD4FFD9FFD7FFDAFFDAFFBC
:109EE000D5FFD9FFDDFFDAFFD5FFE0FFDAFFD6FFB0
:109EF0000000000000000000000000000000000062
:109F0000000000000000000000000000F8FFFEFF5D
:109F100007000000F6FFF5FFFFFF400016000800F5
:109F20007A002001A60059007500590141023E0245
:109F30007301BB019F01EB00500017000600ECFF0E
:109F4000DEFFDBFFE1FFE9FFF5FF0F000100ECFFA3
:109F5000E7FFDDFFD9FFD6FFD7FFDBFFDCFFDCFF2C
:109F6000D8FFDEFFDFFFDDFFD9FFE3FFDCFFD9FF16
:109F700000000000000000000000000000000000E1
:109F8000000000000000000000000000F5FFFCFFE2
:109F90000300FBFFF6FFF5FFF9FF400015000A0084
:109FA00077001B01A500570075005A013F023F02D0
:109FB0007401B801A001E900520017000800ECFF8D
:109FC000DEFFDEFFE1FFE8FFF4FF0C000200ECFF24
:109FD000E6FFDDFFD8FFD2FFD8FFD8FFDFFFDCFFB1
:109FE000D7FFDEFFE0FFDBFFDAFFDDFFDEFFDAFF9A
:109FF0000000000000000000000000000000000061
:10A00000000000000000000000000000F4FFFCFF62
:10A010000300FEFFF5FFF7FFFBFF420017000900FA
:10A020007D002701AF005A0079005C014202450221
:10A030007B01C501A501EB004D0014000600EBFFFC
:10A04000DDFFDAFFDEFFE6FFF7FF0E000200EDFFA7
:10A05000E1FFDFFFD6FFD5FFD7FFD8FFDBFFD9FF3A
:10A06000D4FFDCFFDBFFDCFFD5FFE0FFDCFFD7FF29
:10A0700000000000000000000000000000000000E0
:10A08000000000000000000000000000F4FFF9FFE5
:10A090000400FDFFF6FFF6FFFBFF430019000C0074
:10A0A00080002801A70059007800580134023602C8
:10A0B0007601B8019C01E8004B0012000500EBFF9F
:10A0C000DEFFDAFFDDFFE6FFF7FF0D000300E8FF2C
:10A0D000E4FFDCFFD4FFD3FFD7FFD8FFDEFFD9FFBB
:10A0E000D7FFD9FFDEFFDAFFD7FFE0FFDDFFD9FFA3
:10A0F0000000000000000000000000000000000060
:10A10000000000000000000000000000F6FFFFFF5C
:10A110000500FAFFF6FFF6FFFCFF3F0016000A00FD
:10A1200080002901A9005700730057013E023B023D
:10A130008001C201A401E8004E0015000800EBFFF9
:10A14000DCFFDCFFE2FFE4FFF8FF0F000200ECFFA2
:10A15000E3FFDDFFD8FFD1FFD5FFD9FFDDFFDCFF37
:10A16000D7FFDBFFD9FFD7FFD6FFE0FFDCFFD6FF2D
:10A1700000000000000000000000000000000000DF
:10A18000000000000000000000000000F4FFFCFFE1
:10A190000500FBFFF6FFF2FFF9FF4200190009007E
:10A1A0007B002901AD00590075005E014C024D0293
:10A1B0008301C301A501E6004F0015000500EAFF79
:10A1C000D9FFDDFFE2FFE5FFF6FF11000300EAFF24
:10A1D000E2FFDAFFD6FFD3FFD8FFD5FFDBFFDCFFBE
:10A1E000D4FFDBFFDBFFDAFFD6FFDCFFDBFFD6FFB0
:10A1F000000000000000000000000000000000005F
:10A20000000000000000000000000000F4FFFBFF61
:10A210000600FBFFF8FFF5FFFBFF410015000B00F8
:10A2200077002101AF005F007500630161025F02EA
:10A230007B01BE01A101E90052001B000800EAFFFA
:10A24000D8FFDCFFDFFFE3FFEFFF0800FCFFE8FFC4
:10A25000E2FFDAFFD5FFD1FFD1FFD4FFDCFFDDFF46
:10A26000D4FFDAFFDFFFD9FFD8FFDFFFDAFFD6FF29
:10A2700000000000000000000000000000000000DE
:10A28000000000000000000000000000F5FFFBFFE0
:10A290000200FBFFF6FFF5FFFFFF4200140009007C
:10A2A00080002901AC0058007700540144024002AC
:10A2B0007601B8019A01E5004C0017000700EBFF9A
:10A2C000D7FFDCFFDFFFE6FFF4FF0900FCFFEAFF3A
:10A2D000E6FFD6FFD6FFD2FFD7FFD6FFD9FFD9FFC3
:10A2E000D6FFD7FFDEFFDAFFD5FFDFFFDAFFD8FFAB
:10A2F000000000000000000000000000000000005E
:10A30000000000000000000000000000F5FFFAFF60
:10A310000600FDFFF7FFF6FFFBFF410019000800F4
:10A3200087003601A6005300760047011A021B027F
:10A330007401B4019001E300520019000300E6FF2C
:10A34000DDFFE0FFE0FFE8FFFDFF13000500ECFF8D
:10A35000E7FFDEFFDBFFD5FFD6FFD6FFDBFFDCFF2D
:10A36000D8FFDBFFDBFFDAFFD6FFDFFFDAFFDAFF24
:10A3700000000000000000000000000000000000DD
:10A38000000000000000000000000000F5FFFBFFDF
:10A390000200FDFFF7FFF5FFFBFF4100140008007E
:10A3A00086003001A7005400740047011F022002FC
:10A3B0007001AE018901DF00520018000700EBFFB9
:10A3C000DFFFE2FFE3FFE7FFF8FF0D000000ECFF17
:10A3D000E4FFDCFFD5FFD5FFD6FFD7FFDCFFDDFFB5
:10A3E000D4FFDCFFDEFFDCFFD7FFDEFFDBFFD7FFA4
:10A3F000000000000000000000000000000000005D
:10A40000000000000000000000000000F3FFFAFF61
:10A410000500FDFFF5FFF6FFFBFF3F0014000A00FB
:10A4200084002E01A900560070004E0131022F0257
:10A430007301B4018E01DB00500016000400ECFF34
:10A44000DCFFDFFFDFFFE6FFF7FF1200FFFFE8FFA3
:10A45000E4FFDBFFD9FFD5FFD6FFD9FFD9FFDDFF32
:10A46000D6FFD9FFDCFFDCFFDBFFE2FFDEFFD8FF1A
:10A4700000000000000000000000000000000000DC
:10A48000000000000000000000000000F5FFFEFFDB
:10A490000700FDFFF7FFF5FFFBFF430019000A006F
:10A4A00088003B01AB0058007400540132023402B2
:10A4B0007C01BE018E01D6004B0018000600EDFFA6
:10A4C000DDFFDFFFE2FFE8FFFAFF10000700EEFF0D
:10A4D000E6FFDDFFD8FFD4FFD7FFD6FFDBFFDCFFB1
:10A4E000DAFFDCFFE0FFDEFFD8FFE0FFDFFFDDFF8C
:10A4F000000000000000000000000000000000005C
:10A50000000000000000000000000000F4FFF9FF60
:10A510000600FCFFF6FFF5FFFAFF410013000800FC
:10A5200084003501AA0054006E0052012D0232024F
:10A530007B01B7019101DA004F0018000500EAFF26
:10A54000D9FFE1FFE1FFECFFFBFF12000700EDFF89
:10A55000E7FFDBFFD7FFD6FFD8FFD7FFDEFFDDFF2A
:10A56000D6FFDAFFDCFFDCFFD8FFE0FFDDFFD8FF1E
:10A5700000000000000000000000000000000000DB
:10A58000000000000000000000000000F4FFFDFFDC
:10A590000500FCFFF6FFF5FFFBFF3F00150006007E
:10A5A00085003201A70058006F0057013E023C02AF
:10A5B0007F01BB019301D4004E0013000500EBFFA7
:10A5C000DEFFE0FFE3FFE8FFF7FF16000400EFFF08
:10A5D000E3FFDDFFD7FFD5FFD6FFD6FFDEFFDEFFAF
:10A5E000DBFFDBFFDDFFD8FFDCFFDFFFDDFFDAFF96
:10A5F000000000000000000000000000000000005B
:10A60000000000000000000000000000F4FFFCFF5C
:10A610000200FDFFF7FFF5FFF9FF410018000900F8
:10A620007C002E01AA005E006B005E014802490218
:10A630008101BE019501D6004E001A000600ECFF14
:10A64000DAFFE0FFE4FFE9FFF7FF12000800ECFF8C
:10A65000E5FFDCFFD5FFD5FFD5FFD8FFDBFFDAFF35
:10A66000D8FFD9FFDEFFDAFFD7FFDFFFDCFFD9FF1E
:10A6700000000000000000000000000000000000DA
:10A68000000000000000000000000000F4FFFDFFDB
:10A6900008000100F6FFF5FFFCFF3D00190009006E
:10A6A00081003201AC005A006C005F014702450294
:10A6B0008201BF019401D4004C0014000500EDFF9D
:10A6C000D9FFDFFFE1FFE8FFF7FF10000400ECFF18
:10A6D000E5FFDBFFD5FFD4FFD8FFD6FFDCFFDDFFB2
:10A6E000D5FFD9FFDDFFDAFFD7FFE0FFDDFFDBFF9E
:10A6F000000000000000000000000000000000005A
:10A70000000000000000000000000000F2FFFEFF5B
:10A710000400FDFFF5FFF3FFF8FF3E001300050006
:10A7200082003001A70059006600520138023D0244
:10A730008301BB019301D0004A0013000100E9FF2F
:10A74000DBFFDCFFDFFFE4FFF5FF11000600E8FFA1
:10A75000E4FFD9FFD6FFD3FFD5FFD8FFDBFFD8FF3B
:10A76000D7FFDBFFD9FFD6FFD7FFDCFFDCFFD7FF2A
:10A7700000000000000000000000000000000000D9
:10A78000000000000000000000000000EFFFFCFFE0
:10A790000200FAFFF5FFF5FFFBFF3F001500070081
:10A7A00085003901AD005C0068005801460249028D
:10A7B0008A01C4019901D6004C0015000100EAFF8E
:10A7C000DBFFDFFFE2FFE7FFF8FF13000600EDFF0E
:10A7D000E4FFDAFFD3FFD5FFD5FFD4FFD9FFDAFFBF
:10A7E000D4FFD8FFDAFFDAFFD6FFDCFFDBFFD6FFAE
:10A7F0000000000000000000000000000000000059
:10A80000000000000000000000000000F6FFFFFF55
:10A810000200FCFFF5FFF2FFF8FF3F001500090002
:10A8200081003A01B0005E006B005E0151025402EB
:10A830008B01C5019A01D3004D0018000700E9FF04
:10A84000D9FFDBFFE0FFE4FFF6FF11000400E7FFA4
:10A85000E2FFD8FFD6FFD1FFD6FFD6FFD9FFD9FF41
:10A86000D7FFD8FFDAFFD9FFD9FFDDFFDAFFD6FF28
:10A8700000000000000000000000000000000000D8
:10A88000000000000000000000000000F5FFFCFFD9
:10A890000500FCFFF9FFF5FFFDFF3D001700090073
:10A8A0007E002F01AC005D00660065015D02610263
:10A8B0008B01C6019B01CF004E0017000000E9FF8D
:10A8C000DBFFE1FFE2FFE5FFF3FF0D000100EAFF20
:10A8D000E2FFDBFFD4FFD4FFD4FFD7FFDCFFDEFFB6
:10A8E000D7FFD9FFDEFFD8FFD7FFDBFFDDFFD8FFA3
:10A8F0000000000000000000000000000000000058
:10A90000000000000000000000000000F2FFFEFF59
:10A910000500FBFFF9FFF3FFFCFF3E0019000800F4
:10A9200080003001AD005E006900620167026502CF
:10A930009101CD01A001D70052001C000800EDFFDD
:10A94000DCFFE4FFE1FFE5FFF4FF10000500E9FF95
:10A95000E4FFD8FFD8FFD3FFD6FFD4FFD7FFDDFF3A
:10A96000D6FFDBFFDBFFD9FFD7FFE0FFDFFFD8FF1C
:10A9700000000000000000000000000000000000D7
:10A98000000000000000000000000000F5FFF9FFDB
:10A990000200FCFFF5FFF5FFFEFF3D001900060079
:10A9A0007D003501B2005F0066006401690270023B
:10A9B0009401D001A201D40052001D000600ECFF5A
:10A9C000D9FFDFFFE2FFE4FFF4FF12000600E8FF1B
:10A9D000E4FFD9FFD5FFD3FFD3FFD5FFD6FFD7FFC5
:10A9E000D5FFD7FFD9FFD8FFD4FFDCFFDAFFD5FFB3
:10A9F0000000000000000000000000000000000057
:10AA0000000000000000000000000000F3FFFEFF57
:10AA10000600FEFFF8FFF5FFFAFF3E0019000500F3
:10AA20007E002D01AE005F006900660166026C02C7
:10AA30009501CC019D01D20053001A000900EDFFE1
:10AA4000DAFFDEFFE5FFE7FFF5FF13000900ECFF8B
:10AA5000E7FFDBFFD6FFD3FFD8FFD7FFDCFFE0FF28
:10AA6000DAFFDBFFDCFFDCFFD8FFE0FFDFFFD9FF11
:10AA700000000000000000000000000000000000D6
:10AA8000000000000000000000000000F6FFFAFFD8
:10AA90000600FCFFF7FFF3FFFBFF3E0016000A0075
:10AAA00081003401AF0061006A006B0169026D0230
:10AAB0009A01D501A801D50052001B000500EBFF4B
:10AAC000DBFFE1FFE3FFE5FFF8FF17000900EBFF05
:10AAD000E5FFD7FFD4FFD2FFD8FFD4FFD9FFD9FFBE
:10AAE000D4FFD7FFDBFFD9FFD8FFDFFFDDFFD6FFA5
:10AAF0000000000000000000000000000000000056
:10AB0000000000000000000000000000F4FFFCFF57
:10AB10000500FAFFF6FFF4FFFCFF420015000400F9
:10AB20007E003501AB0061006500680172027202AF
:10AB30009A01D401A601D3004F001A000200EAFFD7
:10AB4000DAFFDEFFE2FFE4FFF1FF13000800ECFF95
:10AB5000E2FFD8FFD4FFD2FFD5FFD3FFD7FFDDFF41
:10AB6000D4FFD6FFDFFFD8FFD8FFDDFFDDFFD8FF22
:10AB700000000000000000000000000000000000D5
:10AB8000000000000000000000000000F6FFFDFFD4
:10AB90000500FBFFF6FFF5FF01004000170009006C
:10ABA00086003701B200620068006B017202760213
:10ABB0009B01D601A801D5004F001D000600EDFF46
:10ABC000DEFFDFFFE4FFEAFFF3FF11000900EBFF08
:10ABD000E3FFDAFFD6FFD4FFD6FFD4FFDAFFDDFFB5
:10ABE000D9FFDAFFDDFFDBFFD8FFDDFFD9FFD7FF9D
:10ABF0000000000000000000000000000000000055
:10AC0000000000000000000000000000F4FFFCFF56
:10AC10000700FBFFF6FFF6FFFCFF430017000600EE
:10AC200080003101B1005E006A006B01770276029C
:10AC30009901D101A701D40050001A000500E6FFD8
:10AC4000D8FFDDFFE3FFE6FFF4FF11000500E9FF99
:10AC5000E3FFDBFFD7FFD5FFD7FFD4FFD9FFDBFF33
:10AC6000D5FFD7FFDDFFD9FFDAFFDFFFDBFFD4FF22
:10AC700000000000000000000000000000000000D4
:10AC8000000000000000000000000000F5FF0100CF
:10AC90000600FAFFF6FFF5FFFBFF4200180009006F
:10ACA00080003301B40069006E006F017C027C02F9
:10ACB0009901D601A901DC00540020000800EAFF38
:10ACC000DBFFDCFFE3FFE6FFF2FF0E000300EBFF1C
:10ACD000E0FFDCFFD5FFD4FFD2FFD4FFD9FFDDFFBB
:10ACE000D4FFD7FFDDFFDAFFD6FFDFFFDFFFD5FFA1
:10ACF0000000000000000000000000000000000054
:10AD0000000000000000000000000000F5FFFDFF53
:10AD10000500FDFFF7FFF5FFFCFF3C0017000800F2
:10AD200073002101A900610066006A0173027202CA
:10AD30008801C7019C01D4004E001A000900EAFFF7
:10AD4000D6FFDCFFE3FFE4FFEFFF0E000500E9FFA5
:10AD5000E0FFDAFFD6FFD2FFD7FFD7FFDCFFDBFF34
:10AD6000D8FFD9FFDBFFD9FFD9FFDCFFDDFFD6FF1E
:10AD700000000000000000000000000000000000D3
:10AD8000000000000000000000000000F5FFFCFFD4
:10AD90000300FAFFF8FFF4FFFBFF440019000A006C
:10ADA00079003001B50062006D0071017A0279020C
:10ADB0009401D501A601DF0053001F000E00EDFF36
:10ADC000DBFFE0FFE4FFE7FFF4FF12000900ECFF08
:10ADD000E4FFDEFFD6FFD4FFD6FFD5FFDAFFDFFFAB
:10ADE000D8FFD7FFDFFFDCFFD7FFDCFFDEFFD7FF99
:10ADF0000000000000000000000000000000000053
:10AE0000000000000000000000000000F5FFFFFF50
:10AE10000700FDFFF7FFF6FFFDFF3C0013000700F2
:10AE20007D002B01A70057006A005E0158025B02FB
:10AE30008701C8019C01D400490014000100E9FF0A
:10AE4000DDFFDFFFE2FFE3FFF3FF0C000200E9FF9D
:10AE5000E4FFD7FFD6FFD6FFD5FFD6FFDAFFD5FF39
:10AE6000D3FFDBFFDCFFD9FFD8FFDCFFDBFFD9FF1F
:10AE700000000000000000000000000000000000D2
:10AE8000000000000000000000000000F4FFFFFFD1
:10AE90000300F8FFF6FFF4FFFCFF3E00170006007A
:10AEA00078002701A8005A006A0064016202630268
:10AEB0008A01CD01A501D6004C001300FFFFE9FF78
:10AEC000DAFFDAFFDEFFE4FFF2FF13000200E6FF25
:10AED000E0FFD9FFD5FFD2FFD4FFD5FFD7FFD8FFC2
:10AEE000D3FFD8FFD9FFD8FFD3FFDBFFD9FFD6FFB1
:10AEF0000000000000000000000000000000000052
:10AF0000000000000000000000000000F2FFFBFF56
:10AF10000400FAFFF7FFF5FFFAFF3D0014000700F9
:10AF20007B002501A500570065005E0161025E02FD
:10AF30008B01CC01A101D4004D001300FFFFE5FF00
:10AF4000D8FFDCFFDCFFE1FFF2FF0D000200E8FFAD
:10AF5000DFFFD6FFD5FFD1FFD3FFD4FFD7FFDBFF45
:10AF6000D4FFD6FFD7FFD7FFD6FFDAFFD8FFD4FF35
:10AF700000000000000000000000000000000000D1
:10AF8000000000000000000000000000494E4600E4
:10AF9000696E66004E414E006E616E0030003031C9
:10AFA0003233343536373839414243444546003030
:10AFB000313233343536373839616263646566005F
:10AFC000496E66696E697479004E614E005245455E
:10AFD0004E54206D616C6C6F63207375636365659F
:10AFE000646564002F6275696C642F676E752D74DB
:10AFF0006F6F6C732D666F722D73746D33325F31AA
:10B00000312E332E72656C312E323032333039317D
:10B01000322D313630302F7372632F6E65776C6945
:10B02000622F6E65776C69622F6C6962632F73742F
:10B03000646C69622F64746F612E630042616C6C92
:10B040006F632073756363656564656400232D30E9
:10B050002B2000686C4C00656667454647002F62F0
:10B0600075696C642F676E752D746F6F6C732D66C8
:10B070006F722D73746D33325F31312E332E7265E2
:10B080006C312E32303233303931322D313630306E
:10B090002F7372632F6E65776C69622F6E65776CA4
:10B0A00069622F6C6962632F7374646C69622F6DBF
:10B0B000707265632E6300000080E03779C34143FE
:10B0C000176E05B5B5B89346F5F93FE9034F384D0E
:10B0D000321D30F94877825A3CBF737FDD4F1575BA
:10B0E000000000000000F03F0000000000002440CD
:10B0F00000000000000059400000000000408F40A8
:10B10000000000000088C34000000000006AF84012
:10B110000000000080842E4100000000D012634136
:10B120000000000084D797410000000065CDCD41AC
:10B13000000000205FA00242000000E8764837428D
:10B14000000000A2941A6D42000040E59C30A2422B
:10B150000000901EC4BCD64200003426F56B0C43A0
:10B160000080E03779C3414300A0D8855734764347
:10B1700000C84E676DC1AB43003D9160E458E143A8
:10B18000408CB5781DAF154450EFE2D6E41A4B441D
:10B1900092D54D06CFF08044F64AE1C7022DB54462
:10B1A000B49DD9794378EA440500000019000000F5
:10B1B0007D0000004300504F534958002E000020EE
:10B1C0002020202020202020282828282820202057
:10B1D0002020202020202020202020202020208807
:10B1E000101010101010101010101010101010046B
:10B1F00004040404040404040410101010101010BB
:10B2000041414141414101010101010101010101AE
:10B2100001010101010101010101101010101010C4
:10B22000424242424242020202020202020202027E
:10B23000020202020202020202021010101020009A
:10B2400000000000000000000000000000000000FE
:10B2500000000000000000000000000000000000EE
:10B2600000000000000000000000000000000000DE
:10B2700000000000000000000000000000000000CE
:10B2800000000000000000000000000000000000BE
:10B2900000000000000000000000000000000000AE
:10B2A000000000000000000000000000000000009E
:10B2B0000000000000000000000000000000002C62
:10B2C0002066756E6374696F6E3A200061737365F2
:10B2D0007274696F6E2022257322206661696C6525
:10B2E000643A2066696C6520222573222C206C69E3
:0CB2F0006E65202564257325730A00009C
:08B2FC009C59FD7F01000000D8
:04B30400D501000867
:04B30800B101000887
:10B30C0000093D00010000001000000000000000DA
:10B31C0003000000BC07022000000000BC07022054
:10B32C00240802208C08022000000000000000000D
:10B33C000000000000000000000000000000000001
:10B34C0000000000000000000000000000000000F1
:10B35C0000000000000000000000000000000000E1
:10B36C000000000018000020430000000000000056
:10B37C0000000000000000000000000000000000C1
:10B38C00000000000000000043000000000000006E
:10B39C0000000000000000000000000000000000A1
:10B3AC00000000000000000043000000000000004E
:10B3BC000000000000000000000000000000000081
:10B3CC00000000000000000043000000000000002E
:10B3DC000000000000000000000000000000000061
:10B3EC00000000000000000043000000000000000E
:10B3FC000000000000000000000000000000000041
:10B40C0000000000000000004300000000000000ED
:10B41C000000000000000000000000000000000020
:10B42C0000000000000000004300000000000000CD
:10B43C000000000000000000000000000000000000
:10B44C00000000000000000025860008DD850008D3
:10B45C0000000000BEB10208BCB10208FAB202083A
:10B46C00FAB20208FAB20208FAB20208FAB20208F8
:10B47C00FAB20208FAB20208FAB20208FAB20208E8
:10B48C00FFFFFFFFFFFFFFFFFFFFFFFFFFFF0000BE
:10B49C000100415343494900000000000000000036
:10B4AC000000000000000000000000000000000090
:10B4BC000000415343494900000000000000000017
:10B4CC000000000000000000000000000000000070
:04B4DC00000000006C
:040000050800127964
:00000001FF
